time_s,signal_uv,event
0.0,0.7820391434555478,0
0.002,-4.756732731778832,0
0.004,9.64724371598281,0
0.006,-4.686792466850714,0
0.008,6.75160852740671,0
0.01,-4.278392265969034,0
0.012,1.8015007867905353,0
0.014,6.678451890280006,0
0.016,3.6863560846218277,0
0.018,8.038866361181837,0
0.02,-0.1571341336828153,0
0.022,-0.46821917198802654,0
0.024,4.857122992029815,0
0.026,-4.68112313614953,0
0.028,1.9188404003360344,0
0.03,-0.5473604755385121,0
0.032,-1.1179864492383158,0
0.034,3.960285054618674,0
0.036,-2.2625746827333946,0
0.038,2.6979317444466537,0
0.04,8.707270789473622,0
0.042,9.611175587614241,0
0.044,7.8517619152817755,0
0.046,-0.6775492577948736,0
0.048,11.822530769868006,0
0.05,1.0540652764619138,0
0.052,0.47062034905130273,0
0.054,-2.3214952581822352,0
0.056,-5.648742343210539,0
0.058,7.835173242802938,0
0.06,-13.934292320785808,0
0.062,4.984152766691056,0
0.064,0.3585959859148574,0
0.066,0.6779456468479379,0
0.068,0.6004254581423798,0
0.07,1.9986133072889458,0
0.072,2.655255569303916,0
0.074,2.9985069036782592,0
0.076,4.997066261810828,0
0.078,4.066251128086977,0
0.08,-0.98920447766662,0
0.082,4.751466890588883,0
0.084,-5.075036706019506,0
0.086,2.967800430388667,0
0.088,-5.5267632539836145,0
0.09,6.691054317761809,0
0.092,0.9859472518115315,0
0.094,-2.709851705183999,0
0.096,-5.064125144052517,0
0.098,7.675064377378339,0
0.1,-2.23676126779299,0
0.102,7.318312233508814,0
0.104,-5.424054826115974,0
0.106,-1.4713576391056769,0
0.108,6.073141641889722,0
0.11,-8.257102273273496,0
0.112,-9.573870395440963,0
0.114,-4.783312775594055,0
0.116,-8.34963192328719,0
0.118,5.676499572835455,0
0.12,6.0625539955711885,0
0.122,3.0141672029460627,0
0.124,9.805144532846986,0
0.126,-1.8902025785350403,0
0.128,-2.416815437817204,0
0.13,-1.904256647975401,0
0.132,-0.8643112233520709,0
0.134,3.3604192615429955,0
0.136,2.551441119568581,0
0.138,-11.560079533591894,0
0.14,-4.754757562498694,0
0.142,0.6906823817028934,0
0.144,-5.038113350263335,0
0.146,6.579011113582958,0
0.148,0.4202799218519906,0
0.15,-2.9915200389617174,0
0.152,-0.48000261107654574,0
0.154,-0.31507187978509316,0
0.156,-2.4291949530722117,0
0.158,0.1245829754882809,0
0.16,2.925606064359906,0
0.162,-3.080071675672053,0
0.164,4.687167179799367,0
0.166,3.4997757157622607,0
0.168,-3.4967463008088364,0
0.17,-2.2279980896566167,0
0.172,-7.694769850024211,0
0.174,-1.6845668656052402,0
0.176,4.055289411619914,0
0.178,3.090090846347336,0
0.18,3.232191813834386,0
0.182,5.379812119609811,0
0.184,-0.4956615595446606,0
0.186,6.076275459935461,0
0.188,-3.4376646444779313,0
0.19,0.2543689952021658,0
0.192,0.1396560217024802,0
0.194,15.207530514296169,0
0.196,-4.250559823065374,0
0.198,-7.320828595145753,0
0.2,-9.169906649199639,0
0.202,0.8408574325446917,0
0.204,5.143894372559695,0
0.206,4.3671595289057,0
0.208,3.129310046803087,0
0.21,-4.214957297277368,0
0.212,-6.517823731263852,0
0.214,7.047081778484307,0
0.216,-2.98706993420367,0
0.218,-1.5479495779592707,0
0.22,3.406764502424804,0
0.222,-4.887791289815091,0
0.224,-7.673655965749015,0
0.226,6.217807756220405,0
0.228,-0.4540800890046995,0
0.23,-2.2890465835072518,0
0.232,1.531959574259091,0
0.234,6.928232697575927,0
0.236,-0.9253155378440852,0
0.238,0.7841903065865558,0
0.24,5.288548201099558,0
0.242,-6.235441182266211,0
0.244,-0.004528638950752421,0
0.246,3.021614514870099,0
0.248,-9.52385338675236,0
0.25,-3.253809916559259,0
0.252,-3.1971832030610776,0
0.254,8.689865537895752,0
0.256,-1.6003069561093017,0
0.258,-6.04668737355616,0
0.26,-4.555784149904867,0
0.262,2.5820829717282185,0
0.264,-4.0354711359847535,0
0.266,4.229572125348601,0
0.268,6.848884810717603,0
0.27,-0.5002143126154702,0
0.272,-1.1039858102746085,0
0.274,-3.344236298286529,0
0.276,-1.5656873189065346,0
0.278,-2.117890049000077,0
0.28,-2.705535377432417,0
0.282,-6.671862170186699,0
0.284,1.075752329166483,0
0.286,-2.2094158328454356,0
0.288,-0.14593839959042093,0
0.29,-0.22774707713369474,0
0.292,1.0097422756057577,0
0.294,-1.606702804345492,0
0.296,3.39245775233083,0
0.298,2.155480690503708,0
0.3,-4.763769552095231,0
0.302,0.5610881778566323,0
0.304,3.4470924857168104,0
0.306,0.8668860227557268,0
0.308,10.264230133570342,0
0.31,-10.89089383183996,0
0.312,-3.0529861068051876,0
0.314,-7.074337615646849,0
0.316,3.470904940593196,0
0.318,-5.149976848905443,0
0.32,3.1570308264210603,0
0.322,-4.3669218922294775,0
0.324,-0.12545024044103512,0
0.326,-6.4569897713380335,0
0.328,-13.316000772727467,0
0.33,3.745223323129812,0
0.332,4.970185267168227,0
0.334,4.317935593179334,0
0.336,-5.664598441383508,0
0.338,-14.23539433031846,0
0.34,0.8407789100461174,0
0.342,0.4492439866970356,0
0.344,-7.206022207144707,0
0.346,-8.131122309073161,0
0.348,1.3806623040291677,0
0.35,-7.646410032124536,0
0.352,4.574474001906274,0
0.354,0.7907936053026996,0
0.356,-4.8599178033299575,0
0.358,0.9323845890878351,0
0.36,-3.2133514176129396,0
0.362,-1.1932132476190944,0
0.364,2.663813716469919,0
0.366,2.2956814311415235,0
0.368,-4.706082824136165,0
0.37,3.924363601150259,0
0.372,-1.7699522841070578,0
0.374,-0.2795860328516637,0
0.376,-2.630833692555691,0
0.378,-5.397564843092132,0
0.38,5.088026228688291,0
0.382,-2.204474474471601,0
0.384,0.3639284466362813,0
0.386,1.0605200617175583,0
0.388,-5.640537702561054,0
0.39,3.7026861642605082,0
0.392,1.2840401395688525,0
0.394,-4.054425178145641,0
0.396,4.616314048881556,0
0.398,-1.4817175460804077,0
0.4,6.097581022291992,0
0.402,7.81489382134329,0
0.404,-6.3433048745872505,0
0.406,-3.7537193405190328,0
0.408,-1.0648859083300164,0
0.41,8.779739347300957,0
0.412,-3.5896740652032517,0
0.414,-1.587844082571316,0
0.416,-5.935269336685277,0
0.418,-0.4197310862863113,0
0.42,-5.647037745861674,0
0.422,2.7898873438638483,0
0.424,1.349025360030605,0
0.426,-7.393420272276342,0
0.428,1.471063779510236,0
0.43,0.31400774593773917,0
0.432,-8.21306680366681,0
0.434,-0.7016115350561463,0
0.436,-0.9871815271658506,0
0.438,8.776527466069595,0
0.44,-0.18673817874867907,0
0.442,1.750806312462858,0
0.444,-2.776224511491703,0
0.446,1.0356755610428772,0
0.448,-0.3216735644642657,0
0.45,2.3896375300356714,0
0.452,-9.49106147869571,0
0.454,3.390141095344053,0
0.456,-0.3252357592515142,0
0.458,2.9357906951311956,0
0.46,8.16142194168041,0
0.462,5.603796908703627,0
0.464,0.057843090917804055,0
0.466,-10.545098190971544,0
0.468,1.0329130858600446,0
0.47,3.2985317764556292,0
0.472,0.5644952630552494,0
0.474,5.795043249342945,0
0.476,-5.646811883359829,0
0.478,-5.326010889638582,0
0.48,-2.8827308553580706,0
0.482,-3.9110933031931143,0
0.484,1.492967025467119,0
0.486,-4.068634846960794,0
0.488,3.3171875008994305,0
0.49,-5.2675314127501585,0
0.492,-1.4339863668468156,0
0.494,-6.756465347951925,0
0.496,-6.544669949168273,0
0.498,-7.935062022231037,0
0.5,-7.138055064208294,0
0.502,0.9216285883577293,0
0.504,-5.905555229066332,0
0.506,6.223597579098069,0
0.508,-3.269843885896181,0
0.51,7.041513823841148,0
0.512,1.3259068862659293,0
0.514,1.207831943207447,0
0.516,-1.437155656915616,0
0.518,-0.19465599086397006,0
0.52,-6.635613237800775,0
0.522,-2.036834326263162,0
0.524,-0.5238838859182817,0
0.526,1.10128260633255,0
0.528,-3.1824969600338706,0
0.53,3.9258618666643548,0
0.532,-0.5582764225274935,0
0.534,-3.4449366066684197,0
0.536,13.144458525941296,0
0.538,-4.221157268721178,0
0.54,0.0004769795473961303,0
0.542,3.2476503725892463,0
0.544,-5.372188592615484,0
0.546,-2.5843774908951356,0
0.548,-3.227635149410527,0
0.55,0.6848777702584481,0
0.552,3.5650059404901295,0
0.554,-7.568364278034697,0
0.556,6.350029651826594,0
0.558,4.5375801164124,0
0.56,3.85441264168445,0
0.562,6.260574108190121,0
0.564,-2.1274205802266817,0
0.566,-5.024131841735803,0
0.568,-6.176030492119357,0
0.57,10.148940147505382,0
0.572,0.22166692552368916,0
0.574,15.423145600108759,0
0.576,9.126709968306791,0
0.578,-2.983759411621514,0
0.58,-1.6657857282485045,0
0.582,-3.0165081314182234,0
0.584,-0.46354220714250716,0
0.586,-1.2873388866535806,0
0.588,-13.785197131427225,0
0.59,3.3622384109566568,0
0.592,7.222194374773273,0
0.594,-0.9370866044678712,0
0.596,-1.2200118757703027,0
0.598,-4.3666474255046435,0
0.6,1.6668025893892693,0
0.602,-6.461533918304844,0
0.604,9.813326923679472,0
0.606,3.9034189163231927,0
0.608,7.696728633922013,0
0.61,5.042495962011655,0
0.612,2.1345093364823238,0
0.614,-8.30582339982422,0
0.616,-0.7988353810156407,0
0.618,-4.176338453652886,0
0.62,0.32030532439588816,0
0.622,-7.208908097496528,0
0.624,15.379285186945115,0
0.626,1.5632082131841267,0
0.628,2.5138085776347867,0
0.63,1.26077298228915,0
0.632,-5.8452913048701625,0
0.634,1.3350522170908867,0
0.636,-5.1143092132994745,0
0.638,-6.56797210361878,0
0.64,6.282307725072153,0
0.642,0.4397327480321667,0
0.644,3.6139147724228886,0
0.646,0.28352287702491746,0
0.648,-0.33300456266555595,0
0.65,-3.8758397533088034,0
0.652,-5.622768114751283,0
0.654,-1.0489385987130218,0
0.656,-9.729549434165554,0
0.658,-0.3231626466193126,0
0.66,-1.8273013986392572,0
0.662,2.53328475487986,0
0.664,-2.48833247361876,0
0.666,3.1234211137795636,0
0.668,-6.806494156218425,0
0.67,10.842335929555304,0
0.672,8.948705842524182,0
0.674,2.5708335632263073,0
0.676,-6.089022676619989,0
0.678,-6.378831149321918,0
0.68,-2.9514454373088315,0
0.682,0.2794373589164684,0
0.684,4.707457083707979,0
0.686,5.457713312428667,0
0.688,2.782841245966519,0
0.69,-11.771230893954405,0
0.692,1.0834994354166207,0
0.694,1.1980367582559341,0
0.696,-1.2234413003986657,0
0.698,-3.692187337253526,0
0.7,0.423691062436437,0
0.702,-10.294932453576422,0
0.704,0.1301234629543031,0
0.706,-2.4683910295598617,0
0.708,-3.5120033763005902,0
0.71,3.6109646479307242,0
0.712,2.3943004335040583,0
0.714,4.864035582086542,0
0.716,5.236401821566432,0
0.718,-7.294512078180534,0
0.72,-0.1132699651419783,0
0.722,-4.650854947870188,0
0.724,-5.846443018383405,0
0.726,8.563621712019735,0
0.728,6.500136706352357,0
0.73,-4.078876470882513,0
0.732,-2.3596332834883214,0
0.734,-11.125410911394184,0
0.736,-5.744982275636728,0
0.738,-1.257090710062696,0
0.74,-1.1233661699120072,0
0.742,-3.5803649039080327,0
0.744,3.462685732438296,0
0.746,-1.1694370058901353,0
0.748,10.312061076850725,0
0.75,2.1476445222578917,0
0.752,-1.0023079703150373,0
0.754,-2.2749558288929617,0
0.756,9.369113935198484,0
0.758,-0.8586064506500114,0
0.76,1.705868732837672,0
0.762,-5.502283012164725,0
0.764,0.6610366218256208,0
0.766,2.420509722329029,0
0.768,-1.6686702111889462,0
0.77,-0.794803721024283,0
0.772,-4.656140313257125,0
0.774,1.0052000560217556,0
0.776,-8.661703870518076,0
0.778,4.386033488821216,0
0.78,-3.257486679162816,0
0.782,-0.09214492798796188,0
0.784,0.7007200039480287,0
0.786,-3.589696979027455,0
0.788,3.1333453972458076,0
0.79,5.156350824740381,0
0.792,-4.351629112812106,0
0.794,14.305184084579833,0
0.796,5.431262608285108,0
0.798,-3.631895799167964,0
0.8,-3.761113146572886,0
0.802,10.589478167785733,0
0.804,2.9721555170869336,0
0.806,5.932450479231335,0
0.808,7.361867699661957,0
0.81,-2.739470440897481,0
0.812,-3.255801604944439,0
0.814,-4.205311748962177,0
0.816,-5.331076424537083,0
0.818,-5.46098923346495,0
0.82,-8.697740897937042,0
0.822,2.0729006905820517,0
0.824,-7.376047404622711,0
0.826,-2.788290849898712,0
0.828,-1.4465533125315193,0
0.83,-8.068561149209616,0
0.832,0.9899822816433483,0
0.834,-7.427883591962052,0
0.836,-6.041564046759958,0
0.838,12.402227449339343,0
0.84,-10.743581561316656,0
0.842,11.984067967872296,0
0.844,2.52511389728741,0
0.846,-10.323925957747619,0
0.848,8.128627965221447,0
0.85,8.939604071753292,0
0.852,0.5709945683069533,0
0.854,2.1946834267684783,0
0.856,-7.832432931755037,0
0.858,0.11562018335638567,0
0.86,4.733163370057333,0
0.862,-4.838255153664029,0
0.864,3.0793996816931943,0
0.866,12.001818485708228,0
0.868,6.408536142301428,0
0.87,-1.6464722342203022,0
0.872,2.566712001055896,0
0.874,6.256329247922068,0
0.876,5.68136754694658,0
0.878,-5.246657335971379,0
0.88,2.9575042378913845,0
0.882,4.263071274506081,0
0.884,-5.998799493791911,0
0.886,-0.29755348896331113,0
0.888,-2.71767789882093,0
0.89,-1.2749881875728923,0
0.892,6.774762263334752,0
0.894,2.5561510674668373,0
0.896,-1.51850884685077,0
0.898,-5.355539322272545,0
0.9,-0.024119165039790183,0
0.902,4.250373474191867,0
0.904,0.420404665298797,0
0.906,-11.047619448195368,0
0.908,1.9563784306455385,0
0.91,-8.024349433016638,0
0.912,-4.593134048031651,0
0.914,3.8682333234945308,0
0.916,0.36059444816762837,0
0.918,1.4320100756758183,0
0.92,1.6511000528977804,0
0.922,-1.082754679348121,0
0.924,-3.285864775783093,0
0.926,2.801297108140478,0
0.928,9.438907731564395,0
0.93,0.08825475019925423,0
0.932,4.946459808963517,0
0.934,2.501533305724142,0
0.936,5.9556395803748625,0
0.938,-4.931163960209753,0
0.94,1.4492362849504932,0
0.942,3.264444328087833,0
0.944,1.1222547632181559,0
0.946,-2.1385282926797804,0
0.948,0.6229466403695108,0
0.95,-7.0571425430773544,0
0.952,2.6958502208891972,0
0.954,2.202962183338491,0
0.956,0.5423930148111297,0
0.958,4.435474029296815,0
0.96,-9.564145733218252,0
0.962,3.1458206005777036,0
0.964,-2.576595596812799,0
0.966,5.264969558797623,0
0.968,1.9908858165624241,0
0.97,-5.192212362273036,0
0.972,13.087189992269867,0
0.974,2.6498528167428335,0
0.976,-7.3046150754261845,0
0.978,1.1576694383575599,0
0.98,-4.751130949586076,0
0.982,6.6427286346899646,0
0.984,-2.225909087999088,0
0.986,8.437762642391816,0
0.988,1.6994050408789647,0
0.99,7.017784334981906,0
0.992,8.537055822971029,0
0.994,-3.2249684621928085,0
0.996,0.4504123187324028,0
0.998,-1.3655142638656121,0
1.0,2.5152386919676304,1
1.002,0.7124743494712722,0
1.004,-3.059414590801564,0
1.006,0.9474045714213521,0
1.008,-2.6913511470842564,0
1.01,1.8366935426012618,0
1.012,-4.242595295714855,0
1.014,-3.080397377602474,0
1.016,5.897887944378357,0
1.018,1.124287077329899,0
1.02,4.877381086373758,0
1.022,-5.058199321118458,0
1.024,5.807139929832699,0
1.026,4.505343265095465,0
1.028,-3.563820854905725,0
1.03,-5.1290622067372995,0
1.032,3.008245423446029,0
1.034,-0.7238545380202611,0
1.036,-7.15804244775728,0
1.038,-1.3111681431739195,0
1.04,2.889284219581638,0
1.042,3.086115743923109,0
1.044,1.304662540981959,0
1.046,-0.708189264307089,0
1.048,-13.983351035966797,0
1.05,13.280312176573759,0
1.052,-7.246759160713247,0
1.054,-0.4431262164463095,0
1.056,-4.498961049571422,0
1.058,10.425862541245001,0
1.06,-3.7528028815926446,0
1.062,-1.1165514314894984,0
1.064,-0.2708221234914905,0
1.066,5.614905539766237,0
1.068,-2.8115569542960124,0
1.07,-3.1431843960530883,0
1.072,-3.1405798202959674,0
1.074,-4.370191895778319,0
1.076,-5.825898976544401,0
1.078,-5.536257764640695,0
1.08,-0.3575567738726404,0
1.082,-5.167029508392478,0
1.084,-8.191083513498166,0
1.086,-11.547220754010425,0
1.088,-2.9387418713139946,0
1.09,-0.7863421261509944,0
1.092,-1.2802243713535906,0
1.094,-3.7416471645700122,0
1.096,-8.987011367967742,0
1.098,-16.455912877522813,0
1.1,-13.230631581914833,0
1.102,-2.765917657796573,0
1.104,-18.17118981709918,0
1.106,-2.218747696014174,0
1.108,-1.9541236585260866,0
1.11,-10.802637853984159,0
1.112,9.015431045355317,0
1.114,-11.572258860053687,0
1.116,4.646133022529269,0
1.118,4.527434360908272,0
1.12,-4.937279621931145,0
1.122,-5.155508596688155,0
1.124,-4.767116197295072,0
1.126,2.4857546178905303,0
1.128,-8.726649606063386,0
1.13,1.371818534280422,0
1.132,3.1589200153448873,0
1.134,3.517165116172251,0
1.136,-5.375364240191667,0
1.138,7.024738456223265,0
1.14,-5.01932207170683,0
1.142,-1.8175800623412568,0
1.144,2.5198912489504326,0
1.146,-0.189189898523898,0
1.148,6.457844987479929,0
1.15,4.484505328531246,0
1.152,2.671163853164482,0
1.154,7.158732998163355,0
1.156,4.484183945903313,0
1.158,2.1838764213570823,0
1.16,6.75620417026592,0
1.162,-7.44136247892224,0
1.164,6.5976691987069,0
1.166,3.930627615824418,0
1.168,4.607010801065911,0
1.17,8.654047662624683,0
1.172,-0.40357252441212355,0
1.174,5.420922378493119,0
1.176,5.979536728087581,0
1.178,14.341509973183026,0
1.18,1.8949306286192065,0
1.182,8.202280994829906,0
1.184,3.1082318064174004,0
1.186,7.962492781665198,0
1.188,7.3370883456537,0
1.19,-0.35548391027929505,0
1.192,0.7835909629718918,0
1.194,11.088252275876151,0
1.196,5.562263364394023,0
1.198,11.067608377659727,0
1.2,5.554165045892649,0
1.202,0.7335671160441422,0
1.204,4.781058881791004,0
1.206,14.259394557709458,0
1.208,2.9451388373403424,0
1.21,15.65772158703835,0
1.212,6.107495149905526,0
1.214,9.23869095711034,0
1.216,1.0211966865968884,0
1.218,4.280902681142135,0
1.22,1.3568145207167381,0
1.222,4.255401257649138,0
1.224,0.8806141848471958,0
1.226,1.8541345949027717,0
1.228,7.699546668904208,0
1.23,6.341503395167277,0
1.232,5.988989633077748,0
1.234,6.291424606080149,0
1.236,-0.6179049688772604,0
1.238,1.9458965000925232,0
1.24,13.782551945525196,0
1.242,6.249241315999841,0
1.244,6.269447098020201,0
1.246,11.115282950695748,0
1.248,12.72002351911236,0
1.25,11.823906098660428,0
1.252,4.33391115287994,0
1.254,16.592668870065857,0
1.256,4.294135543405249,0
1.258,5.105511741054083,0
1.26,6.25206914654968,0
1.262,13.470821475559966,0
1.264,4.348827954065599,0
1.266,-0.7263237779932492,0
1.268,2.4666495927009584,0
1.27,-0.8569988319163646,0
1.272,0.3691396006023915,0
1.274,5.838324148293803,0
1.276,-4.190501347578873,0
1.278,-4.795279805061336,0
1.28,7.823013595317411,0
1.282,3.3857842105787928,0
1.284,-6.115088084302835,0
1.286,7.2048427548712635,0
1.288,7.8393245778565,0
1.29,5.751528939339044,0
1.292,-0.32597782980546386,0
1.294,-1.6490255301863919,0
1.296,6.887908125565875,0
1.298,7.366273336171701,0
1.3,2.5921442954765483,0
1.302,-0.20003138864455616,0
1.304,-4.435790467376221,0
1.306,0.34503623308541853,0
1.308,4.204701485151505,0
1.31,7.386419733674814,0
1.312,5.4578104715532865,0
1.314,-2.0334092336850618,0
1.316,-12.98222229744419,0
1.318,6.765205864828176,0
1.32,4.099244081374955,0
1.322,3.866629227117959,0
1.324,10.345348442810334,0
1.326,4.7125476410047975,0
1.328,1.4307296915927628,0
1.33,-9.280580534212087,0
1.332,-0.2436258697247633,0
1.334,4.4238635838384965,0
1.336,2.618495965108848,0
1.338,2.088743525285133,0
1.34,2.982174298665793,0
1.342,1.680006174668698,0
1.344,-3.612581188312027,0
1.346,-0.2626468942714081,0
1.348,5.390764409960389,0
1.35,4.743242794845284,0
1.352,4.061329868869609,0
1.354,-5.440003067095051,0
1.356,0.8467887846308655,0
1.358,-0.7304847677674,0
1.36,4.632243068247691,0
1.362,-4.948906705699364,0
1.364,-0.6182793971633277,0
1.366,4.703200939939581,0
1.368,4.193716408796918,0
1.37,-4.966745898856108,0
1.372,-2.797024513876914,0
1.374,1.1192063071636598,0
1.376,4.243873722200808,0
1.378,9.439531566301465,0
1.38,0.7124596273966423,0
1.382,7.037786774108977,0
1.384,-0.7921559044147981,0
1.386,-2.691548677830715,0
1.388,3.9311322782269165,0
1.39,2.048509548810061,0
1.392,-7.042651184043849,0
1.394,-5.939759008258052,0
1.396,-3.650614054961363,0
1.398,-1.4729941017503063,0
1.4,-10.699867209715556,0
1.402,0.321138113030568,0
1.404,4.068438290985763,0
1.406,8.644561855408945,0
1.408,-1.3765566068875426,0
1.41,-1.4681571676392338,0
1.412,7.9024745796550775,0
1.414,-4.355228875714407,0
1.416,0.32197972457888957,0
1.418,-5.4187594515760455,0
1.42,0.4389994862914857,0
1.422,3.833405457906139,0
1.424,2.149584085364806,0
1.426,-1.8623789760496028,0
1.428,-1.7214412929564713,0
1.43,-8.179778502472818,0
1.432,-4.269281060302316,0
1.434,-0.34465094260882184,0
1.436,-0.5507736385615992,0
1.438,9.888980228500358,0
1.44,-0.4673722925792869,0
1.442,-0.17618598510847427,0
1.444,2.24385896932532,0
1.446,-2.10105477526745,0
1.448,-5.847168104888549,0
1.45,-3.3048373386458314,0
1.452,-1.690403848338373,0
1.454,-0.42069202603539285,0
1.456,-2.197558740421615,0
1.458,-6.250815043034184,0
1.46,-1.7574363748121937,0
1.462,1.0595764616243752,0
1.464,-2.3201649188660762,0
1.466,8.822561272535447,0
1.468,-2.961287297439744,0
1.47,-4.220669813818518,0
1.472,-5.118987131355129,0
1.474,4.7856796413903675,0
1.476,5.847614148898005,0
1.478,4.170563721077524,0
1.48,0.3648415942938165,0
1.482,0.09570864698071871,0
1.484,4.0236267409046045,0
1.486,-3.3208789558978338,0
1.488,-1.7341427146486827,0
1.49,-0.8503796317422484,0
1.492,0.15993459494456688,0
1.494,11.168202386937471,0
1.496,-9.870750209723408,0
1.498,-4.909844199968686,0
1.5,5.383823329772273,0
1.502,-0.36956179577283504,0
1.504,-0.6505257890040655,0
1.506,3.3219520138200154,0
1.508,-4.378491118941844,0
1.51,2.1084000844463175,0
1.512,-1.6076238368774907,0
1.514,2.300516013105211,0
1.516,-4.197177217710286,0
1.518,-0.6264558982834908,0
1.52,6.081472792728804,0
1.522,4.750018724476007,0
1.524,6.772987752156951,0
1.526,-2.4041101304366257,0
1.528,1.7954832955914117,0
1.53,-0.12031361402016484,0
1.532,-11.100073514793863,0
1.534,2.718746501834314,0
1.536,-4.542344617256608,0
1.538,0.6562980402156101,0
1.54,-6.114566581718558,0
1.542,-0.07659451849566458,0
1.544,-9.844543546801075,0
1.546,10.966819601619255,0
1.548,0.6093430004954898,0
1.55,0.558529562514806,0
1.552,-2.543335048860345,0
1.554,-5.07835954792703,0
1.556,-0.5069710011563605,0
1.558,0.20367595045662873,0
1.56,10.776578559433736,0
1.562,-0.843981385096514,0
1.564,-0.9694780862449172,0
1.566,0.767076141689689,0
1.568,10.918923511652045,0
1.57,-7.780141810249729,0
1.572,-0.4468474624579657,0
1.574,1.7261658073739785,0
1.576,-6.726658160005343,0
1.578,1.332619517608687,0
1.58,-1.719580256882265,0
1.582,-2.310699258393542,0
1.584,5.665472653405075,0
1.586,-5.066461072666928,0
1.588,-6.702923981134977,0
1.59,-3.943859626128272,0
1.592,-1.0352242704347032,0
1.594,1.9223981046996426,0
1.596,1.4010636626837731,0
1.598,-8.778121116391615,0
1.6,1.2397885917706573,0
1.602,-1.2491226821185688,0
1.604,0.5941045933040872,0
1.606,-7.421724522094732,0
1.608,-1.6879686548325847,0
1.61,-3.4988796395634725,0
1.612,-6.405893288933439,0
1.614,2.380107107547315,0
1.616,-0.09640031340506038,0
1.618,1.5552531764372515,0
1.62,2.3767350620325938,0
1.622,1.1651982796395866,0
1.624,-3.884984784312111,0
1.626,-6.765693728008061,0
1.628,-8.110560901520698,0
1.63,7.209181969278542,0
1.632,3.2814395936062035,0
1.634,0.14243348655994312,0
1.636,2.534028930950469,0
1.638,10.808898344706826,0
1.64,-0.5185232479221438,0
1.642,3.7175365546398504,0
1.644,4.444371970432735,0
1.646,3.270389282092413,0
1.648,1.0794599561253246,0
1.65,-4.778872121155577,0
1.652,-2.5694673278470903,0
1.654,-2.169751818440708,0
1.656,3.5511437017484067,0
1.658,-1.3952978390142687,0
1.66,-3.494148483908975,0
1.662,0.4406031936415127,0
1.664,2.001848911495651,0
1.666,1.862759078409075,0
1.668,2.579909529103761,0
1.67,-2.7548965164838393,0
1.672,-7.606208320056563,0
1.674,-8.635229172227394,0
1.676,7.069646746953261,0
1.678,4.0161628613217735,0
1.68,-1.5008519279919696,0
1.682,6.061962935134243,0
1.684,0.8163238856629158,0
1.686,-5.575183946539829,0
1.688,1.0040331484725242,0
1.69,-3.151066945392155,0
1.692,0.04127511770847781,0
1.694,-3.7015438659893984,0
1.696,-8.88111811003622,0
1.698,1.9497851373952535,0
1.7,-6.918688179103942,0
1.702,4.905115752741205,0
1.704,-4.362588727590707,0
1.706,1.0121868215746097,0
1.708,3.4348469603839193,0
1.71,-2.2814447020347988,0
1.712,-10.626930512051862,0
1.714,-7.9305719576799625,0
1.716,-5.025022100215248,0
1.718,-2.8933252425369087,0
1.72,-0.47288984371802223,0
1.722,-4.704803164637079,0
1.724,-7.649859696134539,0
1.726,-0.6355663873749264,0
1.728,2.549441434756633,0
1.73,-0.35336703573176254,0
1.732,-1.678996523146633,0
1.734,-11.22324529261075,0
1.736,-1.9265436517719352,0
1.738,-4.253307035433331,0
1.74,-1.3513738819095436,0
1.742,-2.699720747932171,0
1.744,5.2467234994069205,0
1.746,-10.99390576561818,0
1.748,1.398396182306029,0
1.75,0.1589648752594338,0
1.752,-5.172955988041414,0
1.754,-6.631294355638459,0
1.756,1.5392976034667707,0
1.758,-7.188016943244638,0
1.76,-6.925630209501795,0
1.762,-0.28544573522722894,0
1.764,-5.225223857847453,0
1.766,3.362047220386759,0
1.768,0.3421684742422717,0
1.77,-2.7389542144246786,0
1.772,-7.383726007442194,0
1.774,-1.3690470771582086,0
1.776,5.477147905765813,0
1.778,0.17435190748961055,0
1.78,-2.0376493139877367,0
1.782,-7.7116688826962445,0
1.784,1.5850735613800033,0
1.786,-0.10494661472718206,0
1.788,3.6966910981335745,0
1.79,5.381973364167848,0
1.792,4.464818966643146,0
1.794,4.682332039848839,0
1.796,-5.4058680713451075,0
1.798,-4.402499727535812,0
1.8,-2.1090688534130733,0
1.802,-13.11637056268241,0
1.804,-2.787722314362573,0
1.806,7.473372987102317,0
1.808,8.777767549266555,0
1.81,2.178924984393183,0
1.812,0.8192606057098455,0
1.814,1.6859283418605873,0
1.816,0.6742101601860946,0
1.818,0.5771994244871892,0
1.82,-4.731398588830719,0
1.822,2.2211767032123393,0
1.824,5.993717159493391,0
1.826,8.337339359323185,0
1.828,-0.2906731184247131,0
1.83,-2.843811660222739,0
1.832,3.2843866584060124,0
1.834,-4.722214664432495,0
1.836,-4.568881567528567,0
1.838,-1.612222407521217,0
1.84,0.3293137471265328,0
1.842,-7.787818090302269,0
1.844,-2.28297628040352,0
1.846,-9.326102665970936,0
1.848,-5.026885626567572,0
1.85,-0.4605990122379159,0
1.852,-0.16843727895138066,0
1.854,0.03103111220151241,0
1.856,3.743568358533423,0
1.858,3.3689196466097764,0
1.86,6.696952105322307,0
1.862,-7.802157826288444,0
1.864,0.7938089335154453,0
1.866,-7.793414209370169,0
1.868,-5.026447857580782,0
1.87,10.583744051421625,0
1.872,0.2891706117642039,0
1.874,10.865672794085588,0
1.876,-3.1053300382290905,0
1.878,4.742145630240529,0
1.88,6.211652356255652,0
1.882,-4.064484020429681,0
1.884,-7.317540583808187,0
1.886,13.319704690894355,0
1.888,0.3995680111682458,0
1.89,5.355222438820324,0
1.892,3.089339939315433,0
1.894,-5.518994848592852,0
1.896,-1.352856858596379,0
1.898,6.091621723392972,0
1.9,2.3557165151168107,0
1.902,1.546714662652135,0
1.904,1.8090060606017349,0
1.906,-5.555828693770314,0
1.908,0.4316576343253918,0
1.91,2.7278977812169636,0
1.912,-6.663357745217972,0
1.914,-1.146909967793547,0
1.916,2.404032576103446,0
1.918,5.12671074113114,0
1.92,1.5314799945444713,0
1.922,-2.6650257037824785,0
1.924,1.4128462287429173,0
1.926,-5.5049764437291,0
1.928,5.150024665601223,0
1.93,7.484096522009093,0
1.932,5.47792881292696,0
1.934,-4.525334605945509,0
1.936,-7.7986169592347965,0
1.938,-8.076933603091108,0
1.94,-0.505956791751711,0
1.942,5.922302024589287,0
1.944,8.715990238318286,0
1.946,0.2549848735753247,0
1.948,7.983074261586681,0
1.95,-6.44773858073099,0
1.952,-3.449386269322584,0
1.954,-4.450720742121784,0
1.956,3.1830352014687557,0
1.958,-1.3881969279742299,0
1.96,-6.870317284973164,0
1.962,3.351556313828431,0
1.964,3.071938577591513,0
1.966,-4.914363829570074,0
1.968,-2.4413322245628426,0
1.97,-3.9781905457777635,0
1.972,0.24692721690376962,0
1.974,-10.795759479804799,0
1.976,-3.858915616301946,0
1.978,-11.472109295578178,0
1.98,2.990363136530812,0
1.982,-2.6913495735473747,0
1.984,0.6247257116002839,0
1.986,-2.4248765650956767,0
1.988,0.8010945597363419,0
1.99,-10.489165632897022,0
1.992,-1.2769075998702706,0
1.994,14.024871351990472,0
1.996,-12.810664769334103,0
1.998,8.535255893482681,0
2.0,-1.743479742248451,1
2.002,5.53466276510393,0
2.004,-3.3916662527091384,0
2.006,-13.580607106056195,0
2.008,10.242256762706768,0
2.01,-10.365146443568138,0
2.012,-0.5618048136213784,0
2.014,-3.64703408382492,0
2.016,3.12111425198096,0
2.018,-0.38284888756591945,0
2.02,4.497725740124916,0
2.022,-1.5184423058258458,0
2.024,-7.583368299233033,0
2.026,-7.549422292289971,0
2.028,4.310932637022417,0
2.03,-6.8838109863942565,0
2.032,-2.5079843517277904,0
2.034,1.1434224839267244,0
2.036,4.339353358735954,0
2.038,-5.960296405635986,0
2.04,13.550766557673494,0
2.042,0.8489567538339717,0
2.044,-1.6401945873497648,0
2.046,-8.962483796212632,0
2.048,3.394081062606131,0
2.05,0.763307298305749,0
2.052,3.8047714880053474,0
2.054,0.4559714487231177,0
2.056,2.4606060063472195,0
2.058,-0.250199037039729,0
2.06,1.2186996959710865,0
2.062,0.8792243913057782,0
2.064,-1.066459115275245,0
2.066,6.932706216861543,0
2.068,-0.7331105103581961,0
2.07,-1.62602988447109,0
2.072,2.7126087322098598,0
2.074,-2.5846008264617844,0
2.076,-3.9538537605076467,0
2.078,-13.793683753471836,0
2.08,-1.7306602045766746,0
2.082,-3.2534575784739324,0
2.084,-1.150224442698771,0
2.086,-9.031853684119275,0
2.088,-8.336546729539652,0
2.09,-0.8134221865839009,0
2.092,0.1196156209848076,0
2.094,-2.9782389817836226,0
2.096,-8.418261682778764,0
2.098,-0.12746498827389185,0
2.1,2.279320251568454,0
2.102,-3.8939605681063907,0
2.104,-3.4434276215484076,0
2.106,-10.958924215833182,0
2.108,-6.686571175962291,0
2.11,-3.302681723006864,0
2.112,2.9319940824045947,0
2.114,3.272792302553971,0
2.116,3.021970558096206,0
2.118,7.804805561463253,0
2.12,6.23108707766764,0
2.122,-7.80371103121386,0
2.124,5.6993582736162605,0
2.126,-4.798058327945315,0
2.128,-6.095799466353428,0
2.13,5.802705596305448,0
2.132,0.3353733711285267,0
2.134,-1.9488023378472044,0
2.136,-10.778887893674156,0
2.138,-2.4275709699610513,0
2.14,3.2325115946039613,0
2.142,-6.5548302066233095,0
2.144,3.6107656495712677,0
2.146,-5.281023644077374,0
2.148,3.843696277729171,0
2.15,6.936458156598421,0
2.152,-3.6903627824760306,0
2.154,-8.060454202639152,0
2.156,2.4322430560135677,0
2.158,-1.2893927926795183,0
2.16,7.660001093769512,0
2.162,-3.3198602170943734,0
2.164,6.000173932195582,0
2.166,4.072801516823345,0
2.168,-1.517011770628243,0
2.17,8.383104495733978,0
2.172,8.036407562073919,0
2.174,-0.16082140884655605,0
2.176,12.611141006813213,0
2.178,1.7640771071778008,0
2.18,8.21235170952673,0
2.182,4.462130896275837,0
2.184,3.2922241531014214,0
2.186,10.623502618399016,0
2.188,2.3268604284214964,0
2.19,10.872881097118581,0
2.192,10.9413517145269,0
2.194,7.065433841471847,0
2.196,0.9162057111848121,0
2.198,4.520130567208906,0
2.2,-1.1741124103083544,0
2.202,13.398910616369651,0
2.204,5.355255061860093,0
2.206,7.596589193457532,0
2.208,14.310550423906763,0
2.21,10.165202056113277,0
2.212,7.8913073124835575,0
2.214,0.4945682074052016,0
2.216,12.480438845201672,0
2.218,0.13077605455592867,0
2.22,6.535719153931001,0
2.222,1.376665328652975,0
2.224,9.189306008057116,0
2.226,14.170321849640924,0
2.228,5.923222855476469,0
2.23,2.956954111084237,0
2.232,5.022893613492631,0
2.234,11.95462136743078,0
2.236,4.602511203164651,0
2.238,9.21210424961831,0
2.24,3.4079797211655247,0
2.242,4.956780762152046,0
2.244,8.009946464802201,0
2.246,1.7950131923849701,0
2.248,5.337959793758323,0
2.25,3.525817120844758,0
2.252,-0.7628769930309307,0
2.254,15.106738396915038,0
2.256,11.598945000558242,0
2.258,9.191708969520377,0
2.26,2.5326415798354582,0
2.262,-1.1931977498486876,0
2.264,-1.2776244455112264,0
2.266,4.381853498706825,0
2.268,2.245399539873167,0
2.27,1.076206353619324,0
2.272,7.382240643357406,0
2.274,-3.5174400744507266,0
2.276,12.07647210226411,0
2.278,13.333385759468657,0
2.28,6.535569775163102,0
2.282,5.392268204186395,0
2.284,4.957511870318525,0
2.286,0.5870243838973828,0
2.288,-4.775790878628447,0
2.29,4.645327782462978,0
2.292,-5.810080765238276,0
2.294,7.8188672903128955,0
2.296,4.259353415541281,0
2.298,-7.180511641462025,0
2.3,5.422421786725041,0
2.302,4.758490025388831,0
2.304,4.81547665328646,0
2.306,-3.328752609819263,0
2.308,1.5636991727251535,0
2.31,5.265152619547445,0
2.312,-7.375649572374713,0
2.314,5.028199879668568,0
2.316,8.29383135819281,0
2.318,-6.939956760398474,0
2.32,2.6940322137531445,0
2.322,3.36975777544536,0
2.324,-4.268511007132991,0
2.326,-1.540049937254227,0
2.328,-0.6921472232033699,0
2.33,2.0493004109837454,0
2.332,10.121848294928421,0
2.334,-0.49190289185466307,0
2.336,2.94510842497764,0
2.338,-0.9463817972765146,0
2.34,-6.801133380773999,0
2.342,3.1280368264628433,0
2.344,7.059750175481393,0
2.346,-1.2071721076034825,0
2.348,4.537255969645309,0
2.35,-3.4290926475659194,0
2.352,-5.003213616269663,0
2.354,-0.9063412808218052,0
2.356,-1.1807959277321645,0
2.358,3.1791225007050095,0
2.36,-0.7075247133550443,0
2.362,-2.23224912381809,0
2.364,4.446428612278309,0
2.366,-7.833739409620361,0
2.368,-3.3060226141675946,0
2.37,-4.424343794900139,0
2.372,-2.694416505082162,0
2.374,-2.808422270586553,0
2.376,2.4521024497041557,0
2.378,1.1853100564339625,0
2.38,5.172834013445827,0
2.382,4.217379509891164,0
2.384,1.1536140759514282,0
2.386,-1.3841675365403685,0
2.388,6.271663429547642,0
2.39,-2.641558692111479,0
2.392,-6.789435650302686,0
2.394,5.68845777213407,0
2.396,5.900578294642108,0
2.398,3.0729948220075034,0
2.4,0.828883918171871,0
2.402,3.754506329356714,0
2.404,3.5002159094896026,0
2.406,-1.0669077754849627,0
2.408,8.815166621079165,0
2.41,-1.084821081373634,0
2.412,-0.6608899338220551,0
2.414,-2.488310450812603,0
2.416,-0.7549648351773233,0
2.418,-2.3775278349128675,0
2.42,7.780697954563848,0
2.422,-2.9419286432455265,0
2.424,-0.3404069147189666,0
2.426,-1.9758057134210958,0
2.428,-6.7224414316067795,0
2.43,-0.9608529914919313,0
2.432,2.0024334787190656,0
2.434,-2.0273071527232998,0
2.436,0.6478448118274637,0
2.438,-5.660411393511933,0
2.44,-2.344716514982052,0
2.442,1.6112732994293846,0
2.444,-2.8598658296163446,0
2.446,2.6289303102801536,0
2.448,1.3082373111404393,0
2.45,-2.073185797914606,0
2.452,-3.582627764866056,0
2.454,-2.192351242761457,0
2.456,-4.3014898069658445,0
2.458,-5.497972791459777,0
2.46,-7.330718339336282,0
2.462,-4.097262102090629,0
2.464,-0.7856692595016317,0
2.466,1.3006289650849567,0
2.468,-7.037870432758081,0
2.47,8.065930804715322,0
2.472,0.011298789912709543,0
2.474,6.426541951435514,0
2.476,-0.6892031086518418,0
2.478,-1.6332473634884532,0
2.48,-5.308880546630276,0
2.482,-3.2203445643884616,0
2.484,-3.0069293611766645,0
2.486,3.7350875691068945,0
2.488,1.8993458617104455,0
2.49,2.8769799279533625,0
2.492,-3.081592886568724,0
2.494,-6.7580934527793834,0
2.496,-8.669618734455582,0
2.498,-2.8048170441041873,0
2.5,-0.7488337466460657,0
2.502,-2.460451517685156,0
2.504,-1.7281288477857257,0
2.506,-9.944429479342407,0
2.508,2.0147532548680314,0
2.51,-6.02314242415468,0
2.512,-7.947392628970856,0
2.514,2.2152681183869296,0
2.516,-0.4421762393268034,0
2.518,-2.859485821616034,0
2.52,-6.719304990440435,0
2.522,-3.162590592903532,0
2.524,0.5357784453035012,0
2.526,-2.8256839414778874,0
2.528,6.94571884186966,0
2.53,0.8771007733644993,0
2.532,1.4776980740004542,0
2.534,4.010143426753477,0
2.536,3.7623839142976876,0
2.538,-1.5255943652712403,0
2.54,-2.8571481232515397,0
2.542,-6.514001563427795,0
2.544,-2.5458571968470762,0
2.546,-2.517996958504361,0
2.548,3.392596961301026,0
2.55,-6.314417574598639,0
2.552,4.342222983801187,0
2.554,7.010450137760189,0
2.556,4.1526592011641394,0
2.558,-9.260101567072331,0
2.56,7.008561793512862,0
2.562,6.50102757773051,0
2.564,-0.4042361821872371,0
2.566,12.32723072715669,0
2.568,0.04620527444822937,0
2.57,3.1225378567160775,0
2.572,-1.990527738709556,0
2.574,-3.003677995879664,0
2.576,-5.264130839135811,0
2.578,6.111986802477845,0
2.58,-0.8147434723208242,0
2.582,-2.222425638116806,0
2.584,-5.32923418267958,0
2.586,2.7288131803317777,0
2.588,-1.2137913784522414,0
2.59,3.471493077454587,0
2.592,4.263480250013989,0
2.594,0.11416494025489167,0
2.596,6.44320051261237,0
2.598,-6.418764022592082,0
2.6,-2.4982878416902103,0
2.602,3.039975249472668,0
2.604,-11.407948000766053,0
2.606,0.18800890909866294,0
2.608,-13.563306607281792,0
2.61,1.5486114658273697,0
2.612,10.569297489696323,0
2.614,-3.9627564321781894,0
2.616,-9.248830267702312,0
2.618,-1.4845999627310411,0
2.62,13.05673572378534,0
2.622,-3.9276389193381163,0
2.624,2.482781533985659,0
2.626,3.7298069389687685,0
2.628,-7.170384843562475,0
2.63,-6.342092126975416,0
2.632,-6.531368719433886,0
2.634,0.04502817106921239,0
2.636,-0.4331269736923311,0
2.638,-0.42898361855372963,0
2.64,-1.7566142433315715,0
2.642,-1.4909566339685991,0
2.644,3.5751942910475147,0
2.646,0.3509994196656829,0
2.648,-10.108505787364152,0
2.65,-5.339423861151797,0
2.652,-6.4394654692060795,0
2.654,4.968892338909551,0
2.656,4.5509764367146675,0
2.658,0.8038247048941393,0
2.66,-0.402754291112419,0
2.662,1.701723217688829,0
2.664,9.50314255337807,0
2.666,1.266281882513356,0
2.668,-3.0103749049648303,0
2.67,0.12262008454944547,0
2.672,-2.7941781744013006,0
2.674,5.021836324480338,0
2.676,-0.8644712999388264,0
2.678,11.131817195990081,0
2.68,-8.880062414466362,0
2.682,-2.701781176535239,0
2.684,1.5842465917148039,0
2.686,1.5757714546540924,0
2.688,11.536507183842426,0
2.69,-8.221190916866844,0
2.692,0.8382406789941377,0
2.694,2.3714831024422054,0
2.696,-7.285288101369849,0
2.698,0.5135631986352039,0
2.7,-2.1807070477847286,0
2.702,-9.832019698835513,0
2.704,-2.8974580111520956,0
2.706,5.844840473440019,0
2.708,-0.7476501873902348,0
2.71,-11.973614146021415,0
2.712,5.837050696469218,0
2.714,-10.33197144731778,0
2.716,2.9536179383017087,0
2.718,-3.9321871758076457,0
2.72,-1.2607226829665468,0
2.722,3.524496091107505,0
2.724,-11.955426902246515,0
2.726,-1.5726548711961694,0
2.728,-7.9500101530167475,0
2.73,4.927426949960134,0
2.732,4.216277768501566,0
2.734,2.5411000288677155,0
2.736,-1.2745965642666217,0
2.738,-1.494470575890632,0
2.74,-5.505310002156618,0
2.742,-2.943333156690185,0
2.744,-5.358777391051301,0
2.746,-1.262020922463091,0
2.748,7.722199231599229,0
2.75,-4.772799158238682,0
2.752,-4.045485705314389,0
2.754,7.502673362041886,0
2.756,-6.820068441951481,0
2.758,-7.930104420662019,0
2.76,-2.5153461612526353,0
2.762,-14.262415758643666,0
2.764,5.500816532495326,0
2.766,-0.061100091346578046,0
2.768,-2.2737829040543938,0
2.77,-1.6848422435888397,0
2.772,-2.1248219947205067,0
2.774,-2.561475773193505,0
2.776,3.518901813520485,0
2.778,-0.6073545727618863,0
2.78,3.1610400464504487,0
2.782,-2.036851628286409,0
2.784,0.9529302361157861,0
2.786,-5.045864805970402,0
2.788,-1.6266304903733873,0
2.79,3.188181747439388,0
2.792,-9.545742164059272,0
2.794,2.103314828001582,0
2.796,17.739585433812184,0
2.798,-1.5681541063005495,0
2.8,-4.4131327759736925,0
2.802,-1.0552854232017124,0
2.804,-13.813761607990095,0
2.806,2.367328509625434,0
2.808,1.0745773326065464,0
2.81,0.9988079212185335,0
2.812,3.323407028592155,0
2.814,0.42446068774132917,0
2.816,3.7724691668430395,0
2.818,-3.413246102808923,0
2.82,-4.2170783093674515,0
2.822,-5.5511857609399,0
2.824,4.098910878829165,0
2.826,-2.216103020187967,0
2.828,-1.2673888434714098,0
2.83,-0.6338481327624104,0
2.832,3.9594018455235553,0
2.834,-4.65484748593181,0
2.836,-0.8238950108399312,0
2.838,4.802781709437139,0
2.84,-5.141313063821902,0
2.842,-2.2107344483168663,0
2.844,2.2156687637606676,0
2.846,-7.523759339669495,0
2.848,0.7968614807553627,0
2.85,-1.0473377386029132,0
2.852,-3.17823535157997,0
2.854,-5.580129722102587,0
2.856,-4.588038669799967,0
2.858,-2.162942559191629,0
2.86,2.3765289130001435,0
2.862,12.845086130488207,0
2.864,8.13911144183439,0
2.866,-7.109078352898354,0
2.868,-0.35923404281199955,0
2.87,-7.493940902413305,0
2.872,-3.2557619987659345,0
2.874,-5.820491680205525,0
2.876,-2.077719482672717,0
2.878,2.2333055028486157,0
2.88,0.29109679640131575,0
2.882,4.162713484973231,0
2.884,-1.263457020424202,0
2.886,5.560712484449246,0
2.888,4.638631320330873,0
2.89,-1.7481828151179226,0
2.892,-1.991317028455047,0
2.894,-3.869362229732795,0
2.896,-3.336316214085645,0
2.898,-0.8798207905166276,0
2.9,7.3008335901146735,0
2.902,0.5962307236859343,0
2.904,-4.867772043144637,0
2.906,-5.067848564940295,0
2.908,1.2095893582938968,0
2.91,-3.165958007713263,0
2.912,-8.154551227385443,0
2.914,1.3127908466590927,0
2.916,-6.988126299545799,0
2.918,-4.715873626287856,0
2.92,-6.471595939623686,0
2.922,2.8795110417764387,0
2.924,6.0744366658508255,0
2.926,-0.2082429583894443,0
2.928,-0.8572019636883725,0
2.93,-8.343200173977358,0
2.932,5.133543332017738,0
2.934,1.35596681473672,0
2.936,-1.5079285507918536,0
2.938,-7.609673719866278,0
2.94,-1.087262268571517,0
2.942,3.365228202543354,0
2.944,1.855731829789681,0
2.946,-2.987737441105235,0
2.948,-3.2188651020994525,0
2.95,-10.52539783156944,0
2.952,-4.518717248362868,0
2.954,-2.8553964249160257,0
2.956,4.070851036573062,0
2.958,0.35050009511807234,0
2.96,3.5363313417356177,0
2.962,-1.2974901128951521,0
2.964,1.4753138240630228,0
2.966,4.346430242348272,0
2.968,8.393071986672483,0
2.97,-9.244423009405295,0
2.972,-0.21643359307005108,0
2.974,2.884840974471568,0
2.976,2.8792637495077242,0
2.978,1.3148995495524052,0
2.98,-1.7423548109518947,0
2.982,-0.29428432612740646,0
2.984,4.51209230268866,0
2.986,1.0333707888633836,0
2.988,5.600063154504905,0
2.99,-14.052336605523571,0
2.992,1.5320884402368726,0
2.994,2.5334361609216343,0
2.996,3.5250190749497645,0
2.998,2.3803902578656317,0
3.0,14.975212083924117,1
3.002,-0.4747751618615996,0
3.004,6.267536592951264,0
3.006,5.564265235234979,0
3.008,0.7416130368139489,0
3.01,-4.434720782566357,0
3.012,4.148854854810875,0
3.014,6.7201014558122205,0
3.016,-7.255397263275979,0
3.018,-7.4856930363456575,0
3.02,1.3424126553617421,0
3.022,-2.5732149525233248,0
3.024,-6.3764946086528695,0
3.026,-0.5141080987229358,0
3.028,-0.014795978276758034,0
3.03,0.3605967957811787,0
3.032,-2.088660030351442,0
3.034,0.028760408591216452,0
3.036,-7.342607238143503,0
3.038,0.1648653819345452,0
3.04,-0.2671539133213252,0
3.042,-0.199917208118847,0
3.044,-4.357155161623287,0
3.046,7.2528010749480245,0
3.048,-5.003976837921959,0
3.05,5.949746051772059,0
3.052,4.948072469752713,0
3.054,-0.8783545015389123,0
3.056,3.618479647933279,0
3.058,-1.385699320543646,0
3.06,-2.374720569240436,0
3.062,4.81771922979118,0
3.064,-1.3138141246554222,0
3.066,0.8335102379276664,0
3.068,-6.066143926437561,0
3.07,-1.5397271200207125,0
3.072,-0.5140658157722802,0
3.074,-3.7375736056631466,0
3.076,-7.118576956908592,0
3.078,-4.888655262552908,0
3.08,-4.468885556126423,0
3.082,-2.1693185899710543,0
3.084,-0.04902970482877134,0
3.086,-5.35188561801071,0
3.088,-7.286061027560569,0
3.09,-3.505450396806891,0
3.092,-5.504890496752855,0
3.094,-7.289365235127113,0
3.096,0.724607014687785,0
3.098,2.184447723958857,0
3.1,0.4162414629080451,0
3.102,-15.128857011373064,0
3.104,-3.6745828578543427,0
3.106,-5.31662181418901,0
3.108,5.146226935590516,0
3.11,-7.0257623415121255,0
3.112,-3.7542582648765603,0
3.114,3.003717694892524,0
3.116,-3.0680851804203217,0
3.118,-0.45124146618164396,0
3.12,1.8354035867436642,0
3.122,3.1912027505456266,0
3.124,2.1442682409840805,0
3.126,-2.726854162393334,0
3.128,-0.16360179606512215,0
3.13,-3.612518134121239,0
3.132,-3.1716489861022685,0
3.134,4.75674091929992,0
3.136,-1.513676372451409,0
3.138,-10.755099876055773,0
3.14,1.7519663248247168,0
3.142,-3.1916253495972944,0
3.144,2.035056117473027,0
3.146,-2.6851258786475043,0
3.148,0.9922118610571439,0
3.15,7.793559727368056,0
3.152,-0.7719765550818756,0
3.154,-0.24068811014113844,0
3.156,3.916156489353192,0
3.158,-3.4622376468393026,0
3.16,-2.4807951403939095,0
3.162,9.9435158821374,0
3.164,8.389975782302116,0
3.166,0.27423449062281025,0
3.168,3.6639171425082306,0
3.17,2.296917328338948,0
3.172,-1.5910255323590512,0
3.174,0.5723352968990625,0
3.176,1.6724733862805814,0
3.178,5.368422803336186,0
3.18,7.275420149226163,0
3.182,10.564842627669748,0
3.184,6.8851600206049985,0
3.186,8.600220762755901,0
3.188,1.2377209243937441,0
3.19,2.5059083398535704,0
3.192,6.186659046378945,0
3.194,0.8221459140459579,0
3.196,-3.4028875919909014,0
3.198,12.478209433261648,0
3.2,-0.3732526461875407,0
3.202,13.802653851744765,0
3.204,12.15778681173626,0
3.206,6.930458677534627,0
3.208,0.8006120571925228,0
3.21,-3.6449831450191787,0
3.212,1.1377384487354139,0
3.214,6.809504060860787,0
3.216,14.827445662037896,0
3.218,2.713813301195808,0
3.22,10.246481788161494,0
3.222,5.292630328311631,0
3.224,6.675403008274475,0
3.226,5.142674790372582,0
3.228,9.70579857917271,0
3.23,4.629588125549841,0
3.232,6.76774238208331,0
3.234,3.2756638022919073,0
3.236,4.163348803422867,0
3.238,16.79234955380587,0
3.24,10.74169034275168,0
3.242,8.707219617407876,0
3.244,-6.301969567601326,0
3.246,-1.811127431113973,0
3.248,6.135543391536303,0
3.25,3.202439465237308,0
3.252,0.11242350102911214,0
3.254,2.249233188480733,0
3.256,6.54877460649168,0
3.258,13.490141365784641,0
3.26,-1.1178139730209669,0
3.262,5.640683084200238,0
3.264,5.457365916281821,0
3.266,-0.19004644543164062,0
3.268,10.37050192249633,0
3.27,6.107290836190915,0
3.272,0.4058960147636905,0
3.274,8.69128312148997,0
3.276,1.5999117366286495,0
3.278,5.491354850496518,0
3.28,-0.8099242116831498,0
3.282,7.407235066162791,0
3.284,5.320158851426799,0
3.286,3.7694157515253996,0
3.288,6.702241645315372,0
3.29,0.38834922491816326,0
3.292,-3.751519268119962,0
3.294,1.3400940952600444,0
3.296,2.144623875133989,0
3.298,1.500612377929572,0
3.3,-1.2616311604120871,0
3.302,-2.899564969132388,0
3.304,6.319270815222612,0
3.306,-6.059536555761397,0
3.308,0.13822988946119352,0
3.31,2.9419162091957167,0
3.312,-1.2248176337000594,0
3.314,0.101642689841971,0
3.316,3.610950111767546,0
3.318,-0.4671566129285357,0
3.32,-5.879620446840718,0
3.322,2.3602358117330775,0
3.324,-1.0335323608416611,0
3.326,-0.06992346741228356,0
3.328,2.6203119489249422,0
3.33,-4.133957888450961,0
3.332,3.6421214066278735,0
3.334,-1.2749831762659691,0
3.336,1.2792409753996343,0
3.338,0.8781351927636816,0
3.34,0.9786212969603404,0
3.342,0.15598191054246596,0
3.344,2.8528439129479013,0
3.346,7.631405468040316,0
3.348,-1.3920644145644872,0
3.35,-1.4381430935998494,0
3.352,0.7494949183824942,0
3.354,3.6533345116928855,0
3.356,10.757988167252442,0
3.358,-3.9195451197858273,0
3.36,-2.122539019508449,0
3.362,2.4773077740924574,0
3.364,-10.280779489375119,0
3.366,-1.3996146682673445,0
3.368,3.0291578374656667,0
3.37,6.471833836676671,0
3.372,1.6674542645432902,0
3.374,-2.762817403220577,0
3.376,8.32086514979849,0
3.378,9.7088868514911,0
3.38,3.614594364500408,0
3.382,1.5172389432432971,0
3.384,0.21974746424227887,0
3.386,0.5241838101718738,0
3.388,-1.168775062482191,0
3.39,8.580981851162969,0
3.392,-7.09357365301699,0
3.394,0.5184541096438993,0
3.396,-2.982134883168961,0
3.398,3.499477064585104,0
3.4,-1.420616228269197,0
3.402,0.6747477147602748,0
3.404,-4.327487753012561,0
3.406,-0.184796099050514,0
3.408,1.4165699314348006,0
3.41,2.732944264404127,0
3.412,1.4867216317475418,0
3.414,0.7609061329645813,0
3.416,6.051017646049513,0
3.418,0.5122955693846475,0
3.42,9.047841066931277,0
3.422,-0.21243194753401148,0
3.424,6.287318063478089,0
3.426,-3.586774505370644,0
3.428,3.4506812635233266,0
3.43,3.6134452661939895,0
3.432,7.357054274094512,0
3.434,-2.511572958065864,0
3.436,1.3885896156696822,0
3.438,6.307396491011391,0
3.44,6.623673357544247,0
3.442,-7.313448354861529,0
3.444,-3.8368154892805024,0
3.446,-1.0864506444839228,0
3.448,-2.3478151204176707,0
3.45,-1.6535066008218007,0
3.452,-6.639579150357637,0
3.454,5.509341885406155,0
3.456,-7.360630764175508,0
3.458,1.088833348765918,0
3.46,-7.3676198089238385,0
3.462,-8.66416034670747,0
3.464,-0.5946045148767825,0
3.466,-3.824061997446467,0
3.468,0.11611876688202923,0
3.47,1.8946005442807952,0
3.472,3.5244919086226076,0
3.474,4.1733580933925465,0
3.476,1.6878037382960722,0
3.478,1.2930898576649805,0
3.48,5.276595424200353,0
3.482,4.343654795020497,0
3.484,-5.618299327675023,0
3.486,-9.892609876080838,0
3.488,3.152987098365821,0
3.49,-8.320756546961894,0
3.492,-0.3102327864827838,0
3.494,-3.9318684844635765,0
3.496,0.5763103923323405,0
3.498,4.155604983513402,0
3.5,0.7115544186499688,0
3.502,7.4989947513593975,0
3.504,-1.3318899928622094,0
3.506,-8.42593965982042,0
3.508,-1.3792606492057489,0
3.51,3.3234408555181614,0
3.512,-5.30213993019711,0
3.514,-3.2222610146519615,0
3.516,4.451671403345619,0
3.518,-2.8081551629759365,0
3.52,1.9030532911462879,0
3.522,3.7326354145027487,0
3.524,-7.240058988559062,0
3.526,0.8790668285326256,0
3.528,-4.333548486517155,0
3.53,4.569407594458198,0
3.532,6.319577132702004,0
3.534,2.111529120710434,0
3.536,-6.495501296394193,0
3.538,-2.224883868620519,0
3.54,-2.0556392618207266,0
3.542,-2.3327731361617374,0
3.544,-2.560046591475648,0
3.546,8.77497307710704,0
3.548,2.0803558921240444,0
3.55,1.3167971366247178,0
3.552,1.055445018865748,0
3.554,5.764227310289286,0
3.556,-3.616215089200741,0
3.558,1.8832048813182718,0
3.56,6.396446699024851,0
3.562,4.658270485068109,0
3.564,1.58718538168798,0
3.566,2.4410291214178605,0
3.568,-1.3854801114497008,0
3.57,0.03289836380099679,0
3.572,1.1072902644566207,0
3.574,8.33176333118977,0
3.576,5.134187433536009,0
3.578,0.8488092136177579,0
3.58,-3.104065799185599,0
3.582,-8.859091796181959,0
3.584,-8.842393732530404,0
3.586,-0.5910318855664517,0
3.588,3.8394269184550636,0
3.59,11.26371068209405,0
3.592,5.241450668757211,0
3.594,-0.08182866786507301,0
3.596,1.8331410950350382,0
3.598,1.3244176930447336,0
3.6,3.320514898223362,0
3.602,6.652223758866268,0
3.604,5.49396549179539,0
3.606,1.4706641382874854,0
3.608,8.881266217217155,0
3.61,-2.822914235204315,0
3.612,-5.5179236295533585,0
3.614,1.634118828242912,0
3.616,3.2835648875688017,0
3.618,3.47518688399308,0
3.62,-1.9681332854911593,0
3.622,-0.5242147896534255,0
3.624,-1.7569401053393128,0
3.626,-4.631862168730706,0
3.628,-0.8017638408570869,0
3.63,1.0099587888636647,0
3.632,-5.405768083830992,0
3.634,12.22091128675336,0
3.636,-2.2513749773078486,0
3.638,1.0995456371897845,0
3.64,3.7295711556374087,0
3.642,4.443867092001451,0
3.644,-4.707057674958616,0
3.646,-0.20815509136409063,0
3.648,-2.441563899292645,0
3.65,-4.062214003757436,0
3.652,-0.47160224752751234,0
3.654,-4.031828966695529,0
3.656,-3.1140673548022564,0
3.658,-1.7420983810423274,0
3.66,-0.010975877763993433,0
3.662,-0.6506373117898638,0
3.664,-6.950613896234975,0
3.666,12.011647041174715,0
3.668,-7.21795560152421,0
3.67,-6.712381976949206,0
3.672,9.194675037102542,0
3.674,-0.9619365625589094,0
3.676,1.2355335578933442,0
3.678,2.793587208824909,0
3.68,1.9127276727977536,0
3.682,-5.304080157680431,0
3.684,3.1184399484834255,0
3.686,7.856695995976214,0
3.688,2.1013047946853507,0
3.69,-0.5553035027884837,0
3.692,-0.4545738579139452,0
3.694,-8.53869901943358,0
3.696,1.4845617519465772,0
3.698,4.3277954706212665,0
3.7,11.072373292914603,0
3.702,4.7119504884910075,0
3.704,-5.6197400037508185,0
3.706,-5.765402613870228,0
3.708,0.35182342967397146,0
3.71,-8.312075456086873,0
3.712,3.845177491779577,0
3.714,-5.747944285519921,0
3.716,5.311571751296556,0
3.718,-7.113737192275655,0
3.72,10.74317302357868,0
3.722,-0.15817147997245276,0
3.724,7.360634239936883,0
3.726,-2.2992027446420398,0
3.728,-0.6481430214002546,0
3.73,-2.460993793944136,0
3.732,1.9256331305825798,0
3.734,3.4634993936972442,0
3.736,-0.704587852093328,0
3.738,-2.7253206214879504,0
3.74,-6.229298139602307,0
3.742,1.7158049291045088,0
3.744,-1.0522020941758625,0
3.746,2.12085468499755,0
3.748,0.20949893261618624,0
3.75,0.9877557861949515,0
3.752,-6.658404617424508,0
3.754,-3.4617841211548854,0
3.756,-1.3453371924124133,0
3.758,-10.69913907273515,0
3.76,8.795256030983692,0
3.762,7.6895428206323135,0
3.764,10.225447402056,0
3.766,-7.832427380352234,0
3.768,-3.1146507603127436,0
3.77,7.108091030271354,0
3.772,6.269163688551465,0
3.774,4.378899739836248,0
3.776,3.4694202399146894,0
3.778,-0.6444409896446763,0
3.78,-5.3233160239475446,0
3.782,-2.823655915353015,0
3.784,5.487860678897053,0
3.786,-7.494475696489604,0
3.788,-0.514913954965825,0
3.79,-6.385231662313853,0
3.792,-2.0023172183599365,0
3.794,6.443927850824457,0
3.796,0.14489956557016676,0
3.798,-3.2880529760206585,0
3.8,4.082974281033163,0
3.802,-4.073166915552518,0
3.804,-8.494577778275529,0
3.806,0.08137401488456548,0
3.808,5.701661913807357,0
3.81,1.0595311058303736,0
3.812,-0.8661065762184688,0
3.814,13.012343202285221,0
3.816,-0.36491483187043583,0
3.818,-0.3709021928186433,0
3.82,-2.928483378872329,0
3.822,-4.121047259176959,0
3.824,-2.604933799316034,0
3.826,0.07124054711002199,0
3.828,-17.395201363086073,0
3.83,-5.278112722952107,0
3.832,-2.0743480548550526,0
3.834,-2.529342249891781,0
3.836,7.558266513175991,0
3.838,-1.2776488243095137,0
3.84,-5.832712998540706,0
3.842,-2.256949753897416,0
3.844,-1.9313890257823716,0
3.846,2.8782343009385767,0
3.848,-0.06913030858638987,0
3.85,-2.442294169927615,0
3.852,3.7205138976793095,0
3.854,-5.681577135052645,0
3.856,2.526317150637619,0
3.858,-2.9069226095809464,0
3.86,1.418121282820974,0
3.862,-9.339165019406373,0
3.864,3.370992103329352,0
3.866,-3.932567427019484,0
3.868,-2.3057880061128,0
3.87,7.836539013753754,0
3.872,3.0098594178485514,0
3.874,0.7603394015599506,0
3.876,1.1503361005290291,0
3.878,3.6805875832819916,0
3.88,4.429290189316933,0
3.882,0.19476657805888153,0
3.884,8.111893700602666,0
3.886,-0.6191555954395698,0
3.888,8.287741595073095,0
3.89,6.278989799482314,0
3.892,3.950930610330287,0
3.894,1.4493642074264048,0
3.896,-2.7702418835904097,0
3.898,2.273874430968637,0
3.9,0.697502941784047,0
3.902,4.135546625568893,0
3.904,-5.412338153613524,0
3.906,-2.9907414657135964,0
3.908,-6.570445521126681,0
3.91,6.017008361480255,0
3.912,-8.334463943909713,0
3.914,5.528754847539489,0
3.916,2.3244413228370053,0
3.918,4.4674429384724395,0
3.92,-4.616916000721416,0
3.922,4.919372057807038,0
3.924,-5.180738431920488,0
3.926,1.3006402135886703,0
3.928,6.911469313376225,0
3.93,-0.8795044865660145,0
3.932,5.31445070936463,0
3.934,-0.3961368418990607,0
3.936,-2.248501846923408,0
3.938,-0.40276293695720056,0
3.94,7.538522786530067,0
3.942,-4.530259766033982,0
3.944,2.1510033840769616,0
3.946,0.8855355493709696,0
3.948,3.3124632118993365,0
3.95,2.746142599823289,0
3.952,-0.1313498630727448,0
3.954,3.2448868682366543,0
3.956,6.2384633180813305,0
3.958,3.9247699021084856,0
3.96,8.990929675926633,0
3.962,-3.9119509115440705,0
3.964,7.409909995867216,0
3.966,-2.016155054353379,0
3.968,-3.6665456229027815,0
3.97,0.36918346788681217,0
3.972,-3.4656322239603834,0
3.974,11.646566500187232,0
3.976,4.187220693102916,0
3.978,-7.424844616837641,0
3.98,0.14826774362377942,0
3.982,12.207091552495376,0
3.984,-2.9438015337035583,0
3.986,-1.7922465394065925,0
3.988,1.8837853220106289,0
3.99,0.4867229515614575,0
3.992,-2.064545970028905,0
3.994,-3.251912242653683,0
3.996,-3.9928503640648616,0
3.998,-8.345782199554902,0
4.0,-6.032778532700356,1
4.002,0.7393135106013304,0
4.004,-0.9182874459708934,0
4.006,2.444359654028276,0
4.008,7.348825745455151,0
4.01,3.5205080813553913,0
4.012,10.640426209934612,0
4.014,5.85967355117343,0
4.016,4.433447373204604,0
4.018,3.138000138195537,0
4.02,3.4985311757834165,0
4.022,-2.1773329376822095,0
4.024,-1.2222312829714872,0
4.026,-13.014331258839903,0
4.028,0.0059122427460057345,0
4.03,8.12275394891483,0
4.032,4.461794414049067,0
4.034,-10.409937818863215,0
4.036,3.2887144731802516,0
4.038,0.17782101627366412,0
4.04,1.6351249808193178,0
4.042,6.04173864122873,0
4.044,1.8216285960246752,0
4.046,0.26819033219551136,0
4.048,0.23491770340802104,0
4.05,-1.1394085583683573,0
4.052,0.6445809029855449,0
4.054,4.778351665029211,0
4.056,-0.5068701758974741,0
4.058,4.8814709079560785,0
4.06,-5.1008443463209705,0
4.062,3.1663757748837913,0
4.064,-2.46035678641441,0
4.066,-0.3527318507058135,0
4.068,10.848097981159208,0
4.07,-12.270676365574715,0
4.072,-4.081723163651056,0
4.074,-1.3972756123650678,0
4.076,1.4343202654785001,0
4.078,3.8281461411439714,0
4.08,3.8355332019687234,0
4.082,-0.9238501417025842,0
4.084,-1.6069721010835927,0
4.086,3.1106170591274895,0
4.088,-11.621116571330024,0
4.09,-7.003624305836656,0
4.092,-8.12283289191034,0
4.094,-9.62959157369129,0
4.096,-15.385558344300591,0
4.098,3.362533433689525,0
4.1,-5.995827134224486,0
4.102,0.3279834380030162,0
4.104,1.5366215587721972,0
4.106,-9.027908122752509,0
4.108,-3.9070280448063186,0
4.11,0.6545046256221956,0
4.112,-5.993964856099497,0
4.114,-9.404935463462046,0
4.116,-0.2696391556682749,0
4.118,-5.62657548857846,0
4.12,-9.25479370411388,0
4.122,-13.065265872839309,0
4.124,-4.509650186940154,0
4.126,0.6734022780378612,0
4.128,-0.16498438442110963,0
4.13,-5.052763021980632,0
4.132,-4.426522435371589,0
4.134,1.065192452280117,0
4.136,-3.5007181376861634,0
4.138,6.8865089737439416,0
4.14,-0.7617457932730543,0
4.142,-1.9571672745616933,0
4.144,-1.9117933358554628,0
4.146,-4.160722246582236,0
4.148,9.649814126600482,0
4.15,2.6054357692174053,0
4.152,-3.742951325326391,0
4.154,9.06463852800586,0
4.156,7.073649685427442,0
4.158,8.034758767842202,0
4.16,1.532348405776313,0
4.162,3.873890424720666,0
4.164,4.79523870801731,0
4.166,3.254661079131368,0
4.168,3.6409098167173326,0
4.17,9.583751680528042,0
4.172,-0.49075565340635396,0
4.174,6.408535542773336,0
4.176,9.738360951211542,0
4.178,8.80124541909317,0
4.18,21.32828140052514,0
4.182,-2.6955426416237467,0
4.184,9.853358720755406,0
4.186,0.8325463748254709,0
4.188,3.668607429134273,0
4.19,2.427396609618027,0
4.192,5.160144154660677,0
4.194,3.1940635021699704,0
4.196,9.115278630295272,0
4.198,16.303889394876645,0
4.2,10.812912733169899,0
4.202,3.6920334088123186,0
4.204,-2.292575132072524,0
4.206,5.228242570679106,0
4.208,6.391788159244209,0
4.21,9.681896422339197,0
4.212,-3.8329719568861416,0
4.214,4.636090491798177,0
4.216,12.087872512587667,0
4.218,8.551766694815853,0
4.22,8.100231713394034,0
4.222,6.119871798975121,0
4.224,8.170940667388964,0
4.226,15.586534539369147,0
4.228,10.422618141018718,0
4.23,0.4176642709341083,0
4.232,9.471407525795067,0
4.234,8.985291540927827,0
4.236,1.5095879092953108,0
4.238,0.2532799036099931,0
4.24,2.9128165673233717,0
4.242,7.638198135141672,0
4.244,2.5118377753171512,0
4.246,3.6812349752087146,0
4.248,4.194840158163085,0
4.25,1.721850719061968,0
4.252,-8.834523374777781,0
4.254,12.924913053961387,0
4.256,11.117113106678602,0
4.258,-4.089043289461526,0
4.26,3.823666816771871,0
4.262,6.411641977653375,0
4.264,9.005967905650236,0
4.266,3.572432819078142,0
4.268,-0.735380046070897,0
4.27,13.615550618994716,0
4.272,-0.2754309660055463,0
4.274,2.5115374208095353,0
4.276,7.1899871226738545,0
4.278,0.8185338857740891,0
4.28,-0.9845663005098744,0
4.282,-0.1300360205254445,0
4.284,3.8922506248069397,0
4.286,4.898092411806637,0
4.288,1.4779655688103666,0
4.29,-3.689001711355473,0
4.292,-1.4307213781405066,0
4.294,2.2808166842267905,0
4.296,14.263427180898283,0
4.298,3.4303367990504916,0
4.3,-1.6955563547169046,0
4.302,9.617272012868735,0
4.304,1.1372170722664035,0
4.306,8.155842991585612,0
4.308,1.7250468762229667,0
4.31,2.9425747127747406,0
4.312,14.287790111829207,0
4.314,-1.7367942503020153,0
4.316,6.484403657039518,0
4.318,3.048357207960488,0
4.32,-1.3184045959405002,0
4.322,0.3704087711315204,0
4.324,4.14452729856267,0
4.326,-1.7995549603764982,0
4.328,-4.830435941214567,0
4.33,-1.8516456241595625,0
4.332,-9.944879707433707,0
4.334,-1.9603218850961168,0
4.336,3.8295399408935813,0
4.338,5.4139403894249245,0
4.34,-12.172113204769387,0
4.342,1.5480832551558188,0
4.344,-4.265559654291421,0
4.346,3.517287342230655,0
4.348,-4.602756116096038,0
4.35,1.9464089290649795,0
4.352,-4.105701377889012,0
4.354,-5.616834774302487,0
4.356,-2.283745255516016,0
4.358,-2.3722805229898665,0
4.36,-1.544522405367524,0
4.362,9.270406450551635,0
4.364,-2.550600355688391,0
4.366,-5.052668215309083,0
4.368,-3.2550093790635364,0
4.37,-2.901228378228641,0
4.372,3.726876201462303,0
4.374,2.314076329888859,0
4.376,-7.530663261777544,0
4.378,6.8492174904054135,0
4.38,0.9838775862300277,0
4.382,-1.3958008558645336,0
4.384,-5.955553484401682,0
4.386,6.195928446285153,0
4.388,-9.1979800272606,0
4.39,1.6569532159452833,0
4.392,-3.84740629309546,0
4.394,-11.017468291212259,0
4.396,-1.5463065747213378,0
4.398,-2.1663712144224534,0
4.4,-3.8189648355972614,0
4.402,-7.754214918167591,0
4.404,-1.6695622176986544,0
4.406,6.2357778624037055,0
4.408,-0.2872298803973505,0
4.41,-2.5596594082984683,0
4.412,-2.2265610322848493,0
4.414,0.0823658262349291,0
4.416,0.6080493166688449,0
4.418,-1.852951837089797,0
4.42,0.4653737054786491,0
4.422,-5.2118726096374575,0
4.424,-3.5572894762460754,0
4.426,-5.030732250471031,0
4.428,-0.8733202446369713,0
4.43,-4.811207157790441,0
4.432,3.069645968811315,0
4.434,3.196767710936826,0
4.436,-3.96007668717183,0
4.438,-2.532103170022832,0
4.44,0.8128663810076902,0
4.442,1.9055963863151764,0
4.444,3.2487123186114832,0
4.446,-4.744024250540901,0
4.448,2.6826709345500372,0
4.45,-2.9799829566734544,0
4.452,0.8039451953376668,0
4.454,-1.0411591043265636,0
4.456,-2.318292330816277,0
4.458,-11.393922979728991,0
4.46,12.081672505618293,0
4.462,8.135354919070956,0
4.464,3.768861960661632,0
4.466,1.6058297321603299,0
4.468,-4.333811801267148,0
4.47,-4.640503204336991,0
4.472,6.251328378008937,0
4.474,3.497684778679787,0
4.476,-5.227315345035706,0
4.478,-5.088745796330432,0
4.48,1.1591910049972844,0
4.482,-1.8649488078676073,0
4.484,0.2806627732753093,0
4.486,8.486178569814644,0
4.488,4.96102774376467,0
4.49,-8.623670728479047,0
4.492,-3.1212934358647404,0
4.494,2.5937978904775307,0
4.496,-6.19065981414138,0
4.498,5.099998657766292,0
4.5,9.33630222915983,0
4.502,1.0150394168816088,0
4.504,-1.552047128349935,0
4.506,4.908388035730322,0
4.508,-1.6373573259047742,0
4.51,8.77797393014154,0
4.512,1.0061177785363518,0
4.514,1.8976083217071538,0
4.516,2.233320329566314,0
4.518,2.7661035167465147,0
4.52,4.839791860815793,0
4.522,-3.783159092125806,0
4.524,-1.6073016203220365,0
4.526,-4.3957051493052886,0
4.528,4.126553424329455,0
4.53,0.22685101719271822,0
4.532,-8.446484374210968,0
4.534,-1.3972394165858275,0
4.536,4.816512116237552,0
4.538,-0.3733723984442766,0
4.54,-0.8922893128644238,0
4.542,-3.3331106604821845,0
4.544,-1.0630934058831267,0
4.546,-4.3816933350450915,0
4.548,1.3195590324198414,0
4.55,-4.0951883591700415,0
4.552,8.488822504540673,0
4.554,-6.731583151808633,0
4.556,3.435344489061889,0
4.558,-2.0779415337694402,0
4.56,-4.168708009912713,0
4.562,-5.594012856131955,0
4.564,4.94110362249093,0
4.566,-10.027579277669416,0
4.568,-2.952265854992155,0
4.57,-4.73645341022964,0
4.572,-4.52945240214298,0
4.574,0.10671463443473829,0
4.576,-0.8962773765113654,0
4.578,-3.5631408955486283,0
4.58,-2.3409318955526146,0
4.582,-0.03248646506157195,0
4.584,4.839092361842668,0
4.586,2.087420522499824,0
4.588,10.294315054114609,0
4.59,-8.205451040523336,0
4.592,-2.406683242470761,0
4.594,-1.6731041764548975,0
4.596,5.1846975450706445,0
4.598,-6.716880757005806,0
4.6,2.557923153737274,0
4.602,-3.597144251276222,0
4.604,1.980381205917752,0
4.606,-0.7964049011127027,0
4.608,0.11287918539742683,0
4.61,3.292965968398814,0
4.612,-0.7284078039521134,0
4.614,-0.3979968141741636,0
4.616,6.91704000338312,0
4.618,-0.8997695311553223,0
4.62,1.5690446396957118,0
4.622,2.1339388979788327,0
4.624,2.1198255866846965,0
4.626,2.7032269299983005,0
4.628,4.288033381805106,0
4.63,-2.0132352317244635,0
4.632,7.558680698140825,0
4.634,-6.0407040902731834,0
4.636,-7.193504754711567,0
4.638,-0.4609641708577816,0
4.64,3.17193413080699,0
4.642,-5.7921123351691675,0
4.644,2.480879422445997,0
4.646,7.5130220578861975,0
4.648,6.489006872282257,0
4.65,1.5059530993844406,0
4.652,0.918821679002213,0
4.654,-1.615773399535523,0
4.656,3.7568148202541094,0
4.658,9.646606741867433,0
4.66,8.869340470444044,0
4.662,0.08944377021173766,0
4.664,1.683450521292345,0
4.666,-2.2946309248234655,0
4.668,2.827573802876844,0
4.67,4.962348476969381,0
4.672,2.282245030912028,0
4.674,-4.545507146801731,0
4.676,7.182523628121934,0
4.678,0.2154659313516248,0
4.68,11.202490896916368,0
4.682,-3.315225105674764,0
4.684,-1.763227296592401,0
4.686,-3.135970698429937,0
4.688,3.3192125028265957,0
4.69,-3.9866432708259065,0
4.692,5.3510059729404205,0
4.694,2.9368888403485576,0
4.696,3.779756257463325,0
4.698,1.0458913189654355,0
4.7,2.4387992627124864,0
4.702,0.09557103310575431,0
4.704,-2.2748137048712227,0
4.706,0.98638421309533,0
4.708,1.0300314362063292,0
4.71,5.207962195607423,0
4.712,-12.754442162845152,0
4.714,2.3183090219180573,0
4.716,3.2730861241083935,0
4.718,-3.8127079149286534,0
4.72,0.21490876286298685,0
4.722,-5.105828130471025,0
4.724,-8.118052842626112,0
4.726,1.1994046573341794,0
4.728,-0.738177057197114,0
4.73,0.5761320577323782,0
4.732,1.3933298234435412,0
4.734,-3.924178168791368,0
4.736,-1.992563383346539,0
4.738,9.606585848530008,0
4.74,-7.402852352024699,0
4.742,-2.0160921526774747,0
4.744,-6.892744997703319,0
4.746,-5.359572334888516,0
4.748,2.648286598667204,0
4.75,-8.280266183791195,0
4.752,7.014724197438566,0
4.754,-4.928510973526153,0
4.756,-2.5830032940822734,0
4.758,-1.4327813751677558,0
4.76,-0.024483280292334944,0
4.762,-2.686388411572306,0
4.764,-0.6494709103883087,0
4.766,10.216259763012205,0
4.768,7.7003636793763,0
4.77,-2.917602330313595,0
4.772,4.409344014613393,0
4.774,-8.166304020788258,0
4.776,-2.453818387135686,0
4.778,-5.308695051805748,0
4.78,-2.6178817311329676,0
4.782,0.9008441425652254,0
4.784,1.767829488071271,0
4.786,4.279558058723325,0
4.788,-6.91048318597062,0
4.79,-0.6621647462676261,0
4.792,-6.544503857490794,0
4.794,2.5765562129126387,0
4.796,-7.4858868276075485,0
4.798,-0.5930782804329692,0
4.8,3.5921020354145323,0
4.802,1.9866746369805164,0
4.804,0.8954642877000267,0
4.806,-2.1449911775986914,0
4.808,-3.294898678746847,0
4.81,-10.532928170127551,0
4.812,2.6247781480130303,0
4.814,-3.289790940140968,0
4.816,-3.4100960755189194,0
4.818,-0.915768484067378,0
4.82,-0.3766493015240147,0
4.822,-8.353550214795048,0
4.824,2.6653226475278027,0
4.826,3.1040098900940807,0
4.828,4.169875860032608,0
4.83,-13.349169078353988,0
4.832,-6.037966318525924,0
4.834,-3.9583122156178825,0
4.836,2.617548396003759,0
4.838,0.8206237275190427,0
4.84,-0.45001193678760787,0
4.842,-1.9187356100222699,0
4.844,-2.599084005535725,0
4.846,1.9116658334431154,0
4.848,10.628463618956413,0
4.85,-4.015244925257344,0
4.852,-8.3015488596923,0
4.854,8.55875367533611,0
4.856,-1.6040900520719705,0
4.858,-6.790095235573971,0
4.86,-3.442146783924988,0
4.862,-4.289625281496414,0
4.864,3.148818773296967,0
4.866,-9.356675350890205,0
4.868,-2.045842507328621,0
4.87,-2.212910530188717,0
4.872,4.183313641859041,0
4.874,-1.7385886081966062,0
4.876,-3.229112575559027,0
4.878,-9.780828493813146,0
4.88,-9.286677430672986,0
4.882,-0.7043704509477289,0
4.884,-1.4145851428616265,0
4.886,3.384554196911932,0
4.888,5.718595305797628,0
4.89,-5.225885753195201,0
4.892,0.2619023699846668,0
4.894,-1.6627595379167353,0
4.896,-6.262164335269132,0
4.898,-1.8431438214792095,0
4.9,-0.10950184580626034,0
4.902,1.2083682893470582,0
4.904,0.7631538666998859,0
4.906,-3.2676014219553626,0
4.908,2.9878765675878234,0
4.91,3.174971335628444,0
4.912,-3.5932495408941745,0
4.914,-1.4085360237669504,0
4.916,-2.7330815809424993,0
4.918,-6.019750834760833,0
4.92,-0.2683326003933651,0
4.922,-6.469780221235681,0
4.924,2.8811447987579633,0
4.926,2.840062596581751,0
4.928,-12.838035332573346,0
4.93,6.963713226591381,0
4.932,-3.0673872591311393,0
4.934,-0.09485499459012363,0
4.936,2.5494788471082233,0
4.938,0.47409135662867863,0
4.94,-2.4773936278688216,0
4.942,0.6228913942173774,0
4.944,-0.6446423214436645,0
4.946,7.248132486811051,0
4.948,3.7505942155986407,0
4.95,-10.400109990354911,0
4.952,-12.058914225372876,0
4.954,11.159765979979982,0
4.956,1.2258660524514415,0
4.958,4.644020602038589,0
4.96,-4.5136363689920485,0
4.962,1.9951848035793893,0
4.964,-8.23667076731069,0
4.966,-3.391452502276217,0
4.968,6.60433897700412,0
4.97,-5.178359632723007,0
4.972,-2.3524760529752333,0
4.974,-0.9516814403880555,0
4.976,5.829769550635382,0
4.978,0.966784624437379,0
4.98,1.8334015790204259,0
4.982,5.8479754827306,0
4.984,2.3553046248053167,0
4.986,-0.5347858978883819,0
4.988,5.23948938469787,0
4.99,5.323184958535203,0
4.992,-4.065406939167777,0
4.994,-1.5504810520402221,0
4.996,0.17298106891035125,0
4.998,2.3750025689110776,0
5.0,0.8013961079799135,1
5.002,-8.366152940687424,0
5.004,-7.118581338074922,0
5.006,5.528243867221419,0
5.008,8.97742425046239,0
5.01,-1.8273084057999427,0
5.012,-0.4610539494093334,0
5.014,-8.460955052374805,0
5.016,1.506331791287449,0
5.018,-6.6809236379624615,0
5.02,1.795228712527857,0
5.022,-2.1037292620924934,0
5.024,3.8488209107044984,0
5.026,4.43747951874793,0
5.028,-3.508242854255139,0
5.03,-3.9185500659680534,0
5.032,-1.7841083273708116,0
5.034,-4.414006181939655,0
5.036,-4.369455276247451,0
5.038,1.5257091749509721,0
5.04,-0.3615023706993289,0
5.042,-7.246099699773679,0
5.044,-8.67018142658353,0
5.046,9.977447135161846,0
5.048,-7.01254720920725,0
5.05,-0.7237160634579554,0
5.052,-4.368154568906339,0
5.054,7.071407218508617,0
5.056,-2.9426786212395544,0
5.058,-9.287703249175408,0
5.06,10.20991051198868,0
5.062,-7.898757436114564,0
5.064,-1.9452506020122116,0
5.066,-11.44854989494275,0
5.068,-6.374910048671142,0
5.07,0.6982481938969327,0
5.072,-6.308908242155006,0
5.074,-0.5476230050676487,0
5.076,2.777311318996377,0
5.078,-3.0182906436422146,0
5.08,-5.071787093201771,0
5.082,1.3084508571283897,0
5.084,-0.22160306779455663,0
5.086,-1.4242870327003918,0
5.088,-2.394375004025199,0
5.09,-8.511159148715254,0
5.092,-2.531097871951414,0
5.094,1.7098853506380074,0
5.096,-6.375920067337774,0
5.098,-7.4028815410390125,0
5.1,-4.383645442157208,0
5.102,0.6412102954633645,0
5.104,-1.9373023439850519,0
5.106,-12.337473337565674,0
5.108,-4.114699318416944,0
5.11,-0.11597491634548884,0
5.112,-2.2812980640076965,0
5.114,1.3121267877585927,0
5.116,-1.4850027043147644,0
5.118,-1.6634754909520368,0
5.12,2.5471670504327633,0
5.122,0.9976889878984001,0
5.124,-0.5836918754300295,0
5.126,-0.8091026282275091,0
5.128,-6.941936897702638,0
5.13,0.41042861378463136,0
5.132,4.3619057298306085,0
5.134,3.83917891379168,0
5.136,-1.4875398125647101,0
5.138,-3.653405430829196,0
5.14,6.0493930198263985,0
5.142,-4.89081772185103,0
5.144,1.5975866516778117,0
5.146,1.2017202648838954,0
5.148,2.6010330207917622,0
5.15,3.574947844675331,0
5.152,-5.349758149018447,0
5.154,-4.023192718333437,0
5.156,-0.8680152875415006,0
5.158,-6.292449783087292,0
5.16,6.350283651116827,0
5.162,9.221399627796808,0
5.164,9.245690435072744,0
5.166,3.901338043192921,0
5.168,-0.7644084527531421,0
5.17,0.07572428025834288,0
5.172,7.862831257815112,0
5.174,1.0248736699666292,0
5.176,-2.592208719275276,0
5.178,0.5303681133836395,0
5.18,0.5079409053409885,0
5.182,4.86118413372769,0
5.184,5.612729275296759,0
5.186,9.994517949353394,0
5.188,-1.6155459356156836,0
5.19,11.105367613067857,0
5.192,11.060523662920954,0
5.194,9.144882377176437,0
5.196,12.355234145949538,0
5.198,2.0657839296389335,0
5.2,6.5260740011665135,0
5.202,0.4151389950873412,0
5.204,-3.355669567477931,0
5.206,2.9142960896766565,0
5.208,1.9244231319351455,0
5.21,5.390552777637546,0
5.212,10.755044847048717,0
5.214,8.863199376639477,0
5.216,2.102501520966544,0
5.218,7.216657014073337,0
5.22,1.5348902692042428,0
5.222,3.3221658155262874,0
5.224,7.152972900389304,0
5.226,5.543047209800939,0
5.228,6.856149969971614,0
5.23,13.042135260998567,0
5.232,11.272147052168801,0
5.234,9.414863889836239,0
5.236,-4.987575176493443,0
5.238,15.86730503453455,0
5.24,10.186329014404919,0
5.242,12.81371907738082,0
5.244,4.817502753375458,0
5.246,5.556014565330682,0
5.248,7.767575052879594,0
5.25,1.7989207755574923,0
5.252,5.82712966480045,0
5.254,12.297718329872133,0
5.256,5.775666144789177,0
5.258,0.22227313272848281,0
5.26,-1.0289871816890486,0
5.262,5.9631104100904055,0
5.264,2.7952532977946056,0
5.266,11.349375323458979,0
5.268,-1.3870461623455843,0
5.27,3.1200896012814976,0
5.272,4.456379103369853,0
5.274,2.100239005969642,0
5.276,10.146393041373344,0
5.278,6.759599773769635,0
5.28,3.77573634468917,0
5.282,-1.0673783425401586,0
5.284,-7.2567774610125895,0
5.286,2.3273586459916786,0
5.288,-4.563049404589897,0
5.29,7.60012860665679,0
5.292,5.137546801710691,0
5.294,2.761289764969166,0
5.296,6.248743957390223,0
5.298,-5.04144489994908,0
5.3,7.586314448642369,0
5.302,1.6351018434160105,0
5.304,12.2494597842048,0
5.306,-3.027985510082764,0
5.308,-5.157636986071165,0
5.31,-7.814720479742255,0
5.312,-2.495179125787305,0
5.314,2.6367010711995187,0
5.316,2.453932191418862,0
5.318,5.936489310350332,0
5.32,-4.751021229473108,0
5.322,0.7215515228862027,0
5.324,-3.5666177097414407,0
5.326,3.36610919416751,0
5.328,2.2742569162162636,0
5.33,8.673394246120514,0
5.332,2.9364236924441154,0
5.334,-6.975161632873995,0
5.336,-3.3270388001881015,0
5.338,-2.9683794476623406,0
5.34,1.1806279916486782,0
5.342,-0.9141736990713116,0
5.344,4.651491129608465,0
5.346,-10.310590735234586,0
5.348,8.799407780656606,0
5.35,4.962239957389516,0
5.352,-14.769903227442276,0
5.354,-3.436390830363738,0
5.356,2.449608366143256,0
5.358,-0.022540065801285925,0
5.36,0.7996078182624433,0
5.362,-2.950958500111401,0
5.364,-0.4229176768143708,0
5.366,-1.1240350196208497,0
5.368,1.2359038945357317,0
5.37,0.9890694261054427,0
5.372,0.12403528364426007,0
5.374,-1.6881571744502835,0
5.376,0.371994733118369,0
5.378,-2.8022585903630057,0
5.38,-0.2439525740604272,0
5.382,-4.302660780628793,0
5.384,-1.7302821931796415,0
5.386,6.2114088084281445,0
5.388,3.2458960396805834,0
5.39,4.308068399343505,0
5.392,1.0456395158496976,0
5.394,-1.0472578410449815,0
5.396,-5.4181105291558564,0
5.398,-4.845773723989656,0
5.4,-5.1432471680354634,0
5.402,-2.5972839126133693,0
5.404,0.3613622433529726,0
5.406,-3.0130827584615445,0
5.408,1.4152706213739665,0
5.41,-1.454673885764166,0
5.412,-3.421180944623304,0
5.414,-2.239853906784069,0
5.416,-5.170059403654559,0
5.418,-3.811946178483411,0
5.42,-1.960351364081638,0
5.422,4.348863788357306,0
5.424,2.403395680970399,0
5.426,6.5640949915817,0
5.428,-10.703266839274507,0
5.43,1.0867036100643803,0
5.432,-3.6651408818034197,0
5.434,-2.2183642696197956,0
5.436,2.348493014154411,0
5.438,-0.752942409569206,0
5.44,1.3226694850983318,0
5.442,-0.0974395514631778,0
5.444,-1.3233283717419424,0
5.446,0.729947423138019,0
5.448,-8.502807665864463,0
5.45,0.4336855085815041,0
5.452,-0.42075924924016106,0
5.454,1.5361736229675258,0
5.456,5.685803443345074,0
5.458,0.22156152647148547,0
5.46,-3.1869691738319497,0
5.462,2.7603260813628268,0
5.464,-1.278768144504925,0
5.466,-0.18964170435502242,0
5.468,6.743153724681483,0
5.47,8.482841482880872,0
5.472,2.5325755625786437,0
5.474,1.7361018564397226,0
5.476,2.7804586171964374,0
5.478,5.34466052396885,0
5.48,3.488319501060641,0
5.482,-12.108476249843553,0
5.484,2.3617597003755626,0
5.486,-9.283925473376481,0
5.488,-3.8964836732726567,0
5.49,3.6169482504077997,0
5.492,5.224887589832838,0
5.494,-0.6673153828174492,0
5.496,-0.7981106800951501,0
5.498,-1.8939519957220305,0
5.5,4.251967442149176,0
5.502,3.0924447307674625,0
5.504,1.5313120477050748,0
5.506,0.0748784401645001,0
5.508,-0.43967014285779876,0
5.51,-2.30403311829459,0
5.512,-9.185691320949601,0
5.514,-1.0509236652697178,0
5.516,-3.02332291590821,0
5.518,6.749873850142665,0
5.52,-6.057077701686891,0
5.522,-1.975691330196528,0
5.524,8.74788231522527,0
5.526,-2.136539714164669,0
5.528,0.9585523241328214,0
5.53,9.53635323881972,0
5.532,5.122485525324063,0
5.534,2.671460724117275,0
5.536,4.252946406703847,0
5.538,1.8211989235200063,0
5.54,-0.37595747635030313,0
5.542,3.169000124543114,0
5.544,6.272273746316186,0
5.546,-1.0099234258048184,0
5.548,-4.452497262420955,0
5.55,-10.551519211467673,0
5.552,3.356814380618079,0
5.554,6.609791849376992,0
5.556,4.931097757082137,0
5.558,-8.722166251017939,0
5.56,1.2825060156070482,0
5.562,6.7862261520863445,0
5.564,7.7190015021148035,0
5.566,1.5816459483080008,0
5.568,-2.220189278396941,0
5.57,-11.171828449486519,0
5.572,-0.04392785627799436,0
5.574,3.3015798491829513,0
5.576,-2.7234446135712838,0
5.578,4.712112159950388,0
5.58,-0.3664471121756579,0
5.582,-1.282775421329466,0
5.584,3.831196819471983,0
5.586,5.17007398759202,0
5.588,-3.4182044480378506,0
5.59,5.963215958131136,0
5.592,1.6879775443354204,0
5.594,0.9101896937493019,0
5.596,-4.39072136559581,0
5.598,3.063502162225462,0
5.6,6.931636738909391,0
5.602,5.467330931219935,0
5.604,2.206303305660577,0
5.606,-7.58018461433613,0
5.608,-5.440880946601886,0
5.61,-8.93590680801347,0
5.612,-7.709927315439903,0
5.614,-7.837470324011237,0
5.616,5.357428434503644,0
5.618,1.012071025441733,0
5.62,-2.4391237373660215,0
5.622,-8.340685241134464,0
5.624,7.843551119847641,0
5.626,-0.2832776682162684,0
5.628,4.107968485394436,0
5.63,-5.55076613645733,0
5.632,-5.085466872353082,0
5.634,3.019904029195064,0
5.636,0.7280120546224406,0
5.638,3.3122376201141086,0
5.64,-3.5560481980026024,0
5.642,1.072225896477254,0
5.644,-2.9270805080091105,0
5.646,-4.795650746855362,0
5.648,1.5053828916664027,0
5.65,-3.134854964523191,0
5.652,1.349629164735378,0
5.654,6.018180940923487,0
5.656,-3.84623484907825,0
5.658,6.101766098339166,0
5.66,3.805785528281043,0
5.662,-10.24929787262364,0
5.664,-1.0716773722389967,0
5.666,9.6151895112149,0
5.668,6.371603700028036,0
5.67,4.386325739002417,0
5.672,1.8712681858749343,0
5.674,-11.980925270066319,0
5.676,-4.5277963907425125,0
5.678,7.004433364433841,0
5.68,6.628801368751192,0
5.682,-0.5014349630605758,0
5.684,-0.6706962978064686,0
5.686,4.963364160026206,0
5.688,-2.5529450180469597,0
5.69,-16.737286576690593,0
5.692,-4.622625519579964,0
5.694,-7.8550014413377784,0
5.696,6.541154029226202,0
5.698,-7.522785256458678,0
5.7,7.678048666404585,0
5.702,-5.548303223028709,0
5.704,8.696965008895285,0
5.706,7.477399020082466,0
5.708,1.2872613227690084,0
5.71,-1.356947509172297,0
5.712,4.9807462646203176,0
5.714,-4.553053611713092,0
5.716,12.187440356600634,0
5.718,-2.9266396580989373,0
5.72,-9.042704755645017,0
5.722,0.816642801183721,0
5.724,-0.11742039472992596,0
5.726,3.4249558133458273,0
5.728,-4.256179751846125,0
5.73,4.196379096399127,0
5.732,-2.4372268106214454,0
5.734,5.149568799463479,0
5.736,-3.4187522701497537,0
5.738,4.302977508480465,0
5.74,1.3815059003543462,0
5.742,1.992944676805207,0
5.744,2.2386583387888583,0
5.746,-2.4848312204598035,0
5.748,-5.084681216818037,0
5.75,7.691805225821233,0
5.752,-5.982538319345185,0
5.754,-1.3174639672633632,0
5.756,2.6429107065166777,0
5.758,-3.5722810974859525,0
5.76,10.91613033459099,0
5.762,8.906911354040977,0
5.764,1.8318259677546997,0
5.766,2.754993240639965,0
5.768,2.7817763687153487,0
5.77,-3.910336471166949,0
5.772,-1.6759959078863096,0
5.774,0.27819094347221174,0
5.776,-5.016912720524331,0
5.778,-3.7347433093134614,0
5.78,-1.9915562353589824,0
5.782,-0.3498602835112855,0
5.784,-0.702659883726074,0
5.786,4.360056073306876,0
5.788,4.5355500313704695,0
5.79,8.968515216327205,0
5.792,3.6167173417475453,0
5.794,-1.1725070107495232,0
5.796,-7.298312565004269,0
5.798,-1.3195508921238985,0
5.8,-0.7340114464157882,0
5.802,-10.11524681080811,0
5.804,6.826462693653817,0
5.806,-1.9058205860600141,0
5.808,2.7443707573639116,0
5.81,-6.752692894821367,0
5.812,2.279679599658584,0
5.814,8.78592797227267,0
5.816,4.53207022661507,0
5.818,1.3599308446681362,0
5.82,-2.7468687199160957,0
5.822,6.114889577342439,0
5.824,0.035397997985113644,0
5.826,1.9530287961151858,0
5.828,-5.5840807589215045,0
5.83,3.190491547828606,0
5.832,0.10014193881868541,0
5.834,3.198641244451313,0
5.836,5.182634720315121,0
5.838,-1.082001126487062,0
5.84,6.149822115850186,0
5.842,-5.1638220815002995,0
5.844,0.26948987757121645,0
5.846,-10.22650500533733,0
5.848,-0.9907012164153888,0
5.85,3.6438697027163367,0
5.852,2.09453679135273,0
5.854,4.669995707339138,0
5.856,3.111712567686973,0
5.858,2.81745698881197,0
5.86,10.148387678438564,0
5.862,7.915936133968852,0
5.864,9.086483970749688,0
5.866,2.3522162028383042,0
5.868,2.4478315448282335,0
5.87,8.213703039204454,0
5.872,4.734201129469662,0
5.874,-2.4996179263960974,0
5.876,0.6358242832388257,0
5.878,4.51394724634233,0
5.88,-4.1079195270277,0
5.882,7.8013285310129765,0
5.884,-4.961849354277255,0
5.886,-6.517343711207778,0
5.888,5.290955615597591,0
5.89,0.45899869887595585,0
5.892,-1.383521169633743,0
5.894,4.817398763451584,0
5.896,1.8724048605533907,0
5.898,3.902360768190042,0
5.9,-7.867239978522481,0
5.902,10.362700469885388,0
5.904,-3.0128520743637544,0
5.906,4.375812847323986,0
5.908,-1.077425069483098,0
5.91,8.654155444590447,0
5.912,-2.6575106912627118,0
5.914,-4.302370319801007,0
5.916,-1.693400404557506,0
5.918,5.5884109389170415,0
5.92,1.4226052297076621,0
5.922,-1.2550199461399816,0
5.924,7.343742728379731,0
5.926,-9.857931024062427,0
5.928,-2.223625251402667,0
5.93,-9.56222350159767,0
5.932,5.094828513735056,0
5.934,5.233495671436216,0
5.936,1.086064008344858,0
5.938,5.580056253293121,0
5.94,5.562506170005987,0
5.942,0.22165709415051843,0
5.944,7.763561162879001,0
5.946,0.9859386228148965,0
5.948,-1.2416678938392096,0
5.95,-0.15391388539989148,0
5.952,-5.96631532020839,0
5.954,-0.4171381475400797,0
5.956,-6.906212836651546,0
5.958,-3.8447371089878293,0
5.96,0.13179111983404315,0
5.962,-1.741868485132885,0
5.964,3.872686608311391,0
5.966,-8.584717570056055,0
5.968,-0.5046993652367178,0
5.97,8.17572422123904,0
5.972,-5.734503045825453,0
5.974,-0.8118467794812927,0
5.976,-8.894131908271419,0
5.978,10.609023103919009,0
5.98,-4.563126899999322,0
5.982,12.306286387913948,0
5.984,0.9399454538928056,0
5.986,-2.922075787500579,0
5.988,-1.2624136091428182,0
5.99,8.35993018768618,0
5.992,-7.6563933097720795,0
5.994,-0.8204263782993236,0
5.996,6.91650002009837,0
5.998,6.344000849739678,0
6.0,1.6460796621275393,1
6.002,-0.05752667575157931,0
6.004,2.483334057976526,0
6.006,3.6929858387862162,0
6.008,2.4382929345822832,0
6.01,12.702432421895448,0
6.012,-2.531981316463604,0
6.014,4.147793071819391,0
6.016,6.18775226494414,0
6.018,-1.2131785508253752,0
6.02,-2.4372990506968963,0
6.022,-1.7158812181260874,0
6.024,13.009419598648272,0
6.026,5.80372825738946,0
6.028,-0.35113679929463176,0
6.03,8.958709042385186,0
6.032,-4.342017222272898,0
6.034,5.699046583197293,0
6.036,3.1040990221963565,0
6.038,-6.230285874089723,0
6.04,-1.5417193026366118,0
6.042,-4.796766297960752,0
6.044,6.879547277685005,0
6.046,0.3969168086291637,0
6.048,8.69982093090573,0
6.05,-2.528161952681535,0
6.052,3.166878105358684,0
6.054,-6.380695266457163,0
6.056,-2.5618495551042506,0
6.058,9.581190762548554,0
6.06,-8.482829486233246,0
6.062,2.482958384742104,0
6.064,2.301150222307488,0
6.066,-8.733068835445989,0
6.068,0.9748980670951752,0
6.07,1.3828445522564556,0
6.072,-1.252457172881757,0
6.074,-5.161272025837488,0
6.076,-2.0841264668836823,0
6.078,0.4703512786773487,0
6.08,-1.3169007565978759,0
6.082,-4.4024570773067255,0
6.084,-4.5909033611684045,0
6.086,-10.037622000645982,0
6.088,-4.844881701245577,0
6.09,-6.267356535560989,0
6.092,-6.7506304870737335,0
6.094,-4.5254775670771945,0
6.096,0.021090965371587167,0
6.098,-8.09837648931905,0
6.1,-5.791170308525832,0
6.102,1.5543110021569437,0
6.104,0.6742705943835516,0
6.106,-0.5670742288069794,0
6.108,-3.3912717275625237,0
6.11,-7.762974535221552,0
6.112,-10.65898470643069,0
6.114,-4.548444454614733,0
6.116,-4.358509408019237,0
6.118,-2.7236053408935454,0
6.12,-10.89478828577028,0
6.122,-8.24241710070845,0
6.124,2.397587228269531,0
6.126,1.09188958291808,0
6.128,-2.802658541851639,0
6.13,1.8346070434784407,0
6.132,-2.3140993702283437,0
6.134,-0.5499350832594824,0
6.136,4.146390915115704,0
6.138,3.0882407024503657,0
6.14,16.00470064401238,0
6.142,-2.2887508096891214,0
6.144,8.906511488143067,0
6.146,-9.649089375943872,0
6.148,10.520932189522357,0
6.15,7.427915318482574,0
6.152,-3.6230476189834744,0
6.154,15.052968755374605,0
6.156,3.0047369994815996,0
6.158,-0.9466263182085353,0
6.16,-0.483179274853319,0
6.162,8.204006457580524,0
6.164,0.006651767010242171,0
6.166,7.930717893053471,0
6.168,0.8545435000226207,0
6.17,-8.397619617932795,0
6.172,11.53075279235607,0
6.174,-4.503849972156881,0
6.176,1.7651600955725764,0
6.178,17.621898076019637,0
6.18,-1.9121162118472492,0
6.182,7.523055885820042,0
6.184,10.518255256807786,0
6.186,10.353490429557516,0
6.188,-5.002272027824426,0
6.19,9.420985403749759,0
6.192,7.1621435675377985,0
6.194,2.342468559397215,0
6.196,1.4173163433322449,0
6.198,11.888270741396658,0
6.2,11.319598090913637,0
6.202,-0.2713300664592051,0
6.204,2.492970787608199,0
6.206,0.3644552735594173,0
6.208,6.151117849220183,0
6.21,8.07276622696832,0
6.212,5.1189136421071915,0
6.214,11.718155366566766,0
6.216,7.239482603614341,0
6.218,11.483656560627201,0
6.22,4.473081976804905,0
6.222,7.54335356727538,0
6.224,10.28620132031853,0
6.226,3.372640962687325,0
6.228,2.5910027879979163,0
6.23,2.318688471743042,0
6.232,6.595211098245984,0
6.234,2.986400230725777,0
6.236,9.846935001582732,0
6.238,8.26581313771209,0
6.24,9.709275509035647,0
6.242,15.67691691609632,0
6.244,0.9205943009604223,0
6.246,14.905151704107727,0
6.248,10.798109991651437,0
6.25,1.5549405624466468,0
6.252,16.0589778191194,0
6.254,7.495685581868035,0
6.256,7.01231092194301,0
6.258,-2.2861162767665144,0
6.26,9.010003339512764,0
6.262,5.061464176246899,0
6.264,4.80898358213877,0
6.266,0.8198722559874385,0
6.268,8.23626760961274,0
6.27,8.22916889089667,0
6.272,7.689197989126085,0
6.274,6.328886293056197,0
6.276,-0.4021490385059021,0
6.278,-1.3791080883643025,0
6.28,1.5012184802357331,0
6.282,-0.47887358435535976,0
6.284,2.6507776300717723,0
6.286,4.049067136865313,0
6.288,-3.8635684605553933,0
6.29,0.28392026857462915,0
6.292,5.132587436707581,0
6.294,-6.17803476592883,0
6.296,1.8405023867147179,0
6.298,9.38481884871999,0
6.3,-1.7637184742568657,0
6.302,-7.40305090940923,0
6.304,5.113737776973084,0
6.306,3.7855916837510795,0
6.308,-3.4563322424723673,0
6.31,2.6276431506005067,0
6.312,7.70502145017249,0
6.314,1.565605691239888,0
6.316,4.418093883318614,0
6.318,-1.232553436003817,0
6.32,2.1511285862015717,0
6.322,-6.2097028563096215,0
6.324,3.0046530186871636,0
6.326,5.618217845487232,0
6.328,-7.12008068826373,0
6.33,8.076940063816476,0
6.332,4.484359896090284,0
6.334,-1.9289812437652731,0
6.336,4.942750939896923,0
6.338,-7.44929608233451,0
6.34,6.124700770963215,0
6.342,-3.6671994155436307,0
6.344,-1.5606659478444531,0
6.346,4.290795230842329,0
6.348,-0.7843651971195333,0
6.35,2.7927274522381627,0
6.352,2.4519279868082897,0
6.354,-5.139585389379546,0
6.356,-2.33777283512783,0
6.358,0.01294931967592261,0
6.36,2.8163743449127567,0
6.362,7.571761733823446,0
6.364,9.107154596273647,0
6.366,2.983780185287907,0
6.368,10.082993625318434,0
6.37,4.594033224826731,0
6.372,2.236013399361449,0
6.374,-4.501378417624145,0
6.376,4.930600526935367,0
6.378,-2.7971990574020933,0
6.38,-2.1605006240535647,0
6.382,3.1624534168610863,0
6.384,2.2703277506159147,0
6.386,2.323862374486818,0
6.388,-0.1926150439990656,0
6.39,9.875662134538894,0
6.392,-10.460449763128421,0
6.394,4.809331533753188,0
6.396,6.117062178845009,0
6.398,0.019572865191522792,0
6.4,5.108636178005817,0
6.402,-12.25743462933244,0
6.404,-4.097571192101367,0
6.406,-5.477331175062094,0
6.408,2.1449196010017304,0
6.41,-3.834519758533402,0
6.412,4.71722705572759,0
6.414,-0.0975708220069154,0
6.416,-3.607223537210512,0
6.418,-0.1205735944750637,0
6.42,-4.789002858402985,0
6.422,4.843833145395214,0
6.424,2.5706522975687087,0
6.426,12.6668392467537,0
6.428,3.2608178953103457,0
6.43,-6.712843437923792,0
6.432,-1.8830497761088996,0
6.434,-4.338764880508177,0
6.436,4.729013876685064,0
6.438,-3.112305594517945,0
6.44,-2.8121713097893757,0
6.442,-3.7662179177342705,0
6.444,4.0173079971774,0
6.446,-3.2466663398257753,0
6.448,8.832202409962433,0
6.45,-1.8172943443838914,0
6.452,2.79518838610229,0
6.454,-7.883840099726444,0
6.456,-3.1489537675468724,0
6.458,-0.8535749365273069,0
6.46,-1.691364093304835,0
6.462,3.424542792880806,0
6.464,5.023070332697733,0
6.466,2.568015723371992,0
6.468,0.6866982716264923,0
6.47,-8.477777207294594,0
6.472,4.552607991011556,0
6.474,-2.9637814321745433,0
6.476,7.599669426265525,0
6.478,1.786964737042443,0
6.48,4.65251592079584,0
6.482,-0.22916954213463123,0
6.484,-12.573232942312112,0
6.486,7.483123846089307,0
6.488,-5.5781306815601654,0
6.49,-1.6345154182978372,0
6.492,-2.134120023996893,0
6.494,-8.399703282350274,0
6.496,-10.878064588640797,0
6.498,4.256812098130511,0
6.5,-2.36961492678854,0
6.502,-1.5270760713978104,0
6.504,1.9927289344431884,0
6.506,5.919601370782634,0
6.508,4.571447713960309,0
6.51,4.164330704676411,0
6.512,3.5112665619474925,0
6.514,-3.5724275201520364,0
6.516,-1.7044829456555877,0
6.518,2.284169658494282,0
6.52,1.1236847932067113,0
6.522,1.0630008478710533,0
6.524,3.3658633644206373,0
6.526,7.048201794368754,0
6.528,-1.20518838475655,0
6.53,4.194977980629484,0
6.532,0.3226016512340394,0
6.534,3.9271777491225888,0
6.536,3.113102716279162,0
6.538,-7.4321767036968085,0
6.54,-2.4348280142452605,0
6.542,1.8605684065106192,0
6.544,-2.9762397473080426,0
6.546,6.137759145400088,0
6.548,2.8778095782053184,0
6.55,1.241942928812984,0
6.552,4.027115678876097,0
6.554,-0.3779020382241834,0
6.556,-1.5901467695180516,0
6.558,0.12341471209204542,0
6.56,2.2228271302791045,0
6.562,-1.4661723085381617,0
6.564,-0.25885705177184776,0
6.566,0.2083585046060651,0
6.568,-5.957199191544123,0
6.57,-4.458098154221858,0
6.572,-6.516769393159782,0
6.574,5.405277255454768,0
6.576,-0.26741841234282104,0
6.578,1.7842591975680964,0
6.58,-4.939581064812122,0
6.582,-2.995433757227408,0
6.584,5.379094213956626,0
6.586,1.7902403090852763,0
6.588,5.978711794522718,0
6.59,-3.0423003197036937,0
6.592,-4.01777132165225,0
6.594,9.538428827179718,0
6.596,-4.605702787700589,0
6.598,7.886243334973504,0
6.6,-3.8653762801605067,0
6.602,7.174297191753911,0
6.604,-0.4052013768246849,0
6.606,2.064691975984579,0
6.608,-2.095796872969462,0
6.61,1.850747979912272,0
6.612,-7.256815295384033,0
6.614,4.179885461093578,0
6.616,1.9454590184011376,0
6.618,1.59294167111114,0
6.62,1.1394002077256706,0
6.622,-8.001788086214287,0
6.624,-0.1294013003565214,0
6.626,-1.68239375986569,0
6.628,-11.58003439078924,0
6.63,-1.2032268883416766,0
6.632,-3.46960773873171,0
6.634,-3.7463179718758117,0
6.636,4.598473618350118,0
6.638,-1.3377120041633204,0
6.64,-8.667620993474637,0
6.642,-2.9939474233564707,0
6.644,12.641081542155048,0
6.646,-7.3280229414055285,0
6.648,-4.959142434919921,0
6.65,4.000429242196137,0
6.652,-0.31340252319038375,0
6.654,-11.395497100730154,0
6.656,-7.396397767174763,0
6.658,-7.9857439720170165,0
6.66,-3.558229435616437,0
6.662,-3.7159872374109604,0
6.664,2.8822195555412273,0
6.666,-1.0556473043693457,0
6.668,-3.1649385694560435,0
6.67,5.251640381811966,0
6.672,4.007067898673709,0
6.674,-2.758205701066767,0
6.676,2.084630755285273,0
6.678,5.366399784845532,0
6.68,-6.180031085500203,0
6.682,0.8949561056461344,0
6.684,3.9917295119581535,0
6.686,-3.373912615228887,0
6.688,8.822779007701204,0
6.69,8.706102033139294,0
6.692,-6.975881502892433,0
6.694,-0.09351115399894966,0
6.696,2.3819937157816566,0
6.698,-2.132625781824961,0
6.7,-7.218546192393286,0
6.702,5.124764035916005,0
6.704,-2.282151766799247,0
6.706,-2.407142054251977,0
6.708,-4.108867896607912,0
6.71,0.4017308168906093,0
6.712,9.66586966958783,0
6.714,-5.826090762641871,0
6.716,1.8792264768988463,0
6.718,-7.117690507700641,0
6.72,-0.07693348469284685,0
6.722,-6.587848418581372,0
6.724,-4.031729830172087,0
6.726,-5.864115844689794,0
6.728,-1.8921972080694154,0
6.73,-2.308510661807959,0
6.732,3.3799110905102383,0
6.734,2.221936054146644,0
6.736,-3.9969036251355208,0
6.738,-5.0105077241748255,0
6.74,-3.545466074120382,0
6.742,-7.0429901813993006,0
6.744,-6.36092205417606,0
6.746,-4.678560170462364,0
6.748,-1.8205274792198392,0
6.75,9.244137657075731,0
6.752,4.586097694663725,0
6.754,-2.0573895452948547,0
6.756,-7.074084805187297,0
6.758,-2.613178472980526,0
6.76,-4.3283087991860905,0
6.762,-4.2136055022114665,0
6.764,8.160889354839338,0
6.766,1.123407646872741,0
6.768,-2.303220511542447,0
6.77,-1.9816783516750034,0
6.772,-6.122977693434212,0
6.774,-1.4571173607319312,0
6.776,6.544597706282619,0
6.778,-8.077310871123426,0
6.78,-2.680800060005686,0
6.782,9.971709759513889,0
6.784,-0.11420361447300495,0
6.786,2.7930525738662704,0
6.788,2.2455668010819902,0
6.79,5.749090082017595,0
6.792,1.3127150754479822,0
6.794,-0.09740824761564162,0
6.796,-4.351184887367687,0
6.798,-3.5360718672656324,0
6.8,2.4705772328360425,0
6.802,0.6629007393723834,0
6.804,-0.09573672779490687,0
6.806,0.31183763302556455,0
6.808,7.167369164346634,0
6.81,-0.43939976721799995,0
6.812,0.3526708775578187,0
6.814,-2.3768160723624785,0
6.816,-1.455892677783418,0
6.818,-1.734608785277376,0
6.82,5.746140678420376,0
6.822,3.8077256223620752,0
6.824,2.2132675371647217,0
6.826,5.509551109484912,0
6.828,-0.09664975689357047,0
6.83,-0.4596672179778164,0
6.832,-4.612673469092292,0
6.834,-3.758240491610753,0
6.836,2.9983133352281963,0
6.838,-2.882295248006078,0
6.84,0.024820308157431675,0
6.842,-3.824366997342361,0
6.844,9.679654234671519,0
6.846,-1.8021321762349762,0
6.848,-5.43146190446237,0
6.85,7.728996658669916,0
6.852,-2.7663471084670084,0
6.854,6.659500455307064,0
6.856,4.551843505185343,0
6.858,-5.20229006497099,0
6.86,-2.8758823648475342,0
6.862,-3.1885321789389094,0
6.864,1.7413401027312148,0
6.866,-0.27847100101956535,0
6.868,-0.2929449781650648,0
6.87,5.56593654519194,0
6.872,-2.4758391687190313,0
6.874,1.1501742995710198,0
6.876,9.795324976689711,0
6.878,5.136610917922642,0
6.88,6.039950267482631,0
6.882,2.4702949350405143,0
6.884,2.0511200120255486,0
6.886,-7.932817051597256,0
6.888,-7.054628109493432,0
6.89,5.420060199338612,0
6.892,-1.1820112994298102,0
6.894,-2.3191092616289537,0
6.896,-0.9164343326545018,0
6.898,3.234281198677104,0
6.9,-9.192068517786234,0
6.902,3.4304705269872175,0
6.904,0.3616746231783416,0
6.906,0.4089809122714693,0
6.908,-7.9979096514958,0
6.91,1.070653296065836,0
6.912,-4.983627923050525,0
6.914,-0.018588441119669036,0
6.916,6.026253958946076,0
6.918,1.7663299352855388,0
6.92,9.559081004063481,0
6.922,-5.2270376629690185,0
6.924,-4.046108449510695,0
6.926,-5.017232479079504,0
6.928,5.713833905179181,0
6.93,9.190367894161724,0
6.932,-4.75261300404668,0
6.934,-3.746052014980844,0
6.936,0.16618963506805304,0
6.938,-1.0341092593994614,0
6.94,2.819287747133777,0
6.942,-1.508535145950607,0
6.944,6.2511686755871,0
6.946,3.576870646277792,0
6.948,-0.7431814406081847,0
6.95,-5.8780360414027415,0
6.952,-0.8116157695363478,0
6.954,12.608442317768287,0
6.956,-9.06391331337138,0
6.958,-7.306386732456147,0
6.96,-2.7908642848284977,0
6.962,4.16443655093008,0
6.964,1.0365633799175502,0
6.966,-0.08649300196686045,0
6.968,5.30438132577223,0
6.97,-4.200697474584877,0
6.972,-4.429012748929027,0
6.974,-3.2104914391336674,0
6.976,-6.552380765866348,0
6.978,3.7210533380128807,0
6.98,-1.7159068703782332,0
6.982,3.9563876079999134,0
6.984,-6.1899729873078995,0
6.986,-1.1756663095796738,0
6.988,4.373789204592451,0
6.99,3.366793458038422,0
6.992,-4.931227351512296,0
6.994,1.0047297322525022,0
6.996,-4.920610259295283,0
6.998,6.024181928796984,0
7.0,2.730722367526703,1
7.002,-8.40928089779441,0
7.004,-2.205693083950654,0
7.006,8.553938955450064,0
7.008,-1.5000993972303136,0
7.01,-0.6616410849781922,0
7.012,1.4282888185714517,0
7.014,-1.4597960817206723,0
7.016,4.320780361353305,0
7.018,-4.399981498025652,0
7.02,-4.752281325955138,0
7.022,-1.5304571935525633,0
7.024,-6.190646783947283,0
7.026,-3.544627238679592,0
7.028,-2.358475921849478,0
7.03,2.999725953776285,0
7.032,-1.1828736182979338,0
7.034,-4.770466218270183,0
7.036,7.863467472409986,0
7.038,1.6848555093918538,0
7.04,-2.811639946986028,0
7.042,2.416836945414435,0
7.044,4.441677375605569,0
7.046,-1.235128068919974,0
7.048,5.4816669173089645,0
7.05,8.875295427103996,0
7.052,-1.2566196841375556,0
7.054,0.1001342103727868,0
7.056,-5.171459919750066,0
7.058,-2.0263129293499818,0
7.06,3.460479423411718,0
7.062,-1.8821281346392025,0
7.064,-1.7865368094325853,0
7.066,-1.692838104838122,0
7.068,-11.048465301877913,0
7.07,-7.130321447987758,0
7.072,-6.334508869070929,0
7.074,-4.10662810025609,0
7.076,-10.10643348403929,0
7.078,-5.887427517108407,0
7.08,-1.367619124659695,0
7.082,-2.542144529284398,0
7.084,-1.193427422190629,0
7.086,-5.7350184017538925,0
7.088,-0.8672030828359754,0
7.09,5.997848725824101,0
7.092,-7.2843631228640024,0
7.094,-8.198148134771323,0
7.096,-2.1001825423704323,0
7.098,5.215713069583119,0
7.1,1.315976733836305,0
7.102,2.389385766793786,0
7.104,-7.119312006492416,0
7.106,-5.973899509859612,0
7.108,-3.8254045758209343,0
7.11,-10.073101760299547,0
7.112,-2.5467173978606987,0
7.114,-0.12369656536266582,0
7.116,-7.220057700556854,0
7.118,-0.1707626185983968,0
7.12,-5.77045807956771,0
7.122,4.941589067635665,0
7.124,0.17674817360668138,0
7.126,-2.67133329910198,0
7.128,5.0958098189675685,0
7.13,-3.438741920597624,0
7.132,-1.046308388975291,0
7.134,-4.766135235712864,0
7.136,5.470168897101866,0
7.138,3.1046831797648275,0
7.14,1.1714989881858089,0
7.142,1.3515857356522907,0
7.144,4.758376892304185,0
7.146,-0.11931976091742125,0
7.148,0.06558263859243363,0
7.15,0.2487414496106788,0
7.152,6.10054761579452,0
7.154,-0.06904243050536651,0
7.156,-8.345445896230338,0
7.158,-2.382145820389618,0
7.16,3.9644348910946734,0
7.162,3.491439852036491,0
7.164,14.774706557469742,0
7.166,2.1399100971731255,0
7.168,5.65413257289105,0
7.17,-1.5465729639264674,0
7.172,-0.6129076126973967,0
7.174,7.653153265337256,0
7.176,4.153616531541018,0
7.178,1.8438849392379968,0
7.18,9.338984861898183,0
7.182,7.849490473649362,0
7.184,8.629073830341921,0
7.186,7.339872246354179,0
7.188,4.963105029916825,0
7.19,17.466797954410275,0
7.192,5.482340516319975,0
7.194,4.079111807903342,0
7.196,8.65715518389149,0
7.198,4.160835264039696,0
7.2,13.661018943335776,0
7.202,3.569227733706434,0
7.204,11.948701967653525,0
7.206,8.451084210372136,0
7.208,0.46877318781113253,0
7.21,15.550750526355282,0
7.212,3.8284113379434848,0
7.214,11.967706803547337,0
7.216,5.596302046330989,0
7.218,1.4872595422492596,0
7.22,3.3653396163598632,0
7.222,10.26353853193475,0
7.224,10.873577497816118,0
7.226,11.79422084453333,0
7.228,-3.870774705475184,0
7.23,7.20174959196938,0
7.232,0.3882631039820481,0
7.234,9.345534832597412,0
7.236,6.213782542092603,0
7.238,17.273813403665482,0
7.24,1.508933052890229,0
7.242,2.5505541022951985,0
7.244,11.906032635620655,0
7.246,2.792071105890665,0
7.248,-1.4950355065948164,0
7.25,10.889916448581108,0
7.252,9.411597841764536,0
7.254,12.99413913553205,0
7.256,10.474023727095942,0
7.258,5.7478052353289755,0
7.26,11.519964890419999,0
7.262,1.0659529837100994,0
7.264,-5.092921469031603,0
7.266,2.146611273270666,0
7.268,4.098856322761344,0
7.27,9.12669170162343,0
7.272,-4.448062310218988,0
7.274,8.000354388349741,0
7.276,0.895142297748456,0
7.278,7.450629519843549,0
7.28,5.323117878918804,0
7.282,9.493008885935291,0
7.284,4.128484311400344,0
7.286,1.7968682776633902,0
7.288,-4.49630975984401,0
7.29,-0.04533831818232237,0
7.292,6.910298125004862,0
7.294,1.3695912128059429,0
7.296,-2.61461892101694,0
7.298,-3.7784390778605497,0
7.3,-4.536543414269042,0
7.302,4.64526240747569,0
7.304,4.84246010109326,0
7.306,0.06042326730113712,0
7.308,3.4598176666251614,0
7.31,2.6374562470985943,0
7.312,-2.831080313079291,0
7.314,-1.4129506920594257,0
7.316,1.1897518830400342,0
7.318,-2.7702475221710214,0
7.32,-1.6897894833749958,0
7.322,-2.6058440627661255,0
7.324,4.011175919765511,0
7.326,-5.598616085182675,0
7.328,-8.910785662872001,0
7.33,3.149618975958165,0
7.332,4.226961816793443,0
7.334,-5.62439102794328,0
7.336,-0.7117997593111496,0
7.338,-6.84882538828091,0
7.34,-4.95949602118784,0
7.342,-2.1972914974339757,0
7.344,2.7305639731185978,0
7.346,-1.5632288094654325,0
7.348,0.6752276017758099,0
7.35,4.44635454295823,0
7.352,-9.077693530621971,0
7.354,-4.310274725266298,0
7.356,1.210258952155176,0
7.358,-2.3952051164398016,0
7.36,-8.12155069789081,0
7.362,-0.8811230355812453,0
7.364,-1.134142498385428,0
7.366,4.825189497861154,0
7.368,2.3668202914807392,0
7.37,0.6734068988178477,0
7.372,-3.1912399590542617,0
7.374,-4.768012063628101,0
7.376,-0.09896597032568935,0
7.378,-1.2685094435547382,0
7.38,-7.036213245424492,0
7.382,-4.119915858367817,0
7.384,6.923360454148472,0
7.386,10.5556024336022,0
7.388,9.72166534384425,0
7.39,-13.934024678040494,0
7.392,-3.486633471806314,0
7.394,-8.38431479568509,0
7.396,2.4144353656344792,0
7.398,2.9154985320158047,0
7.4,0.5572547778607061,0
7.402,-3.313365628282988,0
7.404,0.8084758168998668,0
7.406,-0.11076031522589778,0
7.408,2.236738470804323,0
7.41,2.378988776166619,0
7.412,1.2791774765271657,0
7.414,-5.0893213230855965,0
7.416,2.803407227749502,0
7.418,10.625214861451342,0
7.42,7.558450069904923,0
7.422,0.15806055081667636,0
7.424,-3.656841948429352,0
7.426,5.17773707600419,0
7.428,-0.7240669079979852,0
7.43,4.614944252273083,0
7.432,1.104186402993995,0
7.434,3.655262641313338,0
7.436,3.0935245447535324,0
7.438,0.703851418726085,0
7.44,11.597269766206436,0
7.442,1.1027497895574345,0
7.444,-7.769842463687521,0
7.446,-1.4082090840191304,0
7.448,-1.8108320510181546,0
7.45,-6.046882857083845,0
7.452,-3.120154280602537,0
7.454,-5.680745756975397,0
7.456,-1.887554181284985,0
7.458,5.5332009310245045,0
7.46,-10.904821725768722,0
7.462,-1.1976794282743304,0
7.464,2.455050627446438,0
7.466,8.108567704064637,0
7.468,-19.056534520463373,0
7.47,-3.5467488033740318,0
7.472,-6.5710051495744155,0
7.474,5.448282543890429,0
7.476,4.115202310674764,0
7.478,-4.355627125398788,0
7.48,-1.7106119958135009,0
7.482,13.495437573562821,0
7.484,0.20956921902404138,0
7.486,-2.8286968492591895,0
7.488,8.333458781275175,0
7.49,-1.8834128244345139,0
7.492,2.6200862158469675,0
7.494,-6.444864639180043,0
7.496,-0.7806614632328874,0
7.498,-0.8995013515539194,0
7.5,4.032416148268618,0
7.502,-6.49956820353642,0
7.504,-5.704328471137144,0
7.506,7.413207335053505,0
7.508,-3.41192530322435,0
7.51,-1.554028051822485,0
7.512,-0.7930290137942148,0
7.514,-0.7157647490290152,0
7.516,-8.534964055504279,0
7.518,1.4223982440329583,0
7.52,-1.963913459756766,0
7.522,-12.948529349139934,0
7.524,-0.7857191242946389,0
7.526,5.4450520081219675,0
7.528,1.6339719877261842,0
7.53,4.017259363014696,0
7.532,-2.398198889976118,0
7.534,-0.1340409710219315,0
7.536,3.9819872414848194,0
7.538,2.904207532855797,0
7.54,-5.000091222778549,0
7.542,6.613475208162851,0
7.544,6.396329461028609,0
7.546,-8.13451380492112,0
7.548,5.544454738189283,0
7.55,1.0495327320061811,0
7.552,3.7458481284761507,0
7.554,1.7074720912242078,0
7.556,-6.113230513360705,0
7.558,1.0747720964798522,0
7.56,6.873731532703322,0
7.562,0.035095316626128775,0
7.564,3.4272383460782105,0
7.566,-2.69982022832593,0
7.568,4.818928888126398,0
7.57,3.8447908722876845,0
7.572,0.6611108307915514,0
7.574,-4.936850384406436,0
7.576,8.333355473405192,0
7.578,-3.9301677086144426,0
7.58,2.9527455664681757,0
7.582,10.94754413499581,0
7.584,-3.7849279067703914,0
7.586,-2.4961942618191064,0
7.588,-8.659421198966355,0
7.59,-2.2436763553650723,0
7.592,6.0456434712601155,0
7.594,-0.7187172568659086,0
7.596,-7.601736928156027,0
7.598,3.019365550653635,0
7.6,-0.048156056091375604,0
7.602,-3.562562761747003,0
7.604,2.320887500883037,0
7.606,1.1649855772839788,0
7.608,4.880527387754725,0
7.61,-8.466051428377435,0
7.612,-6.300292988619294,0
7.614,1.9044255880029983,0
7.616,-0.21714685541118953,0
7.618,0.22163808970259025,0
7.62,-2.682553617046481,0
7.622,-2.1670376782685703,0
7.624,-2.154443690024205,0
7.626,-10.684265974041985,0
7.628,-3.972842328180141,0
7.63,5.185971233296014,0
7.632,-4.423593573281984,0
7.634,-9.144834960903065,0
7.636,-1.2334167442714057,0
7.638,-7.240787277171816,0
7.64,0.17844810308571016,0
7.642,1.9283361468526785,0
7.644,3.0756425764937925,0
7.646,3.4575858135281647,0
7.648,0.08836286841937956,0
7.65,5.745139617301884,0
7.652,9.23186544073375,0
7.654,0.8033052322774652,0
7.656,5.820671278361842,0
7.658,0.8123815200241274,0
7.66,-0.16227479349958296,0
7.662,2.416416806635036,0
7.664,1.3702407496997937,0
7.666,-8.044888658862545,0
7.668,1.0869917115982972,0
7.67,2.0381738568509142,0
7.672,-3.9860255119301553,0
7.674,2.5281504061462594,0
7.676,1.0303635480169042,0
7.678,-2.790991562001075,0
7.68,-0.6791103827306243,0
7.682,-5.7235052821596355,0
7.684,6.029769522866328,0
7.686,1.7854134901447662,0
7.688,-3.605321458999548,0
7.69,2.291960231853059,0
7.692,-1.1886217342921157,0
7.694,2.867109424726115,0
7.696,-2.822586693848091,0
7.698,7.966861139972975,0
7.7,4.348524251381621,0
7.702,-9.02482746817096,0
7.704,0.10955844210178743,0
7.706,5.259534330356772,0
7.708,4.154664814248886,0
7.71,-0.4470162660263754,0
7.712,4.90556926957976,0
7.714,3.0606530445449804,0
7.716,-2.356971980422884,0
7.718,-1.526218569336764,0
7.72,3.785609728180441,0
7.722,-3.2685868011095502,0
7.724,-3.215452398229468,0
7.726,1.2830044613865992,0
7.728,2.002571664590765,0
7.73,-0.767759582253727,0
7.732,0.980442385937097,0
7.734,2.1053862494946753,0
7.736,-0.35642264575509763,0
7.738,2.152900157549556,0
7.74,-0.04133422548081903,0
7.742,-5.1881200793591455,0
7.744,6.311924179455442,0
7.746,-1.6896442646787946,0
7.748,-8.448198941215107,0
7.75,-1.5124156823190082,0
7.752,4.633864169412261,0
7.754,2.0380065020093525,0
7.756,5.204433208925715,0
7.758,1.9094722468630567,0
7.76,-0.342638667229665,0
7.762,-3.7312741857158054,0
7.764,0.5750377898681172,0
7.766,3.1867698699001235,0
7.768,3.8623576252085075,0
7.77,-1.6083622159896156,0
7.772,3.271709946236327,0
7.774,-2.624912139977888,0
7.776,-1.2306978806214914,0
7.778,4.8604714497649235,0
7.78,-9.301869942297593,0
7.782,1.1957880493925823,0
7.784,5.834835941677596,0
7.786,-4.262841613380381,0
7.788,-0.9624222052541835,0
7.79,-3.481609541431752,0
7.792,-6.751755636306546,0
7.794,-3.042123104399768,0
7.796,0.3100098172297036,0
7.798,-2.4896326628376984,0
7.8,-1.2877439568115976,0
7.802,4.51465235314077,0
7.804,-1.2618902598197472,0
7.806,10.700265947849294,0
7.808,6.102176901062061,0
7.81,13.099762829768695,0
7.812,-2.213129379456156,0
7.814,-1.1950567992275714,0
7.816,2.3380193852296323,0
7.818,3.27771106499235,0
7.82,0.2491541833152996,0
7.822,1.8245117950959506,0
7.824,4.436477369026501,0
7.826,-4.586665160373888,0
7.828,0.14613256889552076,0
7.83,3.127851269972927,0
7.832,-6.805519229204746,0
7.834,2.8208083562807174,0
7.836,-6.260468560961021,0
7.838,-2.0828533996864755,0
7.84,1.406434102836101,0
7.842,-13.750622040833283,0
7.844,1.9966713140954622,0
7.846,-2.12613527683809,0
7.848,6.952943852782953,0
7.85,7.342135583731437,0
7.852,-4.459371979374611,0
7.854,18.02091829772189,0
7.856,6.59434852145016,0
7.858,3.4300884916325507,0
7.86,6.986501532812933,0
7.862,-5.76091083418493,0
7.864,-2.2465921817803713,0
7.866,-7.923485964896704,0
7.868,2.4504542413527255,0
7.87,6.193048074946856,0
7.872,7.241178139734593,0
7.874,6.772185875561473,0
7.876,6.344653398527462,0
7.878,1.250169202060726,0
7.88,4.589896259727268,0
7.882,-3.863227447279198,0
7.884,6.140405045655292,0
7.886,7.1614682505217875,0
7.888,-4.054823459605414,0
7.89,5.04446099140722,0
7.892,-8.228663106285081,0
7.894,-5.281695074919107,0
7.896,4.267273778901839,0
7.898,0.18105608895642902,0
7.9,-8.606415622623592,0
7.902,-0.6068322091731516,0
7.904,-1.2222590548690464,0
7.906,-0.013344052495129136,0
7.908,4.97132156593365,0
7.91,-8.26310590444737,0
7.912,-3.5359613912221275,0
7.914,-1.2283070640838085,0
7.916,4.945104534192128,0
7.918,5.077531698677796,0
7.92,-0.19985809840490876,0
7.922,-2.3974040528678606,0
7.924,-9.436746972530537,0
7.926,-1.8758554811670525,0
7.928,-0.6095192705407623,0
7.93,3.10793765810107,0
7.932,0.5750329671332871,0
7.934,-6.206728178916675,0
7.936,0.1283354438196912,0
7.938,2.596157284875613,0
7.94,-0.34995879592701035,0
7.942,6.308268099100554,0
7.944,6.034988349723262,0
7.946,2.4129413671987847,0
7.948,-3.914533990217823,0
7.95,-2.826331708658948,0
7.952,4.879345253222518,0
7.954,-6.572829978116263,0
7.956,3.1449446629702082,0
7.958,-3.969108774321792,0
7.96,6.171149394788725,0
7.962,-2.7303695993560084,0
7.964,6.466697263703927,0
7.966,2.315244142924983,0
7.968,-4.9141357041871,0
7.97,6.275014737390684,0
7.972,4.258253291977033,0
7.974,-3.566603892392513,0
7.976,3.322436479108336,0
7.978,-3.5145248311391786,0
7.98,2.5734866916235513,0
7.982,1.8744499716770615,0
7.984,-7.245776440167469,0
7.986,-1.2083037429113042,0
7.988,9.075781331301897,0
7.99,-2.219096680248318,0
7.992,-5.557674654878875,0
7.994,-3.2447564516726044,0
7.996,-1.176275468673972,0
7.998,-0.6885613244962057,0
8.0,7.18825697765009,1
8.002,4.597356888294343,0
8.004,3.470237223375616,0
8.006,-11.030807899048495,0
8.008,-2.6124375945039517,0
8.01,3.396929988024725,0
8.012,3.0695559681338276,0
8.014,-9.101677521729963,0
8.016,-4.891110360855993,0
8.018,-2.382707071466886,0
8.02,5.930839213641058,0
8.022,3.275580893555986,0
8.024,3.465600797063607,0
8.026,-0.7048119485948765,0
8.028,6.348647884850809,0
8.03,-3.145578840069111,0
8.032,1.0506928774878597,0
8.034,-5.314767129336908,0
8.036,11.324421309235579,0
8.038,0.2952300641194714,0
8.04,-0.6915905380406144,0
8.042,-7.196099353469212,0
8.044,0.5493822185059356,0
8.046,-1.703745751440695,0
8.048,0.698639141579906,0
8.05,-6.948653872126468,0
8.052,-3.285426148261939,0
8.054,0.606726459122138,0
8.056,2.310026023086399,0
8.058,0.6827584267601814,0
8.06,-7.592775357158454,0
8.062,-3.4719254810874975,0
8.064,1.4934127880513228,0
8.066,5.7954969931305955,0
8.068,7.597400790954872,0
8.07,-2.5200457756404844,0
8.072,0.2347624677631548,0
8.074,-7.595065002560944,0
8.076,-7.533896370599679,0
8.078,0.323526464540131,0
8.08,-4.323972226888918,0
8.082,-6.425552526791927,0
8.084,4.805907659898544,0
8.086,-9.008202323464864,0
8.088,-6.9182481586056355,0
8.09,-3.285397631128888,0
8.092,-2.236113138025174,0
8.094,-6.045707906940811,0
8.096,-7.751994784635166,0
8.098,-7.977335598893734,0
8.1,2.5691632591324143,0
8.102,-12.053874753261752,0
8.104,-9.593285378042603,0
8.106,4.822849569249591,0
8.108,-2.253125047541454,0
8.11,-2.0186785914534773,0
8.112,0.2782672982594345,0
8.114,-10.649700335787953,0
8.116,-8.92192316186639,0
8.118,1.9397576612179717,0
8.12,-3.3943504117202856,0
8.122,-4.724941315680878,0
8.124,-6.661464055517239,0
8.126,-6.082677577239078,0
8.128,6.114813942478607,0
8.13,-4.496801741325998,0
8.132,3.5518178194753753,0
8.134,6.891301028864777,0
8.136,-0.23214684934276586,0
8.138,10.624986696153892,0
8.14,4.515633035570064,0
8.142,6.811940802152508,0
8.144,5.609390402149172,0
8.146,5.307853937917478,0
8.148,5.888810623269352,0
8.15,0.5067406468169009,0
8.152,7.350779970758857,0
8.154,0.8660929261594528,0
8.156,-1.7707404622826939,0
8.158,4.59335755927624,0
8.16,4.996264907817945,0
8.162,4.356825389115285,0
8.164,-3.688116024454413,0
8.166,-3.603540055513513,0
8.168,4.449156005629902,0
8.17,9.79466031157565,0
8.172,8.81565113103937,0
8.174,6.12025672723077,0
8.176,10.200360654102393,0
8.178,1.1313873501776621,0
8.18,1.918712396732284,0
8.182,7.0761516460440905,0
8.184,8.198970383848923,0
8.186,-2.387298132608663,0
8.188,3.286891079402697,0
8.19,8.029729384309574,0
8.192,8.15139273588831,0
8.194,-3.025825282735342,0
8.196,3.607434777452553,0
8.198,4.494062437492531,0
8.2,8.229290116066956,0
8.202,9.740915691095507,0
8.204,8.869315274788125,0
8.206,5.09361587038654,0
8.208,13.606553877551285,0
8.21,10.236642187351565,0
8.212,3.153474549873891,0
8.214,14.928199843671397,0
8.216,13.227460754450984,0
8.218,4.473186215779201,0
8.22,9.196551507948998,0
8.222,-2.4954930471013457,0
8.224,3.7331324948210574,0
8.226,14.720307457585427,0
8.228,3.3185029644629545,0
8.23,12.214944359832343,0
8.232,2.690862752887167,0
8.234,-1.5664690043566072,0
8.236,12.53262100564374,0
8.238,-1.3785812078417594,0
8.24,1.8530397428034187,0
8.242,10.995964699656223,0
8.244,6.659208016209578,0
8.246,13.523162195173175,0
8.248,4.1232240246471825,0
8.25,2.150766215002368,0
8.252,-0.22669087417480238,0
8.254,4.48375765086893,0
8.256,7.371152198050115,0
8.258,7.136912782406116,0
8.26,6.276559483974532,0
8.262,3.96369715653856,0
8.264,8.344033251179116,0
8.266,8.001853321745504,0
8.268,-2.676594657291151,0
8.27,-7.315558935748513,0
8.272,9.002515809579672,0
8.274,8.363197991444599,0
8.276,-0.5572594136919391,0
8.278,1.5210190201108358,0
8.28,5.704506755436743,0
8.282,4.1555254188607975,0
8.284,1.6886056799513345,0
8.286,1.2164178939667578,0
8.288,-4.240581907426105,0
8.29,-1.3031894065368586,0
8.292,-5.694576691515932,0
8.294,3.3353960883930514,0
8.296,3.599526108973754,0
8.298,-1.133123365973121,0
8.3,-2.297975386185204,0
8.302,5.686756368957552,0
8.304,-1.243191141185566,0
8.306,-3.9216278063184435,0
8.308,-3.2203570015828964,0
8.31,-3.2129380675665273,0
8.312,5.606472710263698,0
8.314,0.7949119216314676,0
8.316,-4.3960325462940775,0
8.318,6.296068015776653,0
8.32,-2.451014332569878,0
8.322,1.9014424011896562,0
8.324,3.7171616509183654,0
8.326,0.06514479440491089,0
8.328,9.951939677667566,0
8.33,-3.0261996466613668,0
8.332,-1.1511103837394667,0
8.334,-6.299267425918622,0
8.336,1.8256968634715034,0
8.338,-1.8399399638432485,0
8.34,7.8859237628931345,0
8.342,6.0428976320050465,0
8.344,-0.6418525299148825,0
8.346,-8.47213300222068,0
8.348,3.998358414796502,0
8.35,6.416604713927391,0
8.352,5.775567305745351,0
8.354,-4.57219154870882,0
8.356,-1.5808288830823707,0
8.358,-1.1430520091548495,0
8.36,-0.3653124585732473,0
8.362,9.888112236318053,0
8.364,-2.3260491461713984,0
8.366,-3.5662913560705536,0
8.368,-1.8246418322478013,0
8.37,8.52119507117323,0
8.372,-0.15417877085193005,0
8.374,-10.67082858169228,0
8.376,5.0223606605885776,0
8.378,7.488219894112226,0
8.38,0.10683352252027346,0
8.382,-3.8105473506520138,0
8.384,0.4823548407437862,0
8.386,-6.107736379809424,0
8.388,-6.718500881951328,0
8.39,1.1703119270028253,0
8.392,4.303994745579775,0
8.394,3.9970021075447257,0
8.396,-3.620903353783948,0
8.398,5.8712120465123245,0
8.4,2.525956906748372,0
8.402,-3.290250679311346,0
8.404,-6.685118252004559,0
8.406,5.780031765887336,0
8.408,-0.4965091525049968,0
8.41,2.688487881988781,0
8.412,-7.601893015394769,0
8.414,-2.0233652358942686,0
8.416,2.942328511725408,0
8.418,5.693093610945087,0
8.42,4.687443676529085,0
8.422,-0.3746069204835099,0
8.424,3.313951731644947,0
8.426,-2.2488926334664483,0
8.428,0.8712025071975161,0
8.43,3.255966514673385,0
8.432,5.001019853747816,0
8.434,-4.082153654232155,0
8.436,3.1674438180098883,0
8.438,-4.200025740525941,0
8.44,-5.892402179357484,0
8.442,3.3402505779880007,0
8.444,8.86672161503404,0
8.446,-3.3281244483392123,0
8.448,2.9616441638111723,0
8.45,-2.5436914093125953,0
8.452,-1.8592764588504613,0
8.454,-3.3982164201054488,0
8.456,-7.737197036652196,0
8.458,-0.44493286617282474,0
8.46,-0.8657231249920037,0
8.462,-5.380505279592635,0
8.464,-1.8971527249974316,0
8.466,-0.13844044224531504,0
8.468,5.331263208107707,0
8.47,-7.413215948618657,0
8.472,-1.0406492895250352,0
8.474,-7.7357925940435,0
8.476,-2.1585623743634272,0
8.478,6.558151942500705,0
8.48,0.0856578439271726,0
8.482,1.4387146948148573,0
8.484,2.6100871973006696,0
8.486,-1.331444745200374,0
8.488,3.211664383140167,0
8.49,-1.5833892630275592,0
8.492,-11.882710510381218,0
8.494,-6.093164231098668,0
8.496,-1.2264398565150785,0
8.498,4.335530964443839,0
8.5,-2.682755647194821,0
8.502,10.416689990313262,0
8.504,-1.478535054277299,0
8.506,-4.322465350820647,0
8.508,-9.201305245192822,0
8.51,1.7149571623963489,0
8.512,-3.954941741665802,0
8.514,-2.7876492191762305,0
8.516,-1.9366653756344911,0
8.518,3.0448358422402952,0
8.52,2.404119412898151,0
8.522,-2.467663893703823,0
8.524,-0.4572646725140542,0
8.526,4.731479259477637,0
8.528,-2.8893755790932665,0
8.53,1.5415262775386458,0
8.532,-3.688061149576004,0
8.534,2.403064795256994,0
8.536,-2.6985104213506386,0
8.538,-6.497187651707183,0
8.54,3.5526746822147173,0
8.542,-0.2120334166534964,0
8.544,13.756058568111648,0
8.546,-0.03171009095938861,0
8.548,1.7560374426633674,0
8.55,5.647848118482653,0
8.552,0.5533196537519545,0
8.554,-4.359548501927597,0
8.556,-3.6436606171821544,0
8.558,14.4279622697124,0
8.56,3.4282991246323196,0
8.562,4.742918873859218,0
8.564,-0.42057490146411003,0
8.566,-4.5693916497303295,0
8.568,-1.6982273883975887,0
8.57,-7.3531608008783795,0
8.572,-5.521413266092623,0
8.574,0.5908453002777334,0
8.576,-4.753411187918851,0
8.578,6.659236412065521,0
8.58,5.370602623640126,0
8.582,0.6473845601470812,0
8.584,1.1350358331762962,0
8.586,-2.8787980938624673,0
8.588,-4.086397034329559,0
8.59,5.708483745199638,0
8.592,-4.410537228153893,0
8.594,6.50079740014094,0
8.596,2.145734930575094,0
8.598,5.177811261694834,0
8.6,3.036698601680562,0
8.602,4.00799770567572,0
8.604,1.7934986134799857,0
8.606,3.9510742728362263,0
8.608,0.45029004251319144,0
8.61,0.8028812475269735,0
8.612,-1.1490373658495951,0
8.614,0.9403842830104999,0
8.616,-9.2934843452876,0
8.618,-3.4483297859594013,0
8.62,-3.5978419735947775,0
8.622,2.286656178359858,0
8.624,-0.7307387743438707,0
8.626,-0.02584187833112801,0
8.628,2.737369145955437,0
8.63,-6.513381019618425,0
8.632,10.867079536669506,0
8.634,-0.4410733088475005,0
8.636,5.015904502340542,0
8.638,-0.7764850309993737,0
8.64,7.012012084055121,0
8.642,0.3865253519690534,0
8.644,0.23343947359168088,0
8.646,3.21187716004708,0
8.648,2.8993004351226945,0
8.65,2.4665382837774614,0
8.652,4.517534591388342,0
8.654,-3.7648160593598927,0
8.656,-2.5126938521031623,0
8.658,-4.560501462627147,0
8.66,-1.8603395287641646,0
8.662,3.2789230306425448,0
8.664,4.763486170295891,0
8.666,-4.706994403895758,0
8.668,-4.856353002464416,0
8.67,-2.2475883811766066,0
8.672,-4.469331579180564,0
8.674,-4.813081423849807,0
8.676,4.953443962198134,0
8.678,-9.099317849228086,0
8.68,5.048874968190957,0
8.682,-5.638141339183398,0
8.684,0.3009584921376992,0
8.686,2.201554361473233,0
8.688,-0.2721562668234765,0
8.69,-4.470527189342585,0
8.692,1.1376530805475622,0
8.694,-3.1367812835970756,0
8.696,-1.674664235591759,0
8.698,-7.414212976261057,0
8.7,3.4649306244032827,0
8.702,3.7860977295524507,0
8.704,-6.746745593302625,0
8.706,0.14148061042148874,0
8.708,-3.5748811846383917,0
8.71,-6.236534979597263,0
8.712,2.0503626905433556,0
8.714,0.5703327059859546,0
8.716,5.461646376834865,0
8.718,-1.7195662257660844,0
8.72,-5.976310215245359,0
8.722,0.3241139721593207,0
8.724,2.3298342275566335,0
8.726,-7.1444792363818985,0
8.728,9.284520455343856,0
8.73,1.2095806019514614,0
8.732,-0.3546926756211459,0
8.734,-7.669224271282284,0
8.736,2.5292811888954962,0
8.738,5.752076663686067,0
8.74,-8.558426206778414,0
8.742,-5.459854217213172,0
8.744,4.316700879125006,0
8.746,-10.264274481766698,0
8.748,-1.5290301198856007,0
8.75,-0.8086213506090122,0
8.752,-0.5654064370657073,0
8.754,2.298831736293959,0
8.756,7.9618512453435315,0
8.758,-5.455140440129283,0
8.76,2.1001239034207324,0
8.762,-0.9451168771787327,0
8.764,0.5827692199003225,0
8.766,-4.152200082206672,0
8.768,-1.592407338922702,0
8.77,-0.07251232098335236,0
8.772,5.3161903282200775,0
8.774,0.2656542500357808,0
8.776,0.5495612448298881,0
8.778,-9.854967681252143,0
8.78,3.465569262569214,0
8.782,5.697274095156992,0
8.784,8.144138218449694,0
8.786,2.939555789988919,0
8.788,-5.238173004768479,0
8.79,-6.298833204263912,0
8.792,0.8065654707040616,0
8.794,-2.608566822596904,0
8.796,5.178053259452059,0
8.798,6.614782900857171,0
8.8,7.85954340557816,0
8.802,-1.7707600114720758,0
8.804,-8.477211054743014,0
8.806,5.014214944043916,0
8.808,1.5019850466587497,0
8.81,-2.5302401353132975,0
8.812,-7.578103563969378,0
8.814,-4.573994877428948,0
8.816,2.239662811176014,0
8.818,-2.266901524225086,0
8.82,-1.4621893934306698,0
8.822,4.082378232035786,0
8.824,-5.282152233721579,0
8.826,-2.2239906118761548,0
8.828,9.458301025071073,0
8.83,-5.431596961220939,0
8.832,-5.654731814229844,0
8.834,1.492030198242603,0
8.836,0.12034555915407935,0
8.838,3.684175157942715,0
8.84,6.6200927807066225,0
8.842,-14.83430562667158,0
8.844,2.9365750378385433,0
8.846,-5.493576716957746,0
8.848,-2.883373647057048,0
8.85,-0.6745071409309134,0
8.852,-4.687499235497495,0
8.854,2.591834652600141,0
8.856,5.286976860398725,0
8.858,0.7987826337837999,0
8.86,-9.58897432323901,0
8.862,-0.4483359352688397,0
8.864,8.883530654327641,0
8.866,1.7763847047121184,0
8.868,4.962303792210235,0
8.87,1.331343885126514,0
8.872,0.5623472111675559,0
8.874,-3.033090598900905,0
8.876,-1.245876659410384,0
8.878,3.3454533216397464,0
8.88,1.2737742319973218,0
8.882,0.9773832360920098,0
8.884,4.124223645041921,0
8.886,4.2602948317420015,0
8.888,7.325289440490734,0
8.89,8.377053564354757,0
8.892,4.6480369152109065,0
8.894,3.267397446717296,0
8.896,-1.2777168513481336,0
8.898,1.0890052926643192,0
8.9,-2.211711456260533,0
8.902,0.6262814516652079,0
8.904,-3.1912143263445882,0
8.906,0.24639377002930038,0
8.908,5.888719187868672,0
8.91,-1.245655789757872,0
8.912,-2.176955811377468,0
8.914,-0.7785437190849414,0
8.916,-2.909866721856089,0
8.918,-6.179377988378891,0
8.92,-2.8661317605008843,0
8.922,-5.418293641733514,0
8.924,-6.135624185949549,0
8.926,2.3057156745688654,0
8.928,-4.122714217567143,0
8.93,9.72545559860245,0
8.932,1.8973936864790815,0
8.934,3.1933922126163314,0
8.936,-0.18982938299677007,0
8.938,0.27685076279568405,0
8.94,2.616419202859599,0
8.942,0.16645523809097737,0
8.944,3.443612022556854,0
8.946,4.431402002170452,0
8.948,5.245719201999586,0
8.95,-6.852480180674047,0
8.952,3.5262510429203475,0
8.954,9.391208980247757,0
8.956,-2.8256185372580216,0
8.958,-7.029900011139814,0
8.96,11.750912228982312,0
8.962,-2.9525653392720774,0
8.964,0.9597790970785057,0
8.966,1.5359810075680191,0
8.968,3.39101167438768,0
8.97,3.8912082762310383,0
8.972,3.2050369273273716,0
8.974,-0.4561791513346831,0
8.976,3.6100861812153946,0
8.978,-6.439395460959964,0
8.98,-5.75991771849159,0
8.982,-1.4137620241707547,0
8.984,5.168926560900504,0
8.986,3.187589744786516,0
8.988,2.6858978705163756,0
8.99,2.6397773485834692,0
8.992,-3.6568336210610193,0
8.994,-4.424942162287885,0
8.996,3.0524900471916516,0
8.998,-3.7740704210502107,0
9.0,6.606790919274128,1
9.002,-10.275706981192908,0
9.004,2.151129851743748,0
9.006,2.070542557508144,0
9.008,-0.4453859951996664,0
9.01,8.57132596494637,0
9.012,2.3684123409374256,0
9.014,-8.166197111600141,0
9.016,5.883044146685121,0
9.018,1.5021400435280094,0
9.02,6.853862089179081,0
9.022,-1.2879018399739466,0
9.024,-5.6680345582938525,0
9.026,-8.662990292918144,0
9.028,3.691630650975557,0
9.03,-8.374328036160087,0
9.032,0.2649817678744826,0
9.034,-1.5046851368000014,0
9.036,6.887168852369224,0
9.038,6.123254194876732,0
9.04,-2.205433258331031,0
9.042,3.3601948336646297,0
9.044,2.272420778479701,0
9.046,-4.013496705758915,0
9.048,-3.2274297947903037,0
9.05,-1.476877877786256,0
9.052,2.587316641124011,0
9.054,-2.7217404128896483,0
9.056,0.3084297890665192,0
9.058,-3.327442980752764,0
9.06,2.419727799565596,0
9.062,5.88667641637849,0
9.064,-7.140356148210946,0
9.066,-7.657949974404812,0
9.068,-3.445154163364764,0
9.07,-7.623959571109848,0
9.072,-4.008059024550571,0
9.074,4.460480575260243,0
9.076,-3.3040166577062267,0
9.078,-4.758823261428592,0
9.08,-7.019909811779374,0
9.082,-10.347839897894445,0
9.084,-0.6706235756467596,0
9.086,0.8909335284716957,0
9.088,-0.6719919276079755,0
9.09,-8.932591760950416,0
9.092,-7.716232425622171,0
9.094,6.1706464266728105,0
9.096,1.9882799505503037,0
9.098,-5.079570704390269,0
9.1,-2.636038398947316,0
9.102,-4.383141225628188,0
9.104,-6.4029214107781005,0
9.106,-8.413384494186056,0
9.108,-0.06850629164344824,0
9.11,-12.022561338812537,0
9.112,5.603007057310241,0
9.114,-7.670712385717572,0
9.116,-3.254287922171391,0
9.118,10.55581944680518,0
9.12,-0.9642713840434112,0
9.122,4.478478211989485,0
9.124,-2.318678280039622,0
9.126,-2.4058461668932294,0
9.128,0.25351469357634904,0
9.13,0.5779071752794364,0
9.132,-5.756939070037234,0
9.134,6.939043139476217,0
9.136,5.082380808842583,0
9.138,-4.720283010284081,0
9.14,3.0224941811016706,0
9.142,2.8141965908955067,0
9.144,-3.115564723954879,0
9.146,1.2070060843614208,0
9.148,5.776627433703947,0
9.15,4.074162463664683,0
9.152,0.45757767325717613,0
9.154,-0.4606584078965059,0
9.156,-3.61276575820979,0
9.158,5.886999710133299,0
9.16,6.117778691391038,0
9.162,3.7474512988184707,0
9.164,9.549398899997485,0
9.166,9.307495862855767,0
9.168,-1.2152234619410764,0
9.17,5.0339641549831455,0
9.172,4.710976525669702,0
9.174,6.770854524693766,0
9.176,3.1927829725110857,0
9.178,4.030775671662163,0
9.18,12.84817390424573,0
9.182,13.623021468949052,0
9.184,6.809291170453318,0
9.186,4.0201840915063425,0
9.188,3.5281295400518826,0
9.19,3.19356836890823,0
9.192,8.397435416384258,0
9.194,10.668976538493327,0
9.196,4.412553187130739,0
9.198,7.7927364870266205,0
9.2,1.9506664390722603,0
9.202,13.34008753438296,0
9.204,15.673820628824597,0
9.206,7.096495173341494,0
9.208,7.9087245157273856,0
9.21,7.7508437657600355,0
9.212,9.248082724957605,0
9.214,10.152329073183045,0
9.216,8.907080293147324,0
9.218,10.395827874100156,0
9.22,4.1405248342204235,0
9.222,2.666517656431191,0
9.224,7.425130244832649,0
9.226,6.14193260326223,0
9.228,14.271568760658361,0
9.23,6.5327660368882485,0
9.232,10.201009856637514,0
9.234,5.528301107272317,0
9.236,13.954922021382231,0
9.238,5.4340310920407315,0
9.24,1.021836685171004,0
9.242,3.92436618542594,0
9.244,5.962682954021298,0
9.246,-0.9853415633784675,0
9.248,3.4381762485199174,0
9.25,-4.833567219633227,0
9.252,8.948633944296514,0
9.254,-1.8345898266924712,0
9.256,12.438632618008754,0
9.258,5.062640123926618,0
9.26,6.801161282427731,0
9.262,10.019734516517389,0
9.264,9.545274024095848,0
9.266,0.9521226932077327,0
9.268,5.585760902236147,0
9.27,0.13467867043991966,0
9.272,6.084580385973949,0
9.274,9.000537073903242,0
9.276,2.9808713102529394,0
9.278,2.213225044040107,0
9.28,3.608571003558896,0
9.282,6.397384753573091,0
9.284,-3.5506279378552965,0
9.286,-6.1826708032317015,0
9.288,1.4953547691021807,0
9.29,3.4088314507878876,0
9.292,3.0899662001475345,0
9.294,-2.6719954126898866,0
9.296,4.900572348625712,0
9.298,-5.4892525267474195,0
9.3,-5.739630868357959,0
9.302,-9.31196828575277,0
9.304,3.148101312558342,0
9.306,2.9505716237775372,0
9.308,0.21789377086699524,0
9.31,2.459041523988745,0
9.312,-1.678721912155266,0
9.314,3.3585497459667715,0
9.316,4.086814940709555,0
9.318,-2.1603919592388765,0
9.32,6.611078800932492,0
9.322,6.42846135589809,0
9.324,-4.061816119004779,0
9.326,4.7144682830139555,0
9.328,7.0733664762944475,0
9.33,2.7692397860462,0
9.332,0.013593861336172852,0
9.334,-2.9125385133378465,0
9.336,0.4683152714666126,0
9.338,-0.4682940714827778,0
9.34,-4.568483829450678,0
9.342,-1.559309450147752,0
9.344,-4.44232526055197,0
9.346,-5.946093993629666,0
9.348,6.558329743832828,0
9.35,0.2616542130053112,0
9.352,2.6422057844346036,0
9.354,-2.9249874082471123,0
9.356,-8.137394448181304,0
9.358,-8.342256881825739,0
9.36,-0.8455770309602944,0
9.362,2.4898534500318683,0
9.364,-3.4370627486899017,0
9.366,-2.7996842315573103,0
9.368,-0.11556216072004348,0
9.37,-6.025438190026044,0
9.372,-8.080677986852415,0
9.374,0.5858899069563166,0
9.376,-5.043905788691858,0
9.378,-4.200886848737223,0
9.38,5.001664636913129,0
9.382,-1.6425956316296075,0
9.384,-7.457022667180998,0
9.386,-2.4958158353101365,0
9.388,7.7170345493322205,0
9.39,-4.256442469171848,0
9.392,-5.546480617031679,0
9.394,1.5528849581989808,0
9.396,6.3686719487122465,0
9.398,7.521767343871749,0
9.4,7.232323526310717,0
9.402,-3.78991980772657,0
9.404,6.993912981536777,0
9.406,1.8047131939644188,0
9.408,0.5571117543745671,0
9.41,7.895545526370356,0
9.412,-9.734105655698329,0
9.414,0.7631820048612938,0
9.416,2.429421652785677,0
9.418,2.4945122451923445,0
9.42,-4.217805600415079,0
9.422,3.685399016765543,0
9.424,-3.1856036072778946,0
9.426,8.799702164384344,0
9.428,-1.9566618734994263,0
9.43,3.9215970797639694,0
9.432,-3.15919637476183,0
9.434,0.09118506543642489,0
9.436,5.8577786693161125,0
9.438,2.5696114795342497,0
9.44,-6.791898075418054,0
9.442,3.666560211063872,0
9.444,8.451481684043266,0
9.446,9.94666669845605,0
9.448,2.867211842881135,0
9.45,7.487357094713006,0
9.452,-2.7057350198984915,0
9.454,3.544965871551178,0
9.456,-7.385453699905649,0
9.458,-10.711132627637065,0
9.46,-5.032843820672174,0
9.462,8.617633835928816,0
9.464,-1.4323235327428774,0
9.466,0.643942956729958,0
9.468,0.7165259243176775,0
9.47,0.08919065921899696,0
9.472,4.046688670376618,0
9.474,0.3897581440822534,0
9.476,-5.111428639909822,0
9.478,-4.019189953359631,0
9.48,1.1300548986595593,0
9.482,-0.570242769910141,0
9.484,-3.9642493127472993,0
9.486,-11.60787191721619,0
9.488,-8.197570313652013,0
9.49,2.250343114564729,0
9.492,-1.6414352904494363,0
9.494,-4.68091331797993,0
9.496,-6.180157135523924,0
9.498,3.731737200094377,0
9.5,1.286858287377764,0
9.502,9.314560033465984,0
9.504,5.2191352493693035,0
9.506,0.9262612077757127,0
9.508,3.6031845144414647,0
9.51,-0.9727302386169343,0
9.512,7.3517072613066174,0
9.514,-0.18021961220627583,0
9.516,2.3661196022549595,0
9.518,-1.291767543827394,0
9.52,5.755717039168069,0
9.522,-1.8198904823408024,0
9.524,7.37560352859835,0
9.526,-3.8738186748279713,0
9.528,0.8471467283592723,0
9.53,-0.747711171034361,0
9.532,4.323003834367838,0
9.534,3.5454746159302224,0
9.536,1.1672728583193606,0
9.538,-5.881468163536572,0
9.54,0.3535819785757453,0
9.542,8.39650923760069,0
9.544,-5.088922019597978,0
9.546,-0.4192819976420891,0
9.548,7.996525519195584,0
9.55,7.302803815349539,0
9.552,-2.5061692692393134,0
9.554,-1.8143652848397858,0
9.556,-0.5306502716228277,0
9.558,-2.694920963314688,0
9.56,-1.0460523612249066,0
9.562,-2.576701359260193,0
9.564,-6.479630521793392,0
9.566,-9.727944588346828,0
9.568,-4.08101780966524,0
9.57,3.3176221511712987,0
9.572,3.1387089194299373,0
9.574,-5.004195982534756,0
9.576,-4.86290110001177,0
9.578,2.1669941140891544,0
9.58,6.562209215354974,0
9.582,-2.452268884206033,0
9.584,1.0157669016751214,0
9.586,-6.901007470847732,0
9.588,-2.1745078863096112,0
9.59,-3.9512119166553488,0
9.592,-2.6874934525219043,0
9.594,-0.23444845971991835,0
9.596,-0.3458397631630826,0
9.598,1.1509316452683702,0
9.6,4.7482722264946355,0
9.602,3.2496414833210645,0
9.604,1.0785958342991144,0
9.606,1.0827884947371185,0
9.608,-12.014413166955036,0
9.61,1.5541837532026075,0
9.612,1.421156957958567,0
9.614,3.529283961063341,0
9.616,-7.41912137466524,0
9.618,6.719235909439477,0
9.62,0.43176860585740157,0
9.622,0.7899283861225057,0
9.624,3.6829008682817244,0
9.626,-6.142897789050999,0
9.628,2.186554404172359,0
9.63,2.2385126664422126,0
9.632,-4.685062285840641,0
9.634,3.146993736498065,0
9.636,2.8588889257214616,0
9.638,-7.188652020747188,0
9.64,-8.19613581165301,0
9.642,-11.126143729431684,0
9.644,9.336553621835018,0
9.646,-3.4308610044383596,0
9.648,-2.497715459593044,0
9.65,-2.3698246744053524,0
9.652,8.320697095801897,0
9.654,-3.514997985700269,0
9.656,8.542759906187884,0
9.658,-4.6152599676855095,0
9.66,-3.8937298188708507,0
9.662,4.838912777345071,0
9.664,3.971315912546791,0
9.666,2.0212257532495665,0
9.668,3.8616752016424587,0
9.67,10.90327132583348,0
9.672,1.3427038269168399,0
9.674,9.054318854805848,0
9.676,-1.459194110785675,0
9.678,-1.8884911167299885,0
9.68,-1.7640530358555087,0
9.682,13.233850093152757,0
9.684,2.581643819733533,0
9.686,-11.391511466599308,0
9.688,1.2244691308626412,0
9.69,9.50509890007259,0
9.692,-18.723529394659494,0
9.694,4.77496481047654,0
9.696,-1.2829674455809918,0
9.698,3.847134367612866,0
9.7,8.654301782744344,0
9.702,-1.112070860703688,0
9.704,0.8868221634079689,0
9.706,4.051338084890251,0
9.708,6.373190207904605,0
9.71,1.7978331501080345,0
9.712,-0.898876568293274,0
9.714,1.4310662293363006,0
9.716,3.158385706517004,0
9.718,-4.765463500485254,0
9.72,1.9635925357890673,0
9.722,5.442382002540748,0
9.724,1.585521459804078,0
9.726,0.7351592107388839,0
9.728,0.827326294158232,0
9.73,3.6488599915134694,0
9.732,5.201984400135608,0
9.734,3.0945702098567307,0
9.736,-1.7629032646872769,0
9.738,-7.990331051244359,0
9.74,5.152979515623162,0
9.742,3.8138980582102273,0
9.744,-7.55869397333934,0
9.746,-1.8705530244144133,0
9.748,-3.5185021591483983,0
9.75,4.226903964714334,0
9.752,-8.014547543806321,0
9.754,3.1177585804044887,0
9.756,-4.480536846902824,0
9.758,-0.6458939295084707,0
9.76,-8.137926304726529,0
9.762,-7.100958694819557,0
9.764,2.578396650635,0
9.766,7.260730395690535,0
9.768,0.833967403767222,0
9.77,2.056333611353089,0
9.772,-1.7084361690978211,0
9.774,-0.8176607887060017,0
9.776,-5.210642389606167,0
9.778,3.1941477871338018,0
9.78,-1.5976990929260912,0
9.782,-2.8253571544415634,0
9.784,-8.37166378464893,0
9.786,1.2182678140197871,0
9.788,-6.4738855802570585,0
9.79,1.138185239604032,0
9.792,-5.730329856171483,0
9.794,-0.311137189074026,0
9.796,-1.2967841497856114,0
9.798,3.713466455542986,0
9.8,14.933652872446014,0
9.802,-0.01874753927468717,0
9.804,-7.94553906016096,0
9.806,2.3556270679653806,0
9.808,-1.266832985023254,0
9.81,-3.8817965368682623,0
9.812,1.052686226815184,0
9.814,-2.7885046104135625,0
9.816,1.6067703969375904,0
9.818,1.895184171433535,0
9.82,3.2519896633432714,0
9.822,-5.067703838774825,0
9.824,6.464157904910466,0
9.826,-2.0785694310932907,0
9.828,-4.4527190320420456,0
9.83,-1.1341765560322303,0
9.832,-4.438361000482138,0
9.834,-1.1349649529446388,0
9.836,1.5695483227576583,0
9.838,2.4441343065061965,0
9.84,2.9699117607506054,0
9.842,6.584081404219315,0
9.844,1.7189433594461452,0
9.846,1.9232738615069713,0
9.848,7.121123709399312,0
9.85,-2.4204839480897276,0
9.852,1.8630111041864164,0
9.854,-5.668491552911638,0
9.856,2.5725275731163597,0
9.858,-0.32639512756091915,0
9.86,-0.09923150523434915,0
9.862,4.846150073349157,0
9.864,2.038328244357068,0
9.866,3.2244541543016876,0
9.868,6.480732981035209,0
9.87,6.079547649444857,0
9.872,3.054378125923305,0
9.874,-0.10197801403238561,0
9.876,2.101909762300961,0
9.878,15.09822719163122,0
9.88,-2.665438223412871,0
9.882,-10.195609234564447,0
9.884,6.6906131163480165,0
9.886,1.5882996981439232,0
9.888,3.6222302660777874,0
9.89,1.468916793187206,0
9.892,-2.630784506424457,0
9.894,4.363888477613284,0
9.896,8.544662849638826,0
9.898,14.389892608403834,0
9.9,-0.48291315365002796,0
9.902,-5.669375233078109,0
9.904,1.428280697710942,0
9.906,6.235202271067844,0
9.908,3.3025585206658747,0
9.91,1.477303268864621,0
9.912,-0.40981385327367936,0
9.914,-4.784802864688491,0
9.916,9.941766215426927,0
9.918,8.237385884774643,0
9.92,-0.596970147543231,0
9.922,-1.1550272300096132,0
9.924,0.38306787554333177,0
9.926,-11.253985540475545,0
9.928,-8.084103164374191,0
9.93,-11.283991622345487,0
9.932,1.4706437082533137,0
9.934,3.927939755574615,0
9.936,2.0532441304692437,0
9.938,-11.760633486462126,0
9.94,-4.232210056181011,0
9.942,2.4101998302494643,0
9.944,4.199404280611172,0
9.946,-6.884294532636659,0
9.948,6.362902629576936,0
9.95,7.622768364921027,0
9.952,-4.531615002825243,0
9.954,1.3889189159844098,0
9.956,7.913340884033808,0
9.958,-0.53310723699039,0
9.96,-6.3969301691922675,0
9.962,1.371855509474214,0
9.964,4.136293748153869,0
9.966,11.877200195209317,0
9.968,1.4953045771335198,0
9.97,-4.192528665423699,0
9.972,-5.173835720378109,0
9.974,7.501977063816319,0
9.976,8.301202018322451,0
9.978,4.445296420439798,0
9.98,-0.5459714588141105,0
9.982,7.154944827363276,0
9.984,-9.373317451017249,0
9.986,-2.0683519105741137,0
9.988,1.1460133007133644,0
9.99,0.3338118210786362,0
9.992,0.4535590358476791,0
9.994,-5.323832836749978,0
9.996,1.7657600424374607,0
9.998,-5.566830428657002,0
10.0,-19.32755286773269,1
10.002,-5.260118262403631,0
10.004,0.8326651480330142,0
10.006,6.4984359630425015,0
10.008,8.601669365138711,0
10.01,5.781130801558752,0
10.012,-3.300404056316802,0
10.014,-3.19872897697474,0
10.016,-6.2216664131316675,0
10.018,0.2979495790982301,0
10.02,2.55984668789768,0
10.022,8.733751518540375,0
10.024,-1.343408773156786,0
10.026,-0.4201533363555719,0
10.028,4.38289577504738,0
10.03,0.28996807743131237,0
10.032,1.9318552364762258,0
10.034,-4.423889440231464,0
10.036,-2.084099394590146,0
10.038,-1.138654195562386,0
10.04,0.8144932360517732,0
10.042,1.4883488416800827,0
10.044,12.061786451800131,0
10.046,-2.524591449688123,0
10.048,-7.542859341380428,0
10.05,3.110279358579344,0
10.052,2.7045058593392666,0
10.054,-5.263702796538484,0
10.056,-3.186432879380991,0
10.058,-6.7026518257569645,0
10.06,-1.820581305475057,0
10.062,8.42644124959648,0
10.064,-6.040150765530994,0
10.066,3.376334422963274,0
10.068,1.5833244278575207,0
10.07,-6.540422135181235,0
10.072,-7.611238130403194,0
10.074,2.7427984851893683,0
10.076,1.0790604148438394,0
10.078,-7.174569028638745,0
10.08,-12.708925812299789,0
10.082,-5.15570978372843,0
10.084,0.4564155712586264,0
10.086,-5.760327451017066,0
10.088,-1.8062589490008258,0
10.09,-0.36577426615241526,0
10.092,-1.1922695020198972,0
10.094,0.887609165119041,0
10.096,-8.580307538494512,0
10.098,-0.14645877158746057,0
10.1,-4.8291726237186685,0
10.102,-1.9811605863646544,0
10.104,-8.619072395234255,0
10.106,-14.431665612970999,0
10.108,-2.4257391341609384,0
10.11,-5.531179943125348,0
10.112,-8.756251425631302,0
10.114,-3.893019336451089,0
10.116,-0.9756378360421776,0
10.118,-0.5450032060007359,0
10.12,1.1339603371462474,0
10.122,-8.828516781600525,0
10.124,-4.183926736264428,0
10.126,-5.8507125871095,0
10.128,1.6584052317703657,0
10.13,1.4177043207706554,0
10.132,-8.714789694462826,0
10.134,4.131896889722079,0
10.136,1.2955701386764067,0
10.138,-1.280064743718107,0
10.14,-3.5416927845028123,0
10.142,4.421098980922706,0
10.144,1.1544726838759345,0
10.146,-6.601072166534687,0
10.148,-1.6694977105811506,0
10.15,-1.0164981596309985,0
10.152,2.469134608547299,0
10.154,3.501049177668445,0
10.156,1.9078652118745558,0
10.158,3.191249128559145,0
10.16,-0.4120539569567718,0
10.162,1.2034215922407485,0
10.164,6.394539201314835,0
10.166,4.726783440050632,0
10.168,6.962144861840743,0
10.17,8.515905516835264,0
10.172,9.147048405617896,0
10.174,14.328696445847656,0
10.176,1.752574833064688,0
10.178,-1.6198040457339324,0
10.18,-0.08292382323193337,0
10.182,9.166392174647957,0
10.184,9.559280153127343,0
10.186,4.62926900819879,0
10.188,9.712816068803034,0
10.19,7.180718827466491,0
10.192,6.310976125275436,0
10.194,3.8207578821879835,0
10.196,6.394274573488192,0
10.198,3.9902296708049683,0
10.2,1.1192456071831778,0
10.202,12.749620576026622,0
10.204,9.378354661281175,0
10.206,-1.860301547239585,0
10.208,13.632656387712952,0
10.21,6.888658046363908,0
10.212,9.759888469595033,0
10.214,5.952420817807136,0
10.216,7.144295199206728,0
10.218,13.342627979300499,0
10.22,9.375000756666555,0
10.222,5.831655571916604,0
10.224,3.5088293570294846,0
10.226,5.280258633173954,0
10.228,3.97231501215373,0
10.23,-1.0590892116069748,0
10.232,16.91415824161456,0
10.234,14.624844590361452,0
10.236,-0.31588529693715106,0
10.238,8.458348991934535,0
10.24,5.691594306446138,0
10.242,1.711089289867429,0
10.244,8.687693379464433,0
10.246,14.157123366722347,0
10.248,7.920016216941024,0
10.25,-3.006999963958278,0
10.252,3.40017673680136,0
10.254,1.614575105113973,0
10.256,0.8724079048171838,0
10.258,14.544659237757514,0
10.26,4.568444665488064,0
10.262,9.4934766048422,0
10.264,-1.513389784436261,0
10.266,0.4690396529785801,0
10.268,-0.303580963374948,0
10.27,1.3103640514311423,0
10.272,2.5404234763078715,0
10.274,5.596730946471671,0
10.276,-1.3384347039274842,0
10.278,-6.046628212080666,0
10.28,-0.9719845181059803,0
10.282,-2.2390544926580414,0
10.284,-1.929373178407674,0
10.286,8.664531657867904,0
10.288,2.780436791278996,0
10.29,7.9217297240064655,0
10.292,-3.6304569873875945,0
10.294,7.653738722933749,0
10.296,-6.761700186153046,0
10.298,2.385916161067891,0
10.3,6.613955824133601,0
10.302,5.613301776864891,0
10.304,1.1480418856835468,0
10.306,0.8885541133956676,0
10.308,9.910391562706382,0
10.31,-5.811466244872027,0
10.312,-0.7282235201489525,0
10.314,-9.905102238630624,0
10.316,3.507649712703377,0
10.318,0.20677903656320357,0
10.32,1.506252661573861,0
10.322,-7.464083023667425,0
10.324,-3.150407135118487,0
10.326,-0.6674341674414963,0
10.328,2.7833276250191785,0
10.33,1.5253270452046397,0
10.332,-7.793897704947298,0
10.334,-0.5448743115807875,0
10.336,1.1831174187105873,0
10.338,-1.8744707293998655,0
10.34,4.284808477987434,0
10.342,-0.08673943554346997,0
10.344,-6.799028981159834,0
10.346,-12.2372976461173,0
10.348,-1.1199950668174026,0
10.35,-0.844044947955057,0
10.352,2.4213950784779814,0
10.354,0.2234980493181141,0
10.356,-2.6628623177347683,0
10.358,4.1831273137419,0
10.36,-5.332943438240167,0
10.362,6.051270631989755,0
10.364,-12.805414305510032,0
10.366,-3.363828765152351,0
10.368,5.498839599256742,0
10.37,-2.317805233616406,0
10.372,-5.225628721826498,0
10.374,-4.683478562976761,0
10.376,3.127262239320313,0
10.378,-5.824505380649736,0
10.38,-7.690510929610906,0
10.382,5.273063517957968,0
10.384,-11.038622910396727,0
10.386,-0.07684959663347303,0
10.388,1.4545373041530767,0
10.39,1.3362341273310576,0
10.392,5.28533170276035,0
10.394,-0.8938248488159122,0
10.396,0.24549622956001382,0
10.398,4.928479618606498,0
10.4,1.465053865104664,0
10.402,-6.180020264565401,0
10.404,-4.295219322824512,0
10.406,-7.616993659544775,0
10.408,4.199270060159308,0
10.41,-2.3176387306457453,0
10.412,-5.7159828786049,0
10.414,-3.862206153926997,0
10.416,3.1088783531444655,0
10.418,5.359044993534001,0
10.42,-7.436569560295144,0
10.422,-1.3628161963193228,0
10.424,-1.3505400203475086,0
10.426,-2.6437394449764944,0
10.428,-2.1348438331239055,0
10.43,6.9691891493140705,0
10.432,-5.912844405850071,0
10.434,5.833295159987155,0
10.436,4.402924612566993,0
10.438,0.39058623037228923,0
10.44,-6.119612390936315,0
10.442,-4.9385173737667385,0
10.444,3.177465605955215,0
10.446,0.9116029860795279,0
10.448,3.517135289124764,0
10.45,0.6468977950667472,0
10.452,-3.4787639418453224,0
10.454,-4.1210969610441985,0
10.456,2.532362194526494,0
10.458,7.5016583288138445,0
10.46,-0.8247827585257026,0
10.462,0.2553685474276061,0
10.464,6.225510891907612,0
10.466,-3.565821456741278,0
10.468,-5.001208169659036,0
10.47,9.619607323780059,0
10.472,2.800582392422334,0
10.474,-8.321599352015888,0
10.476,-7.041259021025597,0
10.478,-0.9434866147395099,0
10.48,-2.0265265968603385,0
10.482,-1.6909628885616443,0
10.484,0.2646453470500578,0
10.486,0.3169275176107078,0
10.488,-0.04111781255118441,0
10.49,5.7561057810404295,0
10.492,-0.3709788598677446,0
10.494,1.2093661173740518,0
10.496,6.683719510785913,0
10.498,-1.9434383054282542,0
10.5,-7.177281935400785,0
10.502,4.2724672330984665,0
10.504,-6.193302862613594,0
10.506,7.087709512549554,0
10.508,2.69709349838942,0
10.51,3.3916307046481315,0
10.512,6.287866597551061,0
10.514,1.8733142656431205,0
10.516,0.7975476325194679,0
10.518,12.64511293396447,0
10.52,-9.021325521372892,0
10.522,1.7047717151997925,0
10.524,-2.0706367041612985,0
10.526,0.27806789556684447,0
10.528,1.0278603422037784,0
10.53,-1.9982752254278444,0
10.532,5.396136312271056,0
10.534,-4.510819455187191,0
10.536,-7.113160625416552,0
10.538,-4.184343442538455,0
10.54,-5.665697128863744,0
10.542,-2.0689349032660798,0
10.544,-2.494492656297029,0
10.546,2.4320135345603844,0
10.548,4.786959135298904,0
10.55,4.364076275630813,0
10.552,1.0537051118679477,0
10.554,5.638200297041684,0
10.556,3.199275616011958,0
10.558,3.862306163718838,0
10.56,-3.726514627941091,0
10.562,4.782587499979949,0
10.564,0.8878185969503174,0
10.566,3.0319343777729215,0
10.568,-1.4553802671280758,0
10.57,-3.2672093461989458,0
10.572,-3.638019637890531,0
10.574,2.095165576787013,0
10.576,5.193815347835032,0
10.578,-0.7003933166299449,0
10.58,1.1689489380977016,0
10.582,-2.348210148820887,0
10.584,9.849984118900963,0
10.586,0.27240152663966444,0
10.588,-9.68985793157808,0
10.59,-2.6502673270438217,0
10.592,6.061113852770785,0
10.594,6.128857459830214,0
10.596,-5.245166690197666,0
10.598,-8.415468604634702,0
10.6,7.9399613144273475,0
10.602,-7.552867973021255,0
10.604,5.203192270895453,0
10.606,2.165002898897442,0
10.608,-2.0918426850884617,0
10.61,5.174828816613406,0
10.612,3.3239999279041674,0
10.614,-2.6207214299888024,0
10.616,-1.3452465614189537,0
10.618,2.0003697115728216,0
10.62,1.7945793539812969,0
10.622,-4.779585144328967,0
10.624,-2.346963459312761,0
10.626,-3.621204517634407,0
10.628,-8.078458388145302,0
10.63,1.5555584926296186,0
10.632,3.2940870609395576,0
10.634,-0.2096144710356014,0
10.636,3.314780717966284,0
10.638,-8.663082543633257,0
10.64,9.798206847314686,0
10.642,1.1958096757223102,0
10.644,-10.244900303462384,0
10.646,-7.119412144167079,0
10.648,-1.6836098953881327,0
10.65,-6.137214547917997,0
10.652,0.6788222001724751,0
10.654,0.1970109931306293,0
10.656,-0.46996029197787037,0
10.658,1.0713624137296094,0
10.66,0.5860349588659994,0
10.662,2.896089017526914,0
10.664,1.1073098169951876,0
10.666,-3.9210440679356484,0
10.668,0.8564455817033657,0
10.67,-6.250027315203281,0
10.672,11.653310913785544,0
10.674,-1.5020532227963783,0
10.676,-3.7491028771765142,0
10.678,8.69458018415067,0
10.68,2.657190054933115,0
10.682,0.2746199573494162,0
10.684,-0.6930320023799164,0
10.686,2.245682200093159,0
10.688,0.21476419303481595,0
10.69,1.5312712844249485,0
10.692,12.123607266929785,0
10.694,-4.583384185859436,0
10.696,5.314494563077885,0
10.698,1.6526415952745368,0
10.7,-8.880782389479647,0
10.702,2.5375983315092143,0
10.704,-0.9545347838710861,0
10.706,5.68685022829735,0
10.708,3.294799981344412,0
10.71,2.139882259483578,0
10.712,-2.31824212096962,0
10.714,2.9364750692966246,0
10.716,-2.8320571464967244,0
10.718,4.130740703598615,0
10.72,0.7896345255042604,0
10.722,5.630215391036427,0
10.724,-7.283164648608537,0
10.726,6.004789459298706,0
10.728,-10.607943704726894,0
10.73,5.036178351290321,0
10.732,-4.497130162806072,0
10.734,2.4973470629275734,0
10.736,7.363542008400702,0
10.738,-10.509120179469543,0
10.74,-9.573207133030685,0
10.742,0.696005669363112,0
10.744,-7.918133052253625,0
10.746,7.978483748409594,0
10.748,2.1496827002995285,0
10.75,-0.7759346398747369,0
10.752,3.6581556582633996,0
10.754,0.7510419797029633,0
10.756,-1.778640769537636,0
10.758,-4.228917859723101,0
10.76,-3.26430040382355,0
10.762,3.3255108621528584,0
10.764,0.6738822789742105,0
10.766,0.21381593174291463,0
10.768,9.41206217363565,0
10.77,6.796666823776167,0
10.772,7.27845538964594,0
10.774,6.254107544909053,0
10.776,13.52180833378897,0
10.778,7.308981681946659,0
10.78,9.044158962607122,0
10.782,3.2412119170555345,0
10.784,-2.0939666016579457,0
10.786,3.715661578303142,0
10.788,-2.72130434519809,0
10.79,4.434485821514307,0
10.792,0.5285175690335033,0
10.794,-7.439018573993803,0
10.796,0.4457362319525349,0
10.798,2.1872352649349023,0
10.8,-4.389541793015609,0
10.802,1.1605837737028886,0
10.804,2.9454843857825064,0
10.806,-10.829411194972574,0
10.808,3.5111196648980556,0
10.81,-1.8402158813723848,0
10.812,-11.310891072557803,0
10.814,-2.2265711652385707,0
10.816,-0.982122892983639,0
10.818,-7.288347573323559,0
10.82,-1.9260214726208358,0
10.822,2.9893315292711637,0
10.824,-2.551461659911986,0
10.826,7.507389794334141,0
10.828,3.451092779459438,0
10.83,2.6756412771080056,0
10.832,4.129918353326553,0
10.834,-9.907692103783578,0
10.836,0.19709313447866397,0
10.838,-2.1180304391912808,0
10.84,9.256862290236453,0
10.842,11.346032761785448,0
10.844,8.857297937247928,0
10.846,-5.940907337324079,0
10.848,2.723927256223881,0
10.85,-7.570488881594157,0
10.852,-7.62903514909004,0
10.854,-0.10851828480294091,0
10.856,0.3948182747747437,0
10.858,4.311341809744055,0
10.86,-4.484284007798722,0
10.862,-0.7656012461976776,0
10.864,-0.8270801569408187,0
10.866,-4.697846216168203,0
10.868,3.404622269841172,0
10.87,-6.3004286699054415,0
10.872,1.1545286605472451,0
10.874,1.386324055336572,0
10.876,11.136156938175219,0
10.878,2.154134136737795,0
10.88,-0.988630004963848,0
10.882,-3.698524935970296,0
10.884,-2.4426996834004244,0
10.886,9.323802925430297,0
10.888,6.544815206473287,0
10.89,-6.537669243462153,0
10.892,-1.0223908865523714,0
10.894,-6.66518976081564,0
10.896,-2.522122069310661,0
10.898,5.038567231576776,0
10.9,0.5303790151412754,0
10.902,-2.5738891112902302,0
10.904,1.676615996062937,0
10.906,2.0562107217840597,0
10.908,-6.040467832672855,0
10.91,5.006707746148502,0
10.912,-7.9202944564465145,0
10.914,0.09739629502812187,0
10.916,1.8158944813644333,0
10.918,-1.243534761736799,0
10.92,-3.4579664963871517,0
10.922,0.28457109028267097,0
10.924,-9.611716188642077,0
10.926,-1.9314067097586325,0
10.928,-3.5661117017260455,0
10.93,2.8295399644141574,0
10.932,6.099510413668706,0
10.934,-2.76641586074154,0
10.936,-12.39809917378322,0
10.938,-4.341808274307583,0
10.94,3.257648578108146,0
10.942,-0.7653775276608318,0
10.944,8.98345646021613,0
10.946,0.10698467574707017,0
10.948,2.0251580722291602,0
10.95,10.227994862440228,0
10.952,4.544296606808768,0
10.954,0.8019890491100137,0
10.956,-1.250135417879929,0
10.958,-1.0775366601713596,0
10.96,2.7615330011353305,0
10.962,-6.552638472041035,0
10.964,1.5067709802799951,0
10.966,4.199744765590645,0
10.968,-4.599713919901123,0
10.97,6.308361126612004,0
10.972,5.473065570345128,0
10.974,8.711312988970395,0
10.976,1.1930548942011123,0
10.978,-3.0744051341945067,0
10.98,5.101138229534094,0
10.982,5.65278625084915,0
10.984,-2.7201495857077065,0
10.986,4.7647294917577865,0
10.988,-0.5912332251158479,0
10.99,-2.8861763909663107,0
10.992,1.4880219439719804,0
10.994,1.0968588157080414,0
10.996,0.12375275501040221,0
10.998,3.392492486259881,0
11.0,-2.829279510360489,1
11.002,-13.913802777691334,0
11.004,1.9205807371816064,0
11.006,0.3424337390796046,0
11.008,-3.5814803124611507,0
11.01,7.442320997470238,0
11.012,7.986037015072927,0
11.014,0.10934931430346673,0
11.016,-0.539618888860695,0
11.018,8.22283924317429,0
11.02,-6.252640661996946,0
11.022,0.7370398913885724,0
11.024,-4.977102146689895,0
11.026,2.5246523833841508,0
11.028,7.519776946689667,0
11.03,-1.7963924468211074,0
11.032,6.006668379673459,0
11.034,-3.7151341627605357,0
11.036,-2.5967991547705824,0
11.038,-7.290026094395619,0
11.04,5.291170335062524,0
11.042,-0.16839110017194558,0
11.044,10.454347058162568,0
11.046,-5.028657378353525,0
11.048,0.3885618839143777,0
11.05,10.078646468228452,0
11.052,0.4657715485978955,0
11.054,0.3806585707839356,0
11.056,-7.194274888446707,0
11.058,-5.639655283204785,0
11.06,-2.006228132394148,0
11.062,2.7339077359889794,0
11.064,-10.013930244614693,0
11.066,-2.183231517049486,0
11.068,-3.77980229562332,0
11.07,-2.1497808934289644,0
11.072,-9.48738684931503,0
11.074,-6.874615171927111,0
11.076,-11.0267464316873,0
11.078,-8.362951422112973,0
11.08,8.926145384226881,0
11.082,-6.377277985947055,0
11.084,-1.5280153858023966,0
11.086,-7.120346357516398,0
11.088,-7.353406808594762,0
11.09,-1.037646903154807,0
11.092,-5.843370598882391,0
11.094,-1.704353208696877,0
11.096,2.10852729807847,0
11.098,-16.210577640494186,0
11.1,-0.3776201311454792,0
11.102,-8.307536184995762,0
11.104,-4.95719483195475,0
11.106,-12.923580654020766,0
11.108,-6.511143621718677,0
11.11,-6.534316206304456,0
11.112,-15.487250922121142,0
11.114,1.2436723778383718,0
11.116,-4.251360768350162,0
11.118,1.2107690886087785,0
11.12,-3.6432179252361783,0
11.122,-3.439375170060049,0
11.124,1.6530012177699143,0
11.126,-4.713217065305196,0
11.128,-1.270867509492967,0
11.13,-0.9270845058758556,0
11.132,-7.435925735130174,0
11.134,-8.02806300614504,0
11.136,-3.3122418186200777,0
11.138,2.712003383457281,0
11.14,10.112598726726702,0
11.142,0.5706415934592566,0
11.144,6.593024034458813,0
11.146,-1.7355040528710726,0
11.148,0.8181573937741231,0
11.15,0.2175680158951847,0
11.152,1.809257466446801,0
11.154,-4.024266954692575,0
11.156,2.647316438467112,0
11.158,-1.035048412657313,0
11.16,-0.3016999111345373,0
11.162,2.584771980080525,0
11.164,10.824844738246808,0
11.166,-6.86365455490815,0
11.168,7.372917153101547,0
11.17,1.4293944502662517,0
11.172,6.095491454891253,0
11.174,13.7686125326839,0
11.176,2.0254461185979658,0
11.178,8.992155378876653,0
11.18,9.88711771586262,0
11.182,4.828058010358374,0
11.184,12.731967768874355,0
11.186,4.672214837191447,0
11.188,9.892399160437847,0
11.19,4.427836089429322,0
11.192,10.75622183981304,0
11.194,11.534010222817198,0
11.196,5.576316792065126,0
11.198,6.936561512517686,0
11.2,7.2125751052064295,0
11.202,7.667016563001063,0
11.204,9.132876475574108,0
11.206,7.218571152319787,0
11.208,5.755529829316523,0
11.21,9.415063172971685,0
11.212,8.55504237365032,0
11.214,1.424714064183969,0
11.216,16.35426401108635,0
11.218,3.97065800424987,0
11.22,11.473437092972516,0
11.222,13.989638575142868,0
11.224,-0.3397570542520407,0
11.226,7.0246197617132005,0
11.228,7.516546397425954,0
11.23,12.890075255184742,0
11.232,11.542640109383889,0
11.234,12.253151089065607,0
11.236,5.503673530359768,0
11.238,12.958748810577498,0
11.24,14.478950675337426,0
11.242,12.26964686396158,0
11.244,-0.31137488841268635,0
11.246,4.035566819422215,0
11.248,3.6700571178421666,0
11.25,8.940429961286902,0
11.252,3.747367983621369,0
11.254,4.636820516941332,0
11.256,6.517415239743801,0
11.258,-8.17828968636558,0
11.26,4.143287880664973,0
11.262,8.639582678071411,0
11.264,-4.100294285590504,0
11.266,5.415850684004822,0
11.268,4.405144252675249,0
11.27,7.455541233447882,0
11.272,7.485269595741576,0
11.274,13.1816011088414,0
11.276,-2.0872563112877356,0
11.278,-3.8972663393359315,0
11.28,3.763403622332183,0
11.282,7.051762743149913,0
11.284,0.6949527085007379,0
11.286,3.293063728947803,0
11.288,6.654313908400599,0
11.29,5.139711802779148,0
11.292,0.6184005363967575,0
11.294,2.936983329457399,0
11.296,7.111385809812852,0
11.298,3.9821389663520934,0
11.3,-1.0146731183301256,0
11.302,6.26077205211884,0
11.304,4.363323918117372,0
11.306,2.2243457572180576,0
11.308,0.7362517335922221,0
11.31,-0.8621373852475432,0
11.312,4.992877165284504,0
11.314,-5.064460171993412,0
11.316,2.5988965662718617,0
11.318,5.617983687551426,0
11.32,-0.8379994240427063,0
11.322,2.070654506115682,0
11.324,-1.0388555301249764,0
11.326,-1.978151272604714,0
11.328,0.5719196355226932,0
11.33,-6.951743928259779,0
11.332,-5.153199723573183,0
11.334,-4.2075859898653,0
11.336,7.812865143486512,0
11.338,-0.6821956055701551,0
11.34,9.887165829135386,0
11.342,0.14572548169507685,0
11.344,2.2080011915220794,0
11.346,4.829923953990831,0
11.348,-0.4984675196685717,0
11.35,-1.4547423307695229,0
11.352,1.9746731957366717,0
11.354,-0.5204512767892855,0
11.356,-5.798292207916304,0
11.358,-2.4704272499982003,0
11.36,6.85949009803038,0
11.362,1.0204437743470243,0
11.364,7.376237450385636,0
11.366,2.1504691396561175,0
11.368,2.0035636276059376,0
11.37,2.5002220681399754,0
11.372,2.3517823235088007,0
11.374,-6.981387998381697,0
11.376,9.346652504516056,0
11.378,6.327364572365092,0
11.38,-6.941905880484966,0
11.382,-4.081048376404582,0
11.384,-4.572175595585321,0
11.386,4.792882682689693,0
11.388,1.212841832415044,0
11.39,1.8945317158157717,0
11.392,-2.1140371472502246,0
11.394,3.7861057836635994,0
11.396,-0.7368673916929324,0
11.398,-4.2445466912306475,0
11.4,-1.760425291317637,0
11.402,-2.711268772034493,0
11.404,-4.744870758114958,0
11.406,-1.1440240492034737,0
11.408,-3.7703029728983353,0
11.41,-2.775358300460727,0
11.412,-5.24960430462626,0
11.414,-0.9207060913787317,0
11.416,3.591713506966646,0
11.418,-10.164017555916118,0
11.42,8.543600690800732,0
11.422,-1.0270890787148081,0
11.424,-1.300488994229037,0
11.426,0.004404922034410882,0
11.428,5.242790641685638,0
11.43,6.9135643194111935,0
11.432,-0.3327184439642728,0
11.434,-7.055676569295846,0
11.436,-7.816209311515372,0
11.438,-9.898946370395914,0
11.44,-5.049406999500693,0
11.442,3.344261235595919,0
11.444,4.99131707894599,0
11.446,0.9992266151700462,0
11.448,-1.9537789345708163,0
11.45,4.370491960959524,0
11.452,-4.022241074875713,0
11.454,1.1847026400147893,0
11.456,2.6251887138170416,0
11.458,5.392613853555401,0
11.46,-4.316169575978936,0
11.462,-5.642532286882501,0
11.464,-1.0906857889608885,0
11.466,4.290874110378738,0
11.468,-2.5644846483570616,0
11.47,-7.083036651570312,0
11.472,-7.108806863815911,0
11.474,-4.841769343274899,0
11.476,-7.554397681609029,0
11.478,1.9225995804129365,0
11.48,7.608559569532604,0
11.482,2.934131079390258,0
11.484,-1.156971420276671,0
11.486,5.870361214496291,0
11.488,4.519195941774651,0
11.49,4.194792040078503,0
11.492,-2.4780872961488862,0
11.494,7.938988520781828,0
11.496,1.045918619598795,0
11.498,-4.756883292678479,0
11.5,-0.8548653169194768,0
11.502,-8.952664810945436,0
11.504,9.268516341499607,0
11.506,0.23993146665064327,0
11.508,4.105326423830806,0
11.51,9.969551416835541,0
11.512,-6.277719284695878,0
11.514,3.970484418854447,0
11.516,3.2710562281620206,0
11.518,-5.492349645177367,0
11.52,0.05662051109598664,0
11.522,-10.081865123206194,0
11.524,8.08163152688057,0
11.526,6.063923795248345,0
11.528,-8.447799100752949,0
11.53,2.5771709313735403,0
11.532,3.428550855587918,0
11.534,2.6501683415564066,0
11.536,-0.030114580926547806,0
11.538,-1.7415170079806563,0
11.54,-2.8220411431381436,0
11.542,0.7780353322214556,0
11.544,6.918857149734227,0
11.546,0.2875778992317285,0
11.548,-2.428195425730797,0
11.55,-1.1495866725677222,0
11.552,-0.7249324314618063,0
11.554,0.26272708776460385,0
11.556,-2.247425414738781,0
11.558,6.253480522568634,0
11.56,11.16570766898683,0
11.562,-0.36462983268577015,0
11.564,-8.731713652026196,0
11.566,6.670197189826407,0
11.568,-4.096769346329467,0
11.57,2.382673699841345,0
11.572,0.6004423848802306,0
11.574,4.253946418021618,0
11.576,9.594479969838217,0
11.578,-7.336995901891479,0
11.58,-1.1472573912016077,0
11.582,3.8868557471770506,0
11.584,0.9215704151473224,0
11.586,5.70509780463501,0
11.588,-5.006886727926391,0
11.59,4.856480034623475,0
11.592,-4.1555533844872485,0
11.594,7.103749167604628,0
11.596,3.9107250188168137,0
11.598,2.374464119576613,0
11.6,-1.1744362709611802,0
11.602,7.629839739506306,0
11.604,0.6661347758733406,0
11.606,-3.5653741348096992,0
11.608,-1.4878858988654793,0
11.61,2.7545653290655263,0
11.612,-3.4754671407744433,0
11.614,2.4371918893511095,0
11.616,-4.51865082618917,0
11.618,-2.436391707988163,0
11.62,-6.117028087880438,0
11.622,-9.93081217378887,0
11.624,-6.0695373231619545,0
11.626,-0.7274247857798526,0
11.628,-1.4799592066650111,0
11.63,1.6190037702813136,0
11.632,1.3378136442588684,0
11.634,6.961910471823066,0
11.636,-4.370971617072774,0
11.638,-0.32399760270170563,0
11.64,6.507392656071956,0
11.642,-1.3044301461495822,0
11.644,-2.919381820074616,0
11.646,9.939254655131032,0
11.648,-2.8056649942841956,0
11.65,4.782038255021263,0
11.652,8.089389144109164,0
11.654,11.191686272561213,0
11.656,-9.78700758710874,0
11.658,3.501120339144576,0
11.66,5.303358754679339,0
11.662,8.101005183483032,0
11.664,-3.029924096416401,0
11.666,-6.688644682213973,0
11.668,-5.11376716137743,0
11.67,6.206514652686756,0
11.672,2.856231967847209,0
11.674,-1.4344332661532984,0
11.676,-6.529744931207841,0
11.678,6.805984488308896,0
11.68,-0.7039543116072025,0
11.682,3.681544583990454,0
11.684,-5.9238814832798745,0
11.686,5.005723440230455,0
11.688,-2.753041486966353,0
11.69,-3.1912660041883303,0
11.692,-0.9677141592748857,0
11.694,-2.8054548780708517,0
11.696,10.851791256260952,0
11.698,0.0036219309227616715,0
11.7,-4.967817972684086,0
11.702,-3.2517712097608555,0
11.704,-8.759342440918266,0
11.706,-2.682334166831554,0
11.708,-1.7548507250230654,0
11.71,-6.645911969451596,0
11.712,4.470937130959107,0
11.714,1.9431142534433667,0
11.716,7.251503002203503,0
11.718,-1.826806643805752,0
11.72,-3.6778431129470643,0
11.722,-6.351039439566711,0
11.724,-2.8495104887953575,0
11.726,-0.2051649379750736,0
11.728,-8.430016712627886,0
11.73,-2.873363771934317,0
11.732,-1.1399692489044335,0
11.734,2.34837558145452,0
11.736,-11.40920622061574,0
11.738,2.3591741239534327,0
11.74,10.80884318742652,0
11.742,0.6630878922238526,0
11.744,-0.5417320084040499,0
11.746,8.422022692618253,0
11.748,-0.29703551997293154,0
11.75,9.598205040662654,0
11.752,-1.0792305001208566,0
11.754,-1.7703368690156494,0
11.756,1.2649937276971632,0
11.758,3.616205191376443,0
11.76,9.071885387267534,0
11.762,3.7315431019977803,0
11.764,-2.5037977787697514,0
11.766,4.07145455370168,0
11.768,-4.263747265120147,0
11.77,6.343895968652352,0
11.772,-2.8245938124814574,0
11.774,3.7370857463463065,0
11.776,3.0967990372641503,0
11.778,-6.22206662132748,0
11.78,0.5692588908962701,0
11.782,0.6532843173340118,0
11.784,2.104289347564144,0
11.786,-1.8525966704804286,0
11.788,1.295800920482508,0
11.79,3.2279267705653742,0
11.792,5.362103878087523,0
11.794,-5.726498208599357,0
11.796,3.5451059889807675,0
11.798,8.00817056732036,0
11.8,0.9610434908285517,0
11.802,1.635673410423981,0
11.804,-1.4087747879201162,0
11.806,1.0687581631526868,0
11.808,-3.4608986534537807,0
11.81,-0.9808434706076824,0
11.812,1.1534089537278227,0
11.814,4.901426990564942,0
11.816,1.6082242010856571,0
11.818,-3.693513322680025,0
11.82,-1.6407222202986558,0
11.822,-3.206743908843034,0
11.824,1.379059323947818,0
11.826,6.2591275931457435,0
11.828,-3.45572398396648,0
11.83,2.2539970182115168,0
11.832,-3.5967877924252654,0
11.834,-13.677420213005654,0
11.836,4.540078118951664,0
11.838,-0.6030396056783213,0
11.84,3.42546347609826,0
11.842,-4.514585471899222,0
11.844,-5.2238788733377515,0
11.846,1.6512185988560475,0
11.848,3.179200466216041,0
11.85,-1.572846875097157,0
11.852,6.278944450935175,0
11.854,4.245763376091913,0
11.856,2.8256182448301645,0
11.858,6.326626231872002,0
11.86,-3.7241371214457852,0
11.862,-3.290237859870631,0
11.864,-2.3256847168556147,0
11.866,2.1700495033047513,0
11.868,6.8770573494790055,0
11.87,4.977136893920407,0
11.872,3.3557522533243396,0
11.874,6.97683857891749,0
11.876,-10.81400002606705,0
11.878,2.102715043443574,0
11.88,3.5614366634902175,0
11.882,-5.1346688359719845,0
11.884,-4.770882505762638,0
11.886,2.8353604286471947,0
11.888,-3.583268098276598,0
11.89,1.9631416274831897,0
11.892,-0.44772829473719167,0
11.894,2.3683555724216934,0
11.896,3.7814574132441,0
11.898,-2.4841845346132496,0
11.9,0.499560044134861,0
11.902,-4.310712536970403,0
11.904,-3.5623769819326063,0
11.906,-0.758613853571158,0
11.908,-4.4839899127664635,0
11.91,-4.954117376118173,0
11.912,-3.794229019536693,0
11.914,-9.517459602284521,0
11.916,1.6442803873461023,0
11.918,-5.878493237456506,0
11.92,-1.5248085944583771,0
11.922,-5.938062876406342,0
11.924,0.03647755974681345,0
11.926,2.4957986226197812,0
11.928,0.5275082318618769,0
11.93,8.890100023666621,0
11.932,-13.134592365251523,0
11.934,8.364759895232327,0
11.936,2.6878984026833694,0
11.938,2.2121529959230677,0
11.94,-0.2624639833714165,0
11.942,-7.476256103949911,0
11.944,-3.914514398954948,0
11.946,-1.6763157699785052,0
11.948,6.300878098302431,0
11.95,-1.273732057073422,0
11.952,-3.3849476520174973,0
11.954,-2.7778898875268867,0
11.956,3.286417978022926,0
11.958,5.939360782058581,0
11.96,-4.867544247797612,0
11.962,2.141857252837716,0
11.964,0.2052112628123036,0
11.966,-5.564772340373683,0
11.968,-1.6233071287469971,0
11.97,-2.5436522707838427,0
11.972,1.7617844154535438,0
11.974,1.4820730146396672,0
11.976,-2.973001346262972,0
11.978,0.34304808106002627,0
11.98,-4.607367134613907,0
11.982,3.401111678904525,0
11.984,2.2180565556180687,0
11.986,-8.75176764409242,0
11.988,12.368201544440678,0
11.99,-3.4873091274554637,0
11.992,1.9540780036221355,0
11.994,5.472308923731225,0
11.996,8.034853536354984,0
11.998,-6.40711858639208,0
12.0,2.0550440573204733,1
12.002,-5.220449736450767,0
12.004,-1.356316698228539,0
12.006,-13.773723132213481,0
12.008,6.219695135267385,0
12.01,2.604734244216047,0
12.012,9.055548342514848,0
12.014,5.06805384030962,0
12.016,0.1608861888297477,0
12.018,1.8320823287989667,0
12.02,-0.10522444889804859,0
12.022,-0.44609947203656114,0
12.024,-13.309517329885926,0
12.026,1.7864052314815475,0
12.028,-3.593308800082151,0
12.03,-0.5634525272231987,0
12.032,-1.147828108186221,0
12.034,-3.8177883494830183,0
12.036,-3.790366033725944,0
12.038,-4.707673630720049,0
12.04,3.94870677471185,0
12.042,-4.59934705099708,0
12.044,2.7039002041876006,0
12.046,-5.886637575177086,0
12.048,3.4317048321785837,0
12.05,2.8316127377413736,0
12.052,-2.362814335907249,0
12.054,-12.867045090585421,0
12.056,6.34107892492102,0
12.058,4.736928104611788,0
12.06,-6.960677455899429,0
12.062,4.220897212259681,0
12.064,6.1181906123979095,0
12.066,-4.490675933409617,0
12.068,-6.2721290147812585,0
12.07,3.254967431863153,0
12.072,-4.194950140688059,0
12.074,-0.22163549005695815,0
12.076,-4.18934612215762,0
12.078,-5.653103245713679,0
12.08,-4.125924445043144,0
12.082,-2.5417682417526444,0
12.084,-1.7734458363411725,0
12.086,-6.0489737903471035,0
12.088,-3.579567656415901,0
12.09,-10.491006982884423,0
12.092,1.5060464615513123,0
12.094,0.3551482971098827,0
12.096,3.0503795528856754,0
12.098,-4.239638034795222,0
12.1,-1.839606365604895,0
12.102,-9.52105289058585,0
12.104,-5.995851872861667,0
12.106,-3.8048869845684816,0
12.108,2.3749029130813373,0
12.11,-2.348880650471431,0
12.112,-5.658907602235624,0
12.114,-4.429850839634694,0
12.116,-6.403471954976991,0
12.118,3.807810746676654,0
12.12,1.6410818154227704,0
12.122,-12.96220019155534,0
12.124,-10.2685193175329,0
12.126,-1.3033810401856212,0
12.128,-6.997826062555183,0
12.13,-5.264816943534588,0
12.132,-8.95942992648115,0
12.134,-2.303868550571166,0
12.136,1.3786504653927507,0
12.138,0.6008793424772404,0
12.14,1.974526753500902,0
12.142,-8.081669614414496,0
12.144,11.42111167247133,0
12.146,3.222322056978502,0
12.148,8.743028776020196,0
12.15,4.077676937919568,0
12.152,1.4205842500310826,0
12.154,-5.55853962074654,0
12.156,7.046617788851032,0
12.158,3.4233376662596435,0
12.16,-9.842094983773242,0
12.162,3.066469084857613,0
12.164,0.8374011144521201,0
12.166,3.0263925178892044,0
12.168,8.88552357877243,0
12.17,4.147232122084954,0
12.172,11.471878827304137,0
12.174,9.150961369859502,0
12.176,0.3975844050344408,0
12.178,8.797278963953712,0
12.18,16.652204691393866,0
12.182,4.671061398585276,0
12.184,6.559181123506702,0
12.186,3.8133986279960403,0
12.188,-7.3126370587386855,0
12.19,15.752865337748975,0
12.192,8.036210786163931,0
12.194,7.762414649866045,0
12.196,9.24406774668291,0
12.198,0.873312458967229,0
12.2,-2.8763649363332924,0
12.202,6.524860855624887,0
12.204,8.243470783483968,0
12.206,5.6706092738457174,0
12.208,6.74473907417125,0
12.21,11.370457474157426,0
12.212,11.460231604463136,0
12.214,11.056518779890178,0
12.216,6.548046399806331,0
12.218,11.677153148211497,0
12.22,10.720620516491145,0
12.222,10.616187497911037,0
12.224,8.893541338616753,0
12.226,8.43355833762391,0
12.228,6.968753457418926,0
12.23,1.4753367628506053,0
12.232,5.775219145538285,0
12.234,13.983231732134506,0
12.236,4.322814293148963,0
12.238,7.873013239027403,0
12.24,2.5197907908031354,0
12.242,11.351386728720197,0
12.244,2.408130910945587,0
12.246,4.336590882825708,0
12.248,1.2233332298294197,0
12.25,7.458322441060801,0
12.252,10.084315256466073,0
12.254,6.200995111217379,0
12.256,11.028416106626446,0
12.258,2.011909998697379,0
12.26,7.157211680347273,0
12.262,10.128969920717601,0
12.264,2.7223503161432543,0
12.266,5.393591698469689,0
12.268,5.850355059805482,0
12.27,7.242421222641352,0
12.272,-0.7760482527145127,0
12.274,8.774489000242358,0
12.276,-2.3811407819874613,0
12.278,1.0592405223260806,0
12.28,8.187130538901226,0
12.282,6.741825351983158,0
12.284,3.1290011892296827,0
12.286,7.108151604564372,0
12.288,-0.19503706410988997,0
12.29,-4.354530581475285,0
12.292,-8.971815047077808,0
12.294,6.9860359550903715,0
12.296,0.7477735881564873,0
12.298,-0.514858423524228,0
12.3,-0.1762711926591891,0
12.302,2.4409223037738332,0
12.304,2.698141254596788,0
12.306,0.8479566072542843,0
12.308,1.2641667029629817,0
12.31,-0.8354769791034039,0
12.312,1.2927316605823445,0
12.314,2.099179194321115,0
12.316,7.584342822222752,0
12.318,-4.567739877072303,0
12.32,5.542777863242434,0
12.322,-1.2734047373932231,0
12.324,-1.1642913472556935,0
12.326,4.694605140316753,0
12.328,4.8099829227898825,0
12.33,-0.944175553917376,0
12.332,-3.340882416074128,0
12.334,-6.735710772575782,0
12.336,3.1195082238863,0
12.338,4.028287113162878,0
12.34,-3.091117525687756,0
12.342,1.881008508859047,0
12.344,-0.613659307508591,0
12.346,-4.771009008367655,0
12.348,0.44218453885138265,0
12.35,-3.938890882432957,0
12.352,2.3861862026796796,0
12.354,4.199492017996313,0
12.356,-4.494015528453937,0
12.358,-5.117426390767422,0
12.36,-10.030133545794525,0
12.362,3.4403372799100964,0
12.364,5.761572060125568,0
12.366,3.9790717627632732,0
12.368,5.337895077517246,0
12.37,-2.0046675476411924,0
12.372,-3.2280937545848665,0
12.374,-0.6497836395809694,0
12.376,-1.4481701283689186,0
12.378,-0.6602652235297574,0
12.38,3.9720303620040793,0
12.382,-1.9225322227074826,0
12.384,-1.2712048470629609,0
12.386,-1.1870217852418898,0
12.388,1.5481537809099675,0
12.39,3.3292606783298226,0
12.392,8.465774604853925,0
12.394,1.2711007437079846,0
12.396,7.159420917239914,0
12.398,1.0128954128116174,0
12.4,2.4711773446536505,0
12.402,6.456585918045243,0
12.404,-3.8004194660969146,0
12.406,-4.041831546940121,0
12.408,2.1822652348401204,0
12.41,-4.4419253292226175,0
12.412,6.907161001433057,0
12.414,3.19074024057519,0
12.416,0.08606706219664834,0
12.418,10.501627560633382,0
12.42,0.7469766585425786,0
12.422,-4.73735635877042,0
12.424,1.7120050797808308,0
12.426,5.307957704075242,0
12.428,-5.5726923090714555,0
12.43,5.027915024007944,0
12.432,-1.910137649971673,0
12.434,-3.274717673551671,0
12.436,1.1027065728467538,0
12.438,-8.449663788732597,0
12.44,-1.9225111157565058,0
12.442,2.5842709389654437,0
12.444,3.029691026792752,0
12.446,-13.68071557266869,0
12.448,-0.040650802905780055,0
12.45,-0.3941308831768367,0
12.452,-4.402804807671343,0
12.454,-9.552315905470342,0
12.456,-5.8028458025140415,0
12.458,7.327606543898868,0
12.46,-3.168286379927402,0
12.462,-1.3892724484275898,0
12.464,-3.9481745945458817,0
12.466,-7.797420038801299,0
12.468,-3.407817873489239,0
12.47,-2.2113192894164655,0
12.472,7.558124989584103,0
12.474,-4.955058507716996,0
12.476,-0.5562999093927071,0
12.478,-1.0201160521005364,0
12.48,-8.913865819856328,0
12.482,-2.6106930961512065,0
12.484,-6.907758225516295,0
12.486,2.728701809644869,0
12.488,5.104435657865667,0
12.49,-8.27469379779301,0
12.492,0.1598625341379118,0
12.494,-4.928924861674133,0
12.496,-3.128419164255576,0
12.498,-12.842625048092001,0
12.5,-3.1533448423491426,0
12.502,3.3914483888115177,0
12.504,5.439673597590941,0
12.506,10.759250398119601,0
12.508,1.7793439970769978,0
12.51,-4.0481903828554655,0
12.512,-1.369376349221212,0
12.514,2.288367461954136,0
12.516,-5.706541169358688,0
12.518,-3.7784249120187225,0
12.52,4.826228104941437,0
12.522,5.511941006577772,0
12.524,-7.7573874019612195,0
12.526,-0.21507474405816537,0
12.528,3.1913295342846895,0
12.53,-5.5345597245052796,0
12.532,6.365035596378763,0
12.534,0.5918947268886485,0
12.536,-3.149603634765939,0
12.538,-11.060460887307803,0
12.54,8.292294390019956,0
12.542,-6.320515068276004,0
12.544,-0.4593492858563652,0
12.546,-9.07345959798402,0
12.548,9.012111816189222,0
12.55,3.49481291495989,0
12.552,10.854079509275323,0
12.554,-9.688735608292678,0
12.556,-0.5104158825931367,0
12.558,3.1598938706056723,0
12.56,-4.2772784052240365,0
12.562,3.006325978601047,0
12.564,-5.071346419074849,0
12.566,-7.737091263127963,0
12.568,-1.6801227901561544,0
12.57,5.835622258598747,0
12.572,1.5933510046631625,0
12.574,4.932821407169629,0
12.576,-7.186035657998116,0
12.578,2.7845275786356294,0
12.58,-3.1018289119931235,0
12.582,-1.9913619544733387,0
12.584,1.8520112280029204,0
12.586,-9.776864181237997,0
12.588,6.219198003083234,0
12.59,-7.690425036073185,0
12.592,-3.9370801415755827,0
12.594,0.1772074266760988,0
12.596,5.049085076602782,0
12.598,5.551300183711051,0
12.6,-1.9472845481723253,0
12.602,-3.5322761455990537,0
12.604,4.301070957319124,0
12.606,7.628304535080146,0
12.608,4.494871785171033,0
12.61,-2.3331979494004904,0
12.612,-1.2177815420097244,0
12.614,-2.3233079079714485,0
12.616,1.3843311734239614,0
12.618,0.8647590141517566,0
12.62,1.6958391975668818,0
12.622,-6.484824425299757,0
12.624,-2.977007099860054,0
12.626,6.885358580008888,0
12.628,0.19745735837675138,0
12.63,-3.6511416399994263,0
12.632,1.7422250716208803,0
12.634,-1.1591388469585902,0
12.636,7.585748400941769,0
12.638,-3.1622621697501767,0
12.64,1.531205043636915,0
12.642,2.8535975847218915,0
12.644,2.38428674886686,0
12.646,-2.912561667305579,0
12.648,-2.619100792668021,0
12.65,-7.471469581564909,0
12.652,7.614554406848195,0
12.654,-3.400749546617605,0
12.656,-6.9232358314247815,0
12.658,2.2519374340420457,0
12.66,-5.812882302881296,0
12.662,-11.26477867454094,0
12.664,6.379162201982326,0
12.666,-7.683876105675596,0
12.668,-9.569961657350715,0
12.67,0.059066554390651324,0
12.672,-3.8199248108756194,0
12.674,-6.653123149204232,0
12.676,4.983351804541026,0
12.678,5.05277111538314,0
12.68,-5.031558427573167,0
12.682,5.581429431871427,0
12.684,3.561380673918193,0
12.686,-2.791137677680426,0
12.688,1.1122117811563974,0
12.69,-8.749846028215476,0
12.692,-1.7868477406198577,0
12.694,10.687108156602424,0
12.696,1.981600960566476,0
12.698,1.7433974504613565,0
12.7,4.029458838887428,0
12.702,-2.929541124316428,0
12.704,5.147216540083475,0
12.706,7.915708748124368,0
12.708,1.5219529515356742,0
12.71,-1.0817323681030895,0
12.712,0.6035666233092492,0
12.714,-3.9193755405108965,0
12.716,-3.4442771336951794,0
12.718,-6.323029886008421,0
12.72,1.6996506587045022,0
12.722,-0.9234226832785997,0
12.724,1.6774496512608241,0
12.726,7.6190292539742455,0
12.728,2.402577909400862,0
12.73,2.654289248506154,0
12.732,1.403866523932651,0
12.734,-4.195961131590421,0
12.736,0.2519994886508099,0
12.738,-3.5540920763677764,0
12.74,1.652860849264565,0
12.742,-0.8400718435809698,0
12.744,-8.289930410475485,0
12.746,0.11489692110643812,0
12.748,-0.680015386986311,0
12.75,-4.907015629941242,0
12.752,7.306351789126284,0
12.754,-2.7828841334846537,0
12.756,10.926736208323959,0
12.758,5.510018320833675,0
12.76,0.15611039851845085,0
12.762,6.915307114496189,0
12.764,-1.0442953159396633,0
12.766,-3.7977441183430862,0
12.768,3.2157663085272703,0
12.77,-2.680977695719886,0
12.772,-3.841179038191249,0
12.774,3.28198985948114,0
12.776,-1.6834223371622428,0
12.778,-3.212659258071514,0
12.78,-4.97586414281588,0
12.782,-0.2582806335459944,0
12.784,-7.504740890984413,0
12.786,4.1950491514393775,0
12.788,1.9270326104403015,0
12.79,-3.4981812005088955,0
12.792,1.1366340112694806,0
12.794,-3.0845533562187804,0
12.796,-10.342775531309465,0
12.798,-1.6348823407159072,0
12.8,-0.9849844845211307,0
12.802,-1.8485160183499028,0
12.804,-0.1478314146290995,0
12.806,2.0592008874727745,0
12.808,3.8000654051771416,0
12.81,1.7541583278266804,0
12.812,2.9902122020744857,0
12.814,1.2767604308855063,0
12.816,3.8364025079834456,0
12.818,-7.161620355291411,0
12.82,-2.179320218283671,0
12.822,5.414188439121035,0
12.824,-2.2757642411964323,0
12.826,0.23237910730323535,0
12.828,-2.8725786140939826,0
12.83,-2.344989914709866,0
12.832,7.477467998614393,0
12.834,-0.33685094547776323,0
12.836,6.271002433920697,0
12.838,4.444048820025739,0
12.84,-10.919195686921553,0
12.842,-0.362485669781322,0
12.844,1.4813050973670103,0
12.846,0.8294707449347395,0
12.848,5.084127855510918,0
12.85,6.0542811040947075,0
12.852,5.430786649589059,0
12.854,-3.582390426697877,0
12.856,-4.218718740125835,0
12.858,2.7182952380122556,0
12.86,-0.13056304508096594,0
12.862,-3.3104314603291884,0
12.864,3.715467108647778,0
12.866,0.4782328189944865,0
12.868,1.6918434689615758,0
12.87,7.324719205110529,0
12.872,-6.6051767387220925,0
12.874,-0.818749265493612,0
12.876,2.9982420210902254,0
12.878,-3.0891525052748383,0
12.88,9.475585666117652,0
12.882,-3.380400783643537,0
12.884,5.37546305847047,0
12.886,-9.679968530039957,0
12.888,-1.297266524788621,0
12.89,-0.6325819758123101,0
12.892,-7.314842697925035,0
12.894,4.287367203414964,0
12.896,1.5178405856283834,0
12.898,-7.316083978852198,0
12.9,1.8987010130389963,0
12.902,3.704855516981514,0
12.904,11.460828928551702,0
12.906,-4.398336885811183,0
12.908,2.131136978677997,0
12.91,-5.997451402088942,0
12.912,-8.414199559088807,0
12.914,-2.0828741322896014,0
12.916,-3.9049751473638654,0
12.918,-6.120935169087877,0
12.92,-5.105821625066568,0
12.922,2.11830449050807,0
12.924,-2.60059089067345,0
12.926,-3.0246549348351643,0
12.928,7.329145174354119,0
12.93,-6.614825633157445,0
12.932,-5.844185803100412,0
12.934,2.0489169561328557,0
12.936,-1.0447115271799445,0
12.938,-2.9104547906505496,0
12.94,1.5539912871805808,0
12.942,-3.1338338257919554,0
12.944,-1.988128813349028,0
12.946,-0.4581034786170141,0
12.948,6.223301915768807,0
12.95,-2.4739736788070394,0
12.952,7.890132756313901,0
12.954,1.8897636748966569,0
12.956,-1.6568466325716964,0
12.958,-8.845651751652849,0
12.96,0.33655527983119093,0
12.962,-0.5706467349753874,0
12.964,4.248241125631345,0
12.966,2.871692160912829,0
12.968,-1.4676701091125148,0
12.97,-3.6313012252226713,0
12.972,0.4855495960571172,0
12.974,-3.466087637299105,0
12.976,-6.209797427345157,0
12.978,-4.332856668171101,0
12.98,-3.642533296657296,0
12.982,0.37808439829025836,0
12.984,-1.9357321585144909,0
12.986,7.575921213135724,0
12.988,-8.687144203966639,0
12.99,2.152036865066543,0
12.992,-2.4828597699194486,0
12.994,-1.9653427411024842,0
12.996,-2.381378552429554,0
12.998,0.012739560369963012,0
13.0,-2.9246547727171577,1
13.002,-9.87570379818589,0
13.004,-2.6330885619227313,0
13.006,-8.56598170591523,0
13.008,1.2879934532253365,0
13.01,9.908581597772839,0
13.012,2.270676747725029,0
13.014,6.3432579139634555,0
13.016,-4.247741841069592,0
13.018,-0.047262710139509514,0
13.02,-0.32710436787030767,0
13.022,-0.3474701391116745,0
13.024,3.5694905318818146,0
13.026,0.12340835380707121,0
13.028,4.553816588665939,0
13.03,4.5953929240833515,0
13.032,-4.386845392005325,0
13.034,3.7873548860966504,0
13.036,-6.376615402177848,0
13.038,4.593745946889524,0
13.04,0.16828069918703586,0
13.042,-1.8948478914311497,0
13.044,-3.0303217559207845,0
13.046,-10.194291830123388,0
13.048,-3.9767372130407077,0
13.05,0.22216364656459742,0
13.052,-7.082652343648345,0
13.054,8.894206614503016,0
13.056,5.116600058066353,0
13.058,-9.002321134281154,0
13.06,-1.4766568351835319,0
13.062,7.350240139538812,0
13.064,-1.8222034018096418,0
13.066,-4.997989335928986,0
13.068,2.4427662305428783,0
13.07,-6.976508209138317,0
13.072,-2.5161138724934387,0
13.074,-0.03410398947851423,0
13.076,-1.4648148899252258,0
13.078,-6.761836329310797,0
13.08,-14.075283600367474,0
13.082,-6.041138982773086,0
13.084,-8.651621787653067,0
13.086,-0.11124414385204906,0
13.088,-5.581704676734189,0
13.09,-0.6231476318642031,0
13.092,-7.5051062913783255,0
13.094,-13.552015117831237,0
13.096,-0.5220202408322203,0
13.098,-2.120730842817744,0
13.1,-10.718969649870386,0
13.102,-2.5630420210844482,0
13.104,0.5584092319351774,0
13.106,-12.15738368773212,0
13.108,-9.766303597160498,0
13.11,-2.63665917291274,0
13.112,-10.034922712391069,0
13.114,-4.945656045870521,0
13.116,-4.5198424233380186,0
13.118,-6.1321494638674015,0
13.12,-10.022122622704726,0
13.122,4.866904015804023,0
13.124,0.7730297603707625,0
13.126,2.4251772853342315,0
13.128,-0.9927965817285019,0
13.13,3.269318134291645,0
13.132,3.491672611287508,0
13.134,-1.7013534609752876,0
13.136,-0.1061901898036024,0
13.138,7.957560506835131,0
13.14,-7.1933278220603905,0
13.142,0.15893422431825066,0
13.144,1.0874305109919935,0
13.146,2.1026452291765247,0
13.148,3.268244628878783,0
13.15,1.1772288726160158,0
13.152,6.320307852820653,0
13.154,-5.635490171854771,0
13.156,0.2776837855183767,0
13.158,-3.2550091938257717,0
13.16,-4.999473014644284,0
13.162,3.331274370961112,0
13.164,-3.231679181029221,0
13.166,-4.332387359988347,0
13.168,-1.633559572383537,0
13.17,2.3960577382982158,0
13.172,1.315074999239782,0
13.174,2.0415855997415466,0
13.176,4.85986844579588,0
13.178,11.052624027671245,0
13.18,7.685668285856623,0
13.182,10.164371261511441,0
13.184,7.664578533832865,0
13.186,11.967807059777822,0
13.188,8.193980752732315,0
13.19,3.2775072384096973,0
13.192,-0.6646633299492892,0
13.194,1.0001074453859733,0
13.196,11.15112743047083,0
13.198,1.095024386049455,0
13.2,4.175878108035089,0
13.202,-1.5140832567281226,0
13.204,6.616519918747709,0
13.206,13.602704515617935,0
13.208,9.936312464794964,0
13.21,-0.6707145053409018,0
13.212,3.2194001986194665,0
13.214,-7.745649723897046,0
13.216,5.2957333814039504,0
13.218,1.356416397549963,0
13.22,7.453512578691612,0
13.222,2.425496279252033,0
13.224,14.935303155369084,0
13.226,9.681456618746715,0
13.228,8.661055369126494,0
13.23,6.171043044015684,0
13.232,2.9723291894835486,0
13.234,9.412987452612672,0
13.236,4.838996894722649,0
13.238,11.345102693997841,0
13.24,16.41386005029137,0
13.242,9.45839214847161,0
13.244,7.734120771080256,0
13.246,6.251531992012757,0
13.248,7.148262356858176,0
13.25,5.988251923645427,0
13.252,9.126017372154589,0
13.254,1.7264835721463725,0
13.256,0.5022643499736015,0
13.258,4.44288593497212,0
13.26,5.133318409262861,0
13.262,0.2838926315706729,0
13.264,2.9423266192166064,0
13.266,10.71861207017187,0
13.268,3.911719822796129,0
13.27,0.1418857091877701,0
13.272,2.2388263305861447,0
13.274,3.7839191366175733,0
13.276,6.852669660116504,0
13.278,7.948828729372835,0
13.28,1.1105383872314363,0
13.282,-2.2308943971399544,0
13.284,-3.5639280850960584,0
13.286,-0.814164217569636,0
13.288,7.281529471550046,0
13.29,3.1921009562083684,0
13.292,4.564105528962616,0
13.294,-0.25357015638914815,0
13.296,-0.007050966355931276,0
13.298,-3.487347937718652,0
13.3,0.10188951409223246,0
13.302,2.9235707428212256,0
13.304,12.08931457950212,0
13.306,-5.022254107527184,0
13.308,-2.0243219434441517,0
13.31,0.48578705355244,0
13.312,1.6662497133372292,0
13.314,5.036509444222965,0
13.316,2.729199872546335,0
13.318,-5.087851563052309,0
13.32,-5.88930445597425,0
13.322,3.2128994121407337,0
13.324,-4.259298180074921,0
13.326,3.678697286212554,0
13.328,-0.8581692988222265,0
13.33,-2.136606321651141,0
13.332,-4.493799781817458,0
13.334,-1.0253622168583532,0
13.336,2.737642485239356,0
13.338,14.897007850003698,0
13.34,-8.166216887893205,0
13.342,2.3909079445445895,0
13.344,-4.65852420066812,0
13.346,3.718424191143096,0
13.348,-5.362738410651175,0
13.35,3.2525517018215973,0
13.352,-8.880521024769928,0
13.354,-9.585788771620818,0
13.356,-1.4811076450215932,0
13.358,3.2782455530401178,0
13.36,-5.240162254162926,0
13.362,-1.1797227660985896,0
13.364,1.0445749689755275,0
13.366,7.0355442757650595,0
13.368,-5.517071922906837,0
13.37,3.430978661112617,0
13.372,-1.6159927345713117,0
13.374,7.689778543262153,0
13.376,0.013994644069238137,0
13.378,4.141231277280507,0
13.38,3.3066516407766824,0
13.382,0.3081844833595054,0
13.384,4.725884151964666,0
13.386,7.372271845802709,0
13.388,2.7069952485396884,0
13.39,-0.26660687872923355,0
13.392,-2.070708285610353,0
13.394,8.13370276445963,0
13.396,0.30656668465652653,0
13.398,2.630752782263021,0
13.4,-1.5473854508860734,0
13.402,-3.7514739344719183,0
13.404,5.375620773200962,0
13.406,-9.374531319904984,0
13.408,-1.4988888967733967,0
13.41,0.46102449057399014,0
13.412,5.160806613260163,0
13.414,10.901455567342108,0
13.416,4.415021677041451,0
13.418,-2.560087172588805,0
13.42,2.123764390974193,0
13.422,1.9612497983330093,0
13.424,-6.264286140750523,0
13.426,2.7012818306169377,0
13.428,-9.72601347594048,0
13.43,1.647529684815056,0
13.432,5.945552139676859,0
13.434,2.47440126650654,0
13.436,4.879701906745261,0
13.438,-2.508099528692004,0
13.44,6.11388137871034,0
13.442,5.0238929238200924,0
13.444,0.726341360953593,0
13.446,-3.604077042776687,0
13.448,8.945191305047867,0
13.45,6.404419460576466,0
13.452,-2.030904761246112,0
13.454,2.0763085403540136,0
13.456,-0.25308185422585233,0
13.458,5.211581034061396,0
13.46,5.54214353793451,0
13.462,-2.731686259685641,0
13.464,-2.8242654553350537,0
13.466,4.713932427462365,0
13.468,1.7203656375997411,0
13.47,-0.290508893762131,0
13.472,-4.4104694487178415,0
13.474,-4.511665999268486,0
13.476,4.302373680791668,0
13.478,0.2534487408979163,0
13.48,-1.5708763065227747,0
13.482,8.427811540827193,0
13.484,-0.3141126000119241,0
13.486,3.6614491181435613,0
13.488,-2.0093153144724942,0
13.49,1.9294845789050126,0
13.492,-7.551227778192627,0
13.494,-0.09024516488819427,0
13.496,0.22632819274605398,0
13.498,3.647463985088795,0
13.5,6.7962388866380214,0
13.502,-11.361107704353454,0
13.504,9.29336235957265,0
13.506,-3.3400157286028964,0
13.508,-0.2703157475233677,0
13.51,6.303832501032832,0
13.512,-6.190410172459518,0
13.514,0.39893716661776646,0
13.516,-2.327028353485966,0
13.518,-5.669830310417514,0
13.52,-4.179385197517448,0
13.522,-1.4033440729552331,0
13.524,-2.619825589845992,0
13.526,2.2051348756346463,0
13.528,-2.60580749133036,0
13.53,3.6020817385842174,0
13.532,-3.8179035085384836,0
13.534,-1.418054792418483,0
13.536,4.996614537590677,0
13.538,-1.6480690596678829,0
13.54,2.884475725210969,0
13.542,-0.9075114903786777,0
13.544,-0.8691656232752076,0
13.546,11.86641328344285,0
13.548,-3.122120431038773,0
13.55,-4.214707799436694,0
13.552,-0.7892833994795309,0
13.554,6.435070363761959,0
13.556,0.007115018204383842,0
13.558,4.442598747460508,0
13.56,7.910652310647374,0
13.562,2.5091077035878526,0
13.564,6.480834000520571,0
13.566,-5.121483684049883,0
13.568,2.9393592805000917,0
13.57,0.3555294818227397,0
13.572,-1.710147581742585,0
13.574,2.341558465546535,0
13.576,-0.05398388677865434,0
13.578,-0.6428614023773775,0
13.58,-1.3238473522548564,0
13.582,-10.227144690213256,0
13.584,-0.48194371815497034,0
13.586,-2.243021752619501,0
13.588,-4.7412279607936565,0
13.59,-6.3079322773427995,0
13.592,-4.21179060834703,0
13.594,-4.8629720999886015,0
13.596,10.704447587799027,0
13.598,-2.742619186266738,0
13.6,1.1632464432509588,0
13.602,-8.780768269438576,0
13.604,5.118703780337248,0
13.606,-0.5039606776218447,0
13.608,8.866708756120454,0
13.61,4.133663875738774,0
13.612,3.657069230094803,0
13.614,-1.9403527192835772,0
13.616,-4.163319259914423,0
13.618,0.06133003124331415,0
13.62,1.3246606415467554,0
13.622,6.528062159551099,0
13.624,-2.9193175779865834,0
13.626,2.64513322087573,0
13.628,-1.7587079769252034,0
13.63,-4.515566799789971,0
13.632,0.3615641171876815,0
13.634,0.9816052203528907,0
13.636,-4.110394945061889,0
13.638,0.735465902173347,0
13.64,-3.285891270994032,0
13.642,3.659007273405159,0
13.644,-1.2705843534609067,0
13.646,3.1663003681661666,0
13.648,6.350928763796495,0
13.65,-9.746548558156515,0
13.652,-2.182473519096389,0
13.654,-6.144243215744821,0
13.656,0.9033362809370794,0
13.658,-7.587531590061505,0
13.66,6.113700089307911,0
13.662,0.31567612355838126,0
13.664,-0.21926221814554037,0
13.666,1.63733496352835,0
13.668,5.736505814348535,0
13.67,-8.978243485774604,0
13.672,-2.4765959558557653,0
13.674,-2.7555076797532023,0
13.676,-0.5762023353815209,0
13.678,1.8937720370629954,0
13.68,3.427504192938259,0
13.682,2.891500461218655,0
13.684,-4.553205911453225,0
13.686,-2.335185507935035,0
13.688,-2.746467503769869,0
13.69,-3.8480314767734662,0
13.692,-4.887614695472746,0
13.694,-4.0770636134169616,0
13.696,-7.234068632188274,0
13.698,7.465634757225782,0
13.7,3.4105682335914596,0
13.702,-1.1603764446468665,0
13.704,10.235693884648471,0
13.706,4.1187386272427675,0
13.708,-4.913040813936674,0
13.71,7.819560276628978,0
13.712,5.940440398853866,0
13.714,-8.801680919819116,0
13.716,9.617241598588251,0
13.718,8.815833275519163,0
13.72,2.7638997853794116,0
13.722,-4.832623609105257,0
13.724,-6.395484327015768,0
13.726,2.2909856512680764,0
13.728,4.774450527127307,0
13.73,3.389802149991994,0
13.732,-0.7891282576163547,0
13.734,2.237204090717354,0
13.736,-0.014637478336670394,0
13.738,12.360664958576027,0
13.74,1.0682096820831408,0
13.742,-4.8378031796070795,0
13.744,0.8641262416839908,0
13.746,-2.1269202499905218,0
13.748,9.513697495773625,0
13.75,-3.986461577164699,0
13.752,1.8827047539651989,0
13.754,3.899892634340582,0
13.756,-0.45303519526083585,0
13.758,-0.05189548103718111,0
13.76,3.464989405013705,0
13.762,2.1374652336005067,0
13.764,1.0928030942147644,0
13.766,7.961379121664046,0
13.768,6.153722538053393,0
13.77,-6.145520954406312,0
13.772,-3.633329639697731,0
13.774,-0.9489571677014403,0
13.776,-6.778471821722492,0
13.778,-1.9999898343217823,0
13.78,-4.336544107178849,0
13.782,-2.390872371726191,0
13.784,-4.101322310637704,0
13.786,10.429947339658971,0
13.788,-4.362442756182855,0
13.79,-2.096848528848926,0
13.792,5.454111015658878,0
13.794,0.18144623374209778,0
13.796,-3.5685105493179536,0
13.798,-0.06618921788937737,0
13.8,-0.9068977225793167,0
13.802,-3.5366294284533413,0
13.804,-0.5206167658089049,0
13.806,0.8006407840301271,0
13.808,4.456261783993709,0
13.81,-2.631683601993932,0
13.812,7.596838311544309,0
13.814,-6.73519075564578,0
13.816,-3.7608278264381108,0
13.818,2.6720288210935665,0
13.82,-0.30059333177276787,0
13.822,-4.375261039155948,0
13.824,2.949160363408584,0
13.826,-11.509918129106428,0
13.828,2.2957422024914247,0
13.83,-2.6617413006330155,0
13.832,4.005485913369024,0
13.834,-3.1449720819267792,0
13.836,-6.275525259607773,0
13.838,2.5272882275383726,0
13.84,9.21164475873954,0
13.842,3.9858715311817514,0
13.844,-7.605563350326922,0
13.846,3.884920088366549,0
13.848,-7.7820050139806325,0
13.85,0.3418674236179125,0
13.852,-4.954433349287445,0
13.854,-8.22618075212888,0
13.856,-3.824123474284744,0
13.858,-1.174626834137879,0
13.86,5.73248983562876,0
13.862,-0.13343297712890284,0
13.864,2.303989054785461,0
13.866,-0.6206053123117138,0
13.868,-5.70586057894507,0
13.87,-1.4047380109206038,0
13.872,-5.835283340048684,0
13.874,6.106774156923611,0
13.876,-3.8554546398303797,0
13.878,2.65723950716473,0
13.88,0.4906876607939243,0
13.882,-7.697220044289269,0
13.884,1.0677655443460783,0
13.886,10.427623139423414,0
13.888,-4.338403766718011,0
13.89,-6.279158439495098,0
13.892,7.015317738074277,0
13.894,4.092013577686134,0
13.896,-5.992367221814905,0
13.898,5.480854792507387,0
13.9,2.3445393341195464,0
13.902,0.8149312292838473,0
13.904,-1.5329146243526255,0
13.906,12.239361590411734,0
13.908,-3.2646517588715134,0
13.91,2.514490401120533,0
13.912,0.41043303534837416,0
13.914,-4.211277611826375,0
13.916,-6.381288054762588,0
13.918,-2.486942976499847,0
13.92,4.918339372345673,0
13.922,-0.3967963076027872,0
13.924,6.628334856704253,0
13.926,12.89124002055887,0
13.928,-3.726005735143179,0
13.93,0.3185425331944254,0
13.932,2.635083672782317,0
13.934,-6.170778007155742,0
13.936,-0.46438329016376256,0
13.938,-5.005316694875129,0
13.94,7.308748003642916,0
13.942,-0.10632556477551702,0
13.944,-2.566837675801861,0
13.946,-1.1677071750681038,0
13.948,0.8940689710799707,0
13.95,5.651662650767335,0
13.952,2.081024823149033,0
13.954,-3.1651444431111124,0
13.956,-4.156225863468362,0
13.958,-3.442534800399541,0
13.96,-6.238133923389392,0
13.962,-4.241606510660463,0
13.964,-0.0024354347894202733,0
13.966,-2.8962378123272794,0
13.968,0.6177152310070738,0
13.97,-3.893022741758611,0
13.972,-0.8609314250658279,0
13.974,-8.038668153851692,0
13.976,0.8491680748798692,0
13.978,-14.289900905810878,0
13.98,-0.16114086842824576,0
13.982,4.718318673116151,0
13.984,-5.354442616952813,0
13.986,0.8285721278072805,0
13.988,1.4183991863400496,0
13.99,-5.914092268801537,0
13.992,9.09533558926267,0
13.994,8.637419308055016,0
13.996,-1.4492373708186752,0
13.998,3.2582712631190955,0
14.0,-0.04270984693905571,1
14.002,5.499737192275388,0
14.004,2.5798869816379058,0
14.006,-0.8921619989106175,0
14.008,6.802877490674196,0
14.01,-3.4532118193060883,0
14.012,6.035726792475688,0
14.014,0.825880633121234,0
14.016,-6.189137533786653,0
14.018,-0.3670775079394037,0
14.02,3.6145581583413486,0
14.022,-1.5854892329954657,0
14.024,4.369763721213833,0
14.026,4.67050405997656,0
14.028,5.250141353415266,0
14.03,-6.012914430508514,0
14.032,3.799182535246487,0
14.034,1.5589453730882905,0
14.036,-7.823707258033411,0
14.038,3.5105262899166596,0
14.04,-0.8278055527500396,0
14.042,2.643111219363569,0
14.044,2.5754096227373653,0
14.046,-2.3859327687058034,0
14.048,2.060659054114763,0
14.05,-5.898687850292038,0
14.052,-3.928822927829363,0
14.054,0.787614467298835,0
14.056,-2.6763456338519207,0
14.058,2.6222650887707033,0
14.06,3.834987078573416,0
14.062,-6.689703711735435,0
14.064,-0.39019967368943576,0
14.066,0.6063596782393386,0
14.068,3.4312650634360664,0
14.07,1.213375793488753,0
14.072,2.018832641552803,0
14.074,7.9975000762891035,0
14.076,-1.8216874743706164,0
14.078,8.194715275467555,0
14.08,-6.754692456772972,0
14.082,1.8758599443340587,0
14.084,-4.992199020319262,0
14.086,2.277071421303184,0
14.088,-3.9908879191983813,0
14.09,-0.6793403262251019,0
14.092,-0.20781348597246652,0
14.094,2.8398588773299127,0
14.096,0.5067373553977834,0
14.098,-0.7439025513777207,0
14.1,4.943178686286567,0
14.102,-1.7922955143793637,0
14.104,-0.7729103228279226,0
14.106,1.405106357891603,0
14.108,2.456197240099825,0
14.11,-4.318268144271882,0
14.112,-2.7832883916269635,0
14.114,-10.16625817297836,0
14.116,-0.3861745881338998,0
14.118,0.8553512296137931,0
14.12,-4.712965890012994,0
14.122,-1.3535265612077594,0
14.124,-2.4973458722655906,0
14.126,-5.593864530505353,0
14.128,4.341626612192206,0
14.13,8.036865856511675,0
14.132,1.0564814657911248,0
14.134,-0.9225057121712776,0
14.136,1.630529301846985,0
14.138,-12.334998729786859,0
14.14,-7.625011575850483,0
14.142,2.86743829858223,0
14.144,2.193773474479244,0
14.146,-2.6290635117864958,0
14.148,-1.114847039073871,0
14.15,-1.5890814584689545,0
14.152,2.8042495499253617,0
14.154,0.5636229885001744,0
14.156,-6.825616289499527,0
14.158,4.7049726695920935,0
14.16,5.398530916807358,0
14.162,11.899987936970824,0
14.164,3.1006643345180995,0
14.166,0.782105332657336,0
14.168,2.428021108958792,0
14.17,-1.2249568529689472,0
14.172,4.923402796076866,0
14.174,5.745336238776754,0
14.176,2.1927443851882074,0
14.178,0.6189412185269032,0
14.18,2.8316081507594797,0
14.182,-0.5590419909242641,0
14.184,2.9438735249225036,0
14.186,6.322346201776024,0
14.188,3.8079618375043003,0
14.19,2.813328145347225,0
14.192,4.261459569644621,0
14.194,1.4662778444068403,0
14.196,7.64383108806889,0
14.198,16.431970396059533,0
14.2,1.5599605302382233,0
14.202,5.774821765572961,0
14.204,4.320652406793424,0
14.206,5.967892875534771,0
14.208,6.168022478715228,0
14.21,9.888075634282421,0
14.212,-3.7412803845296176,0
14.214,11.966513861858171,0
14.216,7.11457836745837,0
14.218,9.1982860486433,0
14.22,11.736759888447386,0
14.222,5.736361677408574,0
14.224,8.651193513691776,0
14.226,-1.775855654560714,0
14.228,7.6781070310640205,0
14.23,7.945279145198381,0
14.232,7.0596943297391315,0
14.234,16.8947939512093,0
14.236,0.9574429252876904,0
14.238,4.1927001040811795,0
14.24,9.38183341623662,0
14.242,0.11365693325210735,0
14.244,5.449782638746789,0
14.246,0.43070836203799967,0
14.248,7.861206901357026,0
14.25,10.74583675509623,0
14.252,8.09099761629786,0
14.254,0.8575779312089056,0
14.256,-1.0000430597144092,0
14.258,3.7620168855050378,0
14.26,14.310025086910668,0
14.262,6.078850424297322,0
14.264,3.8483964572725253,0
14.266,2.241959376427917,0
14.268,9.5262898596099,0
14.27,7.185147875906661,0
14.272,-4.473027710343339,0
14.274,2.149977768876976,0
14.276,3.097093908292921,0
14.278,0.6722367967819123,0
14.28,-4.911699318049176,0
14.282,6.307119928462274,0
14.284,-1.964318678157547,0
14.286,1.3595267392394226,0
14.288,-3.5218793753424316,0
14.29,-1.868551192531767,0
14.292,6.233831738582276,0
14.294,5.049891559453817,0
14.296,0.14001506157255528,0
14.298,8.554901193974215,0
14.3,3.1919687498636264,0
14.302,-1.535812641197596,0
14.304,0.006780388550375438,0
14.306,6.346707192332406,0
14.308,4.555192900546112,0
14.31,-2.662043834193654,0
14.312,-5.634657258337813,0
14.314,-4.771391431512383,0
14.316,7.747838731600493,0
14.318,-0.6588406535471696,0
14.32,6.194473137356786,0
14.322,-2.05758254826987,0
14.324,4.962334718854251,0
14.326,-2.7786699571105324,0
14.328,-2.4747368459060377,0
14.33,-4.678927232696198,0
14.332,-7.7396665668954245,0
14.334,-3.512199135342314,0
14.336,-2.217701663965371,0
14.338,4.144706376576494,0
14.34,-2.3791367043891425,0
14.342,-2.9518384906268205,0
14.344,-4.811572730103658,0
14.346,8.021958098509074,0
14.348,-3.0881261958138966,0
14.35,6.407758422441957,0
14.352,0.7240539799390786,0
14.354,-2.406865216761806,0
14.356,4.759296026052509,0
14.358,-12.181721419618517,0
14.36,-4.715209563519758,0
14.362,-0.9400544716326572,0
14.364,4.665030974297656,0
14.366,2.0316780610086833,0
14.368,-6.918481343863924,0
14.37,-10.03766111005909,0
14.372,3.9191955473910873,0
14.374,-6.511655013486035,0
14.376,4.769333135774835,0
14.378,0.5966082896594648,0
14.38,-7.034299751840609,0
14.382,4.175440465190205,0
14.384,5.674973005741521,0
14.386,-3.8106728354339436,0
14.388,2.5295191618649717,0
14.39,0.19691748818813193,0
14.392,-6.210870804323349,0
14.394,5.3291927522635785,0
14.396,9.811972941800354,0
14.398,-7.792283257890003,0
14.4,-0.030544201995434794,0
14.402,-0.17186231947157277,0
14.404,-7.036712860311825,0
14.406,-1.0228011589807413,0
14.408,-3.4860814855835294,0
14.41,-0.26998695760139874,0
14.412,-10.765538324451587,0
14.414,9.952012370962233,0
14.416,3.8401850774871553,0
14.418,2.316334894638192,0
14.42,3.5040917451538167,0
14.422,7.6260125269994905,0
14.424,3.8467051688108427,0
14.426,1.098911032278418,0
14.428,0.4710225001299409,0
14.43,-0.20151613774782945,0
14.432,2.4415413868291362,0
14.434,-5.79837632942061,0
14.436,4.690864061550296,0
14.438,5.41099209912701,0
14.44,-9.283688173728617,0
14.442,7.588373037840083,0
14.444,4.872649723801573,0
14.446,-1.7209366921325313,0
14.448,-2.192783203229592,0
14.45,1.5512517860974424,0
14.452,2.018990722272596,0
14.454,-9.177936382023821,0
14.456,-0.9177720738978297,0
14.458,3.8083698306009373,0
14.46,-1.2648782831794048,0
14.462,0.23195305617894416,0
14.464,-5.616394639265138,0
14.466,-0.6854708207657652,0
14.468,-2.100115223016543,0
14.47,10.41860249085446,0
14.472,-1.6521364828266547,0
14.474,-9.161289393658622,0
14.476,-7.467374835169539,0
14.478,6.742392022521046,0
14.48,-0.08971570607451451,0
14.482,1.8183728741687564,0
14.484,-1.1315229722769806,0
14.486,7.289839879722941,0
14.488,-2.8259720309262617,0
14.49,9.971156560124305,0
14.492,2.468223188908179,0
14.494,-4.157318419934501,0
14.496,-0.17935003186817391,0
14.498,-0.29255104598131604,0
14.5,0.3164730077305594,0
14.502,0.12031170051160077,0
14.504,-3.306910702934675,0
14.506,-2.8580947828697063,0
14.508,-2.936528204466931,0
14.51,2.9365420495622145,0
14.512,-10.850271667803048,0
14.514,5.838445276550653,0
14.516,-3.703146863789111,0
14.518,5.870763873975782,0
14.52,3.4343002695152434,0
14.522,-3.1061284844509434,0
14.524,2.9606041347361285,0
14.526,7.258956813774619,0
14.528,5.795589107245275,0
14.53,7.564485415986488,0
14.532,-5.870635482756267,0
14.534,0.9005970510632305,0
14.536,-3.541168024123619,0
14.538,-4.005721572802903,0
14.54,0.9716756011810452,0
14.542,-7.1553854386898035,0
14.544,1.6366331844118964,0
14.546,-3.890827244037104,0
14.548,-2.138128144813372,0
14.55,-2.506622889673717,0
14.552,-0.8116786938117836,0
14.554,-0.18646604103345907,0
14.556,4.335983659975357,0
14.558,-9.28725044122357,0
14.56,3.701924783356335,0
14.562,3.5718976782389666,0
14.564,-2.61688832652312,0
14.566,-3.9452487236211264,0
14.568,13.238294543341066,0
14.57,-1.1407376636511688,0
14.572,4.72358831159222,0
14.574,-2.419665233814625,0
14.576,5.732364313138575,0
14.578,-8.196848128570997,0
14.58,0.06600882538293928,0
14.582,0.827687807178507,0
14.584,3.004939799310821,0
14.586,-5.201466984243639,0
14.588,-6.032645047682773,0
14.59,0.2847552111916551,0
14.592,0.4190185070594298,0
14.594,5.018167758460764,0
14.596,3.133654893785869,0
14.598,1.385612549166469,0
14.6,3.382025788981934,0
14.602,4.296471975942309,0
14.604,1.6114851390348375,0
14.606,-4.063514674245746,0
14.608,-1.4615643946795078,0
14.61,7.250547564865585,0
14.612,-5.694658285781788,0
14.614,0.39130101126957734,0
14.616,0.7128259776164498,0
14.618,6.291921338147977,0
14.62,-1.6845343621093878,0
14.622,-4.828258974411558,0
14.624,4.132073283985607,0
14.626,11.646118621770487,0
14.628,7.1282008426711405,0
14.63,9.41434061793039,0
14.632,2.784492621606121,0
14.634,-11.72013150433868,0
14.636,-4.30674365825579,0
14.638,-1.7129251834538326,0
14.64,-3.7174688270828806,0
14.642,-0.5344740990564564,0
14.644,-8.465115065077436,0
14.646,14.536023087507445,0
14.648,9.597544038864127,0
14.65,6.241294442092266,0
14.652,4.88970213527079,0
14.654,-6.7870999299596155,0
14.656,9.019997716143688,0
14.658,0.623739921614189,0
14.66,-7.441905494541501,0
14.662,-5.082846997648577,0
14.664,6.0252484148152945,0
14.666,-3.045989047396934,0
14.668,-5.616320619292317,0
14.67,0.15707251865824806,0
14.672,3.4399605223753866,0
14.674,7.886182182740637,0
14.676,2.4888671112287657,0
14.678,0.8285143044657757,0
14.68,-7.22785737485413,0
14.682,2.898947200756905,0
14.684,-1.404239006806873,0
14.686,-5.012417898970838,0
14.688,4.9925184196988495,0
14.69,5.480104548297762,0
14.692,-6.735488992218194,0
14.694,0.11722467265080447,0
14.696,-0.04382209900492426,0
14.698,-3.889790088066498,0
14.7,-9.70326549524653,0
14.702,-3.174924011262214,0
14.704,-2.9824270967793214,0
14.706,-1.170089383028512,0
14.708,-0.3335192682409393,0
14.71,-4.3711491637242865,0
14.712,-1.4265881154304303,0
14.714,-1.9720355600312254,0
14.716,6.873295229682138,0
14.718,-0.3950130109705919,0
14.72,6.89933084921396,0
14.722,-7.799834129109828,0
14.724,-2.219686830073607,0
14.726,-2.160586162154367,0
14.728,-6.563670692651023,0
14.73,-4.040594177696812,0
14.732,-6.939360437033564,0
14.734,-4.363318042997715,0
14.736,3.300563908083295,0
14.738,6.130717410461138,0
14.74,0.734475161482203,0
14.742,2.5788441755074816,0
14.744,-1.2700831709912939,0
14.746,-7.017587640238241,0
14.748,-1.0249309413999177,0
14.75,-0.13043368776573577,0
14.752,-1.3791498730227272,0
14.754,-0.03216306698566387,0
14.756,-5.687688145362593,0
14.758,8.805342770287323,0
14.76,5.0288065915873394,0
14.762,7.876542712317297,0
14.764,1.1437887682443069,0
14.766,3.7912519325089593,0
14.768,7.023877822864966,0
14.77,2.8301001701070705,0
14.772,-9.311205295050778,0
14.774,2.4853368369849917,0
14.776,0.042111806378620324,0
14.778,-0.1764045187206163,0
14.78,-1.77699498597125,0
14.782,-2.2930093806335408,0
14.784,-3.5805029018456906,0
14.786,0.1561760117769312,0
14.788,3.03048513808857,0
14.79,6.094760895865232,0
14.792,2.7750097776328237,0
14.794,7.683170431684433,0
14.796,-2.7945016396458255,0
14.798,0.9828989809933685,0
14.8,-4.222131546823395,0
14.802,2.1535209872799017,0
14.804,-4.96589224712766,0
14.806,-7.715019855907697,0
14.808,-0.5414500112464355,0
14.81,-0.9573107871683956,0
14.812,6.400980598639992,0
14.814,2.3885779458979917,0
14.816,2.2233013996882476,0
14.818,4.772850564623859,0
14.82,1.6218297264322792,0
14.822,-1.7630786625187056,0
14.824,5.630161454589225,0
14.826,2.0223097657737523,0
14.828,-5.453397710969674,0
14.83,-8.165476571952162,0
14.832,3.6445444397759563,0
14.834,-1.8525143666315396,0
14.836,1.4296164849692492,0
14.838,-0.44648688746071147,0
14.84,-4.57006939143523,0
14.842,1.0142193157724007,0
14.844,4.555403011371431,0
14.846,-0.47168529155123234,0
14.848,-4.205895284310001,0
14.85,-1.5365486964556718,0
14.852,2.2482724662907745,0
14.854,-1.276253765816577,0
14.856,-0.16037775594094428,0
14.858,-3.3993003604340783,0
14.86,4.075879040947468,0
14.862,-4.13512308132795,0
14.864,3.556551427871604,0
14.866,-4.801956685803817,0
14.868,-0.6506751895094267,0
14.87,-2.9025752443983786,0
14.872,1.0400718926537853,0
14.874,-7.693376788776076,0
14.876,-2.1015583793091506,0
14.878,-0.5592512927518469,0
14.88,0.07913176018669706,0
14.882,-10.948330232381753,0
14.884,3.0987580825412384,0
14.886,4.902756973412418,0
14.888,1.4605623136816588,0
14.89,-5.797513711007748,0
14.892,0.42758414959822827,0
14.894,-4.668050113601734,0
14.896,5.041682570737631,0
14.898,-5.9465887013442025,0
14.9,4.479216711969512,0
14.902,5.225185828674351,0
14.904,-2.7468814437609668,0
14.906,-4.083654996451805,0
14.908,-6.632189972919832,0
14.91,-2.6955563047534814,0
14.912,-0.5604513182990782,0
14.914,0.5187795009590351,0
14.916,5.828386085580494,0
14.918,5.166518842866131,0
14.92,-2.9789381241601016,0
14.922,2.6756565007145467,0
14.924,-4.09706628982386,0
14.926,4.368433712495076,0
14.928,8.638328734756257,0
14.93,8.54370524010453,0
14.932,-3.718888367388572,0
14.934,-1.6394939261486678,0
14.936,1.4750965955172037,0
14.938,4.450614403673116,0
14.94,5.383223388113557,0
14.942,3.681792091159911,0
14.944,-4.051773601141583,0
14.946,0.5022003081265709,0
14.948,-0.34550385576772236,0
14.95,-1.960585070417768,0
14.952,0.6137933839204779,0
14.954,0.023300922105322076,0
14.956,2.5198988857452207,0
14.958,1.094640706354938,0
14.96,5.67392205033043,0
14.962,0.5125018614328649,0
14.964,9.123952692949818,0
14.966,-1.5565084206918265,0
14.968,0.10293355147490925,0
14.97,-10.013760958280303,0
14.972,-0.47783997938557604,0
14.974,-1.1028086884340773,0
14.976,-4.836550715509779,0
14.978,-5.777592404571388,0
14.98,-3.6555256128901217,0
14.982,2.976891978786528,0
14.984,-0.9886320864607654,0
14.986,5.775229053157465,0
14.988,5.2672546542236836,0
14.99,2.8154927466389217,0
14.992,-1.8134476415489398,0
14.994,-5.067749774119798,0
14.996,-2.8039833421579727,0
14.998,-3.2145194987422805,0
15.0,1.8880193664788474,1
15.002,11.091683922869077,0
15.004,-2.2519405029152,0
15.006,-12.57186992807195,0
15.008,9.93551398326902,0
15.01,-2.9569789730552745,0
15.012,2.3844021152985473,0
15.014,2.6407140579226436,0
15.016,3.4666708239596655,0
15.018,7.7783495206565645,0
15.02,-3.683825030777814,0
15.022,-9.493027479395579,0
15.024,5.234805404648796,0
15.026,-0.3560157346166404,0
15.028,4.773475008628643,0
15.03,-7.510475364329435,0
15.032,4.527627023766813,0
15.034,-2.3110929153206645,0
15.036,1.7206021174936543,0
15.038,-2.5465382443351987,0
15.04,-1.415371935814871,0
15.042,0.5965309527823635,0
15.044,6.966904545643931,0
15.046,-9.673579600726466,0
15.048,3.5599189691809086,0
15.05,-3.285976444266394,0
15.052,-8.988599882380509,0
15.054,1.7635594315906593,0
15.056,3.6918026304962144,0
15.058,0.519746074957913,0
15.06,-6.7247543926771645,0
15.062,-2.6542458430678337,0
15.064,-4.006764876192447,0
15.066,5.592229367022827,0
15.068,-1.3920573742415874,0
15.07,2.50279620243848,0
15.072,-0.7726811697674598,0
15.074,-8.808748733459158,0
15.076,-4.248688992818968,0
15.078,5.550952876292297,0
15.08,-7.879493638001775,0
15.082,-2.5357894648921047,0
15.084,3.5621663166113615,0
15.086,-7.595518814593353,0
15.088,-3.6026157808703734,0
15.09,-7.44623280342212,0
15.092,-9.710034153808326,0
15.094,-5.423430202949159,0
15.096,-6.160917655288826,0
15.098,0.38326195051190126,0
15.1,1.1571324650616366,0
15.102,6.0081652031438235,0
15.104,-9.131100809101099,0
15.106,-3.8744130966117334,0
15.108,-2.0983902945709945,0
15.11,2.3218160424345258,0
15.112,-12.003480093561254,0
15.114,-12.275413562879185,0
15.116,-2.1481519069923687,0
15.118,7.882613243578927,0
15.12,0.9952647440188827,0
15.122,3.221700669378625,0
15.124,-8.855052001366047,0
15.126,1.4693127788989289,0
15.128,2.5058272829662807,0
15.13,0.9660688771649119,0
15.132,2.2058637264664336,0
15.134,5.176309183216468,0
15.136,-2.20024747605217,0
15.138,4.673081088986892,0
15.14,-3.4496686196776523,0
15.142,0.9549228263747653,0
15.144,-0.10958883504331418,0
15.146,-0.8075509747109637,0
15.148,5.539983684264133,0
15.15,6.2907597964511535,0
15.152,6.579251317769105,0
15.154,-12.61648242438534,0
15.156,5.272936798037087,0
15.158,0.2118265248158555,0
15.16,10.023069284821727,0
15.162,-0.030421316023574008,0
15.164,5.600316917504018,0
15.166,1.9553159124404513,0
15.168,2.995760019839782,0
15.17,3.7424554722348375,0
15.172,-4.147971361678701,0
15.174,-8.44478857504894,0
15.176,7.916503371407423,0
15.178,0.6698867014601855,0
15.18,1.906641784868972,0
15.182,3.1185134189990587,0
15.184,5.978440083997743,0
15.186,16.241869863961778,0
15.188,12.263329822717004,0
15.19,7.639280108071066,0
15.192,3.0679338535883502,0
15.194,7.9603519578862,0
15.196,6.562120341228773,0
15.198,5.0629377233473765,0
15.2,1.1721019116039244,0
15.202,6.462427195347217,0
15.204,9.224365783667224,0
15.206,11.674575400309237,0
15.208,7.841019402653529,0
15.21,6.267490297831308,0
15.212,11.504057386411201,0
15.214,9.788619212561265,0
15.216,-1.7003348116740584,0
15.218,3.1259134715521375,0
15.22,6.719941310887422,0
15.222,12.086366953950932,0
15.224,5.707290440508437,0
15.226,6.258116986781008,0
15.228,9.308877611263753,0
15.23,6.513959363365681,0
15.232,7.33211882924433,0
15.234,5.22335758460157,0
15.236,7.054065603540445,0
15.238,7.98926158896485,0
15.24,4.344624977510501,0
15.242,5.731740193062096,0
15.244,8.924117226960105,0
15.246,0.7777140279840999,0
15.248,4.857233523614755,0
15.25,9.800159176460147,0
15.252,11.870958092573426,0
15.254,-4.493955612280618,0
15.256,14.009893866495137,0
15.258,2.441218665102519,0
15.26,14.986515687026706,0
15.262,4.7230102190256655,0
15.264,2.241691297683662,0
15.266,1.605342016588578,0
15.268,3.6984826163004523,0
15.27,-1.2479290432932206,0
15.272,8.451031752584203,0
15.274,-0.766902846339049,0
15.276,2.2011183859649215,0
15.278,12.484712826599202,0
15.28,0.7359677471631647,0
15.282,-5.9086768583109315,0
15.284,11.23026968944174,0
15.286,-3.207489499643298,0
15.288,-5.17028379734769,0
15.29,-5.741070655403741,0
15.292,-4.098546509098467,0
15.294,6.823349484970104,0
15.296,2.4249059650073894,0
15.298,-3.2306028268280516,0
15.3,5.9398654724847715,0
15.302,3.3686883602685604,0
15.304,2.8463306547444844,0
15.306,-9.387731727627386,0
15.308,3.8480435445947503,0
15.31,8.651710256613583,0
15.312,3.4824377758740592,0
15.314,-4.467722834654911,0
15.316,-1.44844805200191,0
15.318,3.9901605823119564,0
15.32,13.358180547656275,0
15.322,-5.302182291879218,0
15.324,-7.157637075361212e-05,0
15.326,6.586872637270762,0
15.328,0.4618407784656764,0
15.33,4.028963923888536,0
15.332,4.6348601835599865,0
15.334,-4.11491080045712,0
15.336,4.3538300995475225,0
15.338,1.3402508389415528,0
15.34,0.9672307786037465,0
15.342,1.8562088866089679,0
15.344,-7.656229965810571,0
15.346,4.57258179495152,0
15.348,-3.3144515265079284,0
15.35,-0.8442907427845582,0
15.352,-0.6461083575657774,0
15.354,-1.9677282703965908,0
15.356,3.0126553702508376,0
15.358,4.487179272013395,0
15.36,0.6041732718346563,0
15.362,-0.32339254636417414,0
15.364,0.729938549974269,0
15.366,12.779251809936527,0
15.368,-10.565581656907185,0
15.37,1.3034649482393807,0
15.372,-5.8802090345706395,0
15.374,-3.958186447361116,0
15.376,0.6725096189209836,0
15.378,1.7980801640455053,0
15.38,4.705455501903469,0
15.382,0.15613341571621595,0
15.384,7.480122622820072,0
15.386,-1.7283685790521266,0
15.388,-2.7916503224537235,0
15.39,-5.054862261204124,0
15.392,-4.6667191273539625,0
15.394,-2.54904325102522,0
15.396,-4.86140550576333,0
15.398,-4.007806948006265,0
15.4,-3.5387689302324903,0
15.402,-1.0701639922292268,0
15.404,0.10581167464342707,0
15.406,-0.8195723563766311,0
15.408,-6.269953201647316,0
15.41,3.8193608204237686,0
15.412,0.2598555421361249,0
15.414,6.3123718090263035,0
15.416,-10.001743104416853,0
15.418,-1.1668167561612433,0
15.42,-6.555608833662639,0
15.422,-5.8704601893736985,0
15.424,2.1274181503668537,0
15.426,-7.562947281322933,0
15.428,-11.937857547593447,0
15.43,4.793488578173828,0
15.432,-0.0696915306990816,0
15.434,-3.4094737533416355,0
15.436,-3.248147685251315,0
15.438,-4.722404380063259,0
15.44,-0.050515538314582144,0
15.442,2.8180784542116926,0
15.444,0.9204710671483781,0
15.446,1.5620427912254802,0
15.448,9.782593911669869,0
15.45,2.986933522261666,0
15.452,-5.165867937235628,0
15.454,9.184589339557718,0
15.456,-0.7259549899388271,0
15.458,-9.612897746694804,0
15.46,-2.3879658295936452,0
15.462,-3.409722621272708,0
15.464,-4.764636612599674,0
15.466,-1.3700319143228497,0
15.468,-0.8181181786696129,0
15.47,-1.0935219168611114,0
15.472,4.049090791500972,0
15.474,-1.0617104994185937,0
15.476,0.9285903532236506,0
15.478,6.045233170707692,0
15.48,0.17158863656310597,0
15.482,-4.296074138240175,0
15.484,4.640491878997687,0
15.486,1.5697355640751571,0
15.488,-3.273779186078483,0
15.49,3.1966048681723205,0
15.492,-9.253719128732564,0
15.494,-0.19519563987183283,0
15.496,4.606545110056296,0
15.498,0.519441198798302,0
15.5,-7.948080325431119,0
15.502,6.50330240956313,0
15.504,-4.294067585616438,0
15.506,-5.593451482704535,0
15.508,2.7614749079275738,0
15.51,0.4300052269485985,0
15.512,-3.9411909351224983,0
15.514,-2.2120210244811194,0
15.516,5.962090474874305,0
15.518,2.270374574604845,0
15.52,9.107454867977504,0
15.522,-0.7880004016628291,0
15.524,-0.7272121007705433,0
15.526,2.3425413833180917,0
15.528,-2.261905544798423,0
15.53,-8.417792961640336,0
15.532,3.1505982110226864,0
15.534,5.048953292667692,0
15.536,6.775696051568619,0
15.538,-5.21135225348632,0
15.54,5.93750643120648,0
15.542,-6.549526432104382,0
15.544,4.0620310963880755,0
15.546,-3.8541453058010178,0
15.548,3.582917119164804,0
15.55,-0.21801817523449077,0
15.552,4.17244233838043,0
15.554,2.5840965469110455,0
15.556,-3.8887843075362376,0
15.558,3.6448536366290325,0
15.56,7.478993061467144,0
15.562,-3.288735606127628,0
15.564,9.478121582977986,0
15.566,5.897419526237542,0
15.568,-7.613211865141998,0
15.57,-2.8871019469719013,0
15.572,1.3704608659762776,0
15.574,0.10649281495173361,0
15.576,-1.1287491669596186,0
15.578,5.918250656999241,0
15.58,-3.6466368171892305,0
15.582,-2.2618831119324794,0
15.584,1.6121994326663078,0
15.586,-3.566057622801201,0
15.588,-4.908598621348436,0
15.59,-1.5501502797524833,0
15.592,9.237010795761702,0
15.594,-0.6661070565139424,0
15.596,8.364307606966246,0
15.598,2.0239316432869447,0
15.6,-8.83267192985752,0
15.602,0.6381283497709295,0
15.604,-1.3736235746529315,0
15.606,-5.75751854120516,0
15.608,9.937555488763625,0
15.61,2.604413984233917,0
15.612,-0.6364948774987174,0
15.614,0.16643949249177797,0
15.616,1.2876761165750816,0
15.618,0.5017419175412202,0
15.62,1.5398834339536913,0
15.622,1.0696651282117788,0
15.624,-7.3803947362342015,0
15.626,1.815718192353969,0
15.628,-1.7336070343828558,0
15.63,3.80222714899026,0
15.632,5.327740946056531,0
15.634,-1.5472397063759593,0
15.636,1.0654330841682993,0
15.638,-8.189357315841576,0
15.64,-1.7631002425795461,0
15.642,1.1760337110636327,0
15.644,11.154833108746317,0
15.646,1.7137928212024975,0
15.648,0.3201526525570496,0
15.65,-5.768777335706753,0
15.652,7.015050982010919,0
15.654,-5.0176592956516854,0
15.656,5.959218463681664,0
15.658,7.429462833368178,0
15.66,-6.267885474815346,0
15.662,-0.7520412000544372,0
15.664,-6.489884805982955,0
15.666,-0.35113878657369585,0
15.668,13.092549127010919,0
15.67,-1.7105811774460515,0
15.672,0.2467315813118292,0
15.674,2.1648324009349125,0
15.676,1.5021606950448114,0
15.678,7.991638232044316,0
15.68,5.661489649511736,0
15.682,-13.917695387354257,0
15.684,-2.6640194432475113,0
15.686,2.2182551638150008,0
15.688,7.145733647040053,0
15.69,-2.102046712518691,0
15.692,-3.9950838732905365,0
15.694,4.929681399104634,0
15.696,-0.39279539844839345,0
15.698,0.2422098294699036,0
15.7,2.286250898617594,0
15.702,-5.900686190069635,0
15.704,5.66736575120895,0
15.706,9.695154031229421,0
15.708,2.7412825338532425,0
15.71,2.7369680942312673,0
15.712,-3.173644059583847,0
15.714,3.8645905176458815,0
15.716,1.544470942695218,0
15.718,6.355976588354383,0
15.72,-5.368213247440377,0
15.722,1.8750165711684919,0
15.724,-8.681352813908417,0
15.726,5.913700991241689,0
15.728,-0.7647999216331948,0
15.73,-3.5802334809205165,0
15.732,-1.6414141964650621,0
15.734,3.558394861131142,0
15.736,10.327518670518556,0
15.738,4.7789933474422845,0
15.74,1.1660146788984864,0
15.742,7.472756003806951,0
15.744,-5.762476895752705,0
15.746,1.9829005970203408,0
15.748,-5.535767323528228,0
15.75,-1.0059427479741738,0
15.752,6.228379361873966,0
15.754,-2.5180580521323312,0
15.756,1.1986543101356526,0
15.758,5.056946241922001,0
15.76,-3.2513446786359514,0
15.762,1.4414259813345567,0
15.764,-4.6144292060946785,0
15.766,8.2527958125086,0
15.768,-4.632627386981529,0
15.77,-1.6390615625713365,0
15.772,4.237668243565515,0
15.774,-5.7573933664278485,0
15.776,-1.3798286539300553,0
15.778,2.269107431911261,0
15.78,-2.578393095035032,0
15.782,0.37283247709000483,0
15.784,1.6671144727484724,0
15.786,11.42099950283181,0
15.788,2.8530348942113157,0
15.79,0.4575956352517798,0
15.792,-1.8557660423282296,0
15.794,-7.905902762251312,0
15.796,-0.21629058490577804,0
15.798,-2.42927640912758,0
15.8,-0.6557541857567148,0
15.802,3.6832327781268273,0
15.804,4.0944427052884675,0
15.806,-2.4537766971519948,0
15.808,0.5988717133728845,0
15.81,9.284025001135305,0
15.812,-5.06894073909876,0
15.814,-5.070804976330866,0
15.816,1.8494332172989116,0
15.818,-3.7216045040802936,0
15.82,4.495842474013658,0
15.822,4.129287413647619,0
15.824,-2.214001014429678,0
15.826,-4.595847172448652,0
15.828,-4.016549646462328,0
15.83,-6.933203141396756,0
15.832,7.887619402685627,0
15.834,6.119625342318193,0
15.836,4.587959129877851,0
15.838,-0.7556611663305729,0
15.84,-0.10509199952586941,0
15.842,0.8765408168702783,0
15.844,3.169673138963057,0
15.846,-0.37945383275997624,0
15.848,7.788072406444911,0
15.85,3.856282235920754,0
15.852,1.8252560461544252,0
15.854,1.4717277321290638,0
15.856,1.8858509182774312,0
15.858,-1.3454151682111515,0
15.86,2.884641917311222,0
15.862,-7.451832865062598,0
15.864,4.414069100394069,0
15.866,-10.274587349268934,0
15.868,-2.474943243846198,0
15.87,2.8309425390143543,0
15.872,11.387799064585234,0
15.874,9.266989761070674,0
15.876,-0.8378971311289247,0
15.878,0.40269352605823094,0
15.88,6.529045214436303,0
15.882,-4.327481611864124,0
15.884,-6.186484923350517,0
15.886,7.365016067178979,0
15.888,3.3994518418402455,0
15.89,-12.619473767874892,0
15.892,0.8107628635068701,0
15.894,-5.684090726767102,0
15.896,2.127521948879078,0
15.898,-4.1631017912847685,0
15.9,-4.231290164507471,0
15.902,-1.4724483065839107,0
15.904,7.175294077987178,0
15.906,-0.027111387815360353,0
15.908,1.0850102213591066,0
15.91,4.138888500324837,0
15.912,1.9976178896938792,0
15.914,-4.388630936350443,0
15.916,-4.098594628358812,0
15.918,-3.48164850013932,0
15.92,-5.966638124736167,0
15.922,1.0043435572455552,0
15.924,0.8824057061143629,0
15.926,-4.627803394240726,0
15.928,1.703633273668876,0
15.93,-1.7512671192938787,0
15.932,-4.769739753496584,0
15.934,7.584791216665205,0
15.936,-1.4311066803962622,0
15.938,-2.634979125889593,0
15.94,2.758534737783391,0
15.942,-3.171878517586181,0
15.944,3.59511203265127,0
15.946,0.3343824082831616,0
15.948,0.9966873628106321,0
15.95,-5.7848208163472075,0
15.952,3.16116138510089,0
15.954,0.771688613545018,0
15.956,-3.66240446418303,0
15.958,-5.381194821219304,0
15.96,0.71642136317071,0
15.962,3.677482077529801,0
15.964,-1.3324657792462111,0
15.966,1.7237322626759237,0
15.968,-2.734050729130015,0
15.97,-4.55979606805062,0
15.972,3.0171795187306945,0
15.974,4.08195064063983,0
15.976,7.232697880647272,0
15.978,-1.5935575438515936,0
15.98,-8.750812388054056,0
15.982,-4.437699642858074,0
15.984,0.8002457235602896,0
15.986,5.94594323675791,0
15.988,1.9306792793641776,0
15.99,-1.3959533847231151,0
15.992,-2.7960179006843444,0
15.994,3.3976867892335854,0
15.996,-6.165584395266323,0
15.998,-3.319374695560538,0
16.0,-1.2138051708981061,1
16.002,-1.8490511626991468,0
16.004,-0.2603589411424095,0
16.006,-0.28349324697536815,0
16.008,6.718394755643142,0
16.01,-2.369835002324023,0
16.012,-0.5550372641750334,0
16.014,-2.905819373717709,0
16.016,-5.708775834092197,0
16.018,2.9388800257438783,0
16.02,-1.5951181191123696,0
16.022,1.576629306316453,0
16.024,4.474698591062382,0
16.026,12.24362961568675,0
16.028,0.3358356628356204,0
16.03,-6.541876136511712,0
16.032,0.040041474772776336,0
16.034,0.758763576516275,0
16.036,4.020634124011632,0
16.038,-1.9763091563041404,0
16.04,-6.856012888014665,0
16.042,-11.300858697747595,0
16.044,-2.047720298670471,0
16.046,2.5907054555882016,0
16.048,-5.357834021199402,0
16.05,-6.8679221655143,0
16.052,-1.2156408740939892,0
16.054,1.247817787999193,0
16.056,2.678567816327128,0
16.058,-1.909771151074727,0
16.06,3.6175412890286314,0
16.062,7.005339109284141,0
16.064,-8.05831067880989,0
16.066,-10.0583810086878,0
16.068,0.9346981464416131,0
16.07,0.8455803228589289,0
16.072,6.166760428710122,0
16.074,-6.703048842558116,0
16.076,-7.4032915425772545,0
16.078,-12.129853507462656,0
16.08,1.779351396460823,0
16.082,-15.812518166554755,0
16.084,-8.796533911239475,0
16.086,-10.468244041362265,0
16.088,-1.3679657979573228,0
16.09,-3.081908848371529,0
16.092,-12.071736537038662,0
16.094,-10.353116905420295,0
16.096,-5.388029754705962,0
16.098,-6.172955265180923,0
16.1,-2.15888312729743,0
16.102,-7.204860704667453,0
16.104,-5.26165900986155,0
16.106,-5.154060364707987,0
16.108,-4.681929671962031,0
16.11,-9.270950695664146,0
16.112,-0.9915188019738448,0
16.114,2.43320873407488,0
16.116,1.8807013662752374,0
16.118,0.8485361630403525,0
16.12,-6.655439453248692,0
16.122,7.964339832222985,0
16.124,6.817261605328351,0
16.126,2.3803421513008396,0
16.128,2.3245430427943417,0
16.13,4.95313143735095,0
16.132,0.023239601026296297,0
16.134,-4.4847960465803425,0
16.136,-0.11178006658546634,0
16.138,6.183329452878908,0
16.14,-7.526831963629211,0
16.142,5.8845244817160145,0
16.144,5.75334474481022,0
16.146,4.7166374233399075,0
16.148,6.230690980469653,0
16.15,10.26328036845007,0
16.152,4.482687998859982,0
16.154,-0.8190815141724319,0
16.156,0.8938090372700274,0
16.158,0.4827197211983798,0
16.16,1.8644768339802904,0
16.162,4.510828370169124,0
16.164,5.92953923379523,0
16.166,9.406499031351741,0
16.168,-1.1588819089614466,0
16.17,1.369297907343626,0
16.172,-6.702174142249564,0
16.174,12.540891160116146,0
16.176,5.835964642822996,0
16.178,2.6684815480962296,0
16.18,3.2255263965169556,0
16.182,1.079465114820724,0
16.184,3.4359220341182546,0
16.186,8.794602637834197,0
16.188,10.423195195949383,0
16.19,2.2498860323917236,0
16.192,2.5477196494548884,0
16.194,9.553898328120438,0
16.196,6.774967435411488,0
16.198,-1.321566984217326,0
16.2,4.275970274256677,0
16.202,-2.0371895640429347,0
16.204,8.10936021190617,0
16.206,11.475508478286994,0
16.208,9.735852450661096,0
16.21,11.819045208256771,0
16.212,4.557751901670182,0
16.214,11.85221653703746,0
16.216,2.775836556513461,0
16.218,11.088690515208665,0
16.22,8.581925932810698,0
16.222,8.434371135056029,0
16.224,10.030609951255105,0
16.226,10.41098193633151,0
16.228,8.796136233465555,0
16.23,11.676991862703288,0
16.232,14.700937914893892,0
16.234,8.976131848032873,0
16.236,15.534553620364122,0
16.238,8.510711702996518,0
16.24,16.00527967946386,0
16.242,6.173501337574972,0
16.244,5.4499147979868825,0
16.246,7.090365549618355,0
16.248,3.3939911340269866,0
16.25,-3.736289767320062,0
16.252,-0.3533693531650739,0
16.254,4.870943623156061,0
16.256,-4.433333298637736,0
16.258,1.1528787116024226,0
16.26,9.27976127807003,0
16.262,0.8598725433276284,0
16.264,3.6358925368144717,0
16.266,-4.430797060443469,0
16.268,-2.850869018924034,0
16.27,0.619542504355973,0
16.272,2.7381556748548763,0
16.274,-0.3720160517255846,0
16.276,12.135683524393704,0
16.278,5.39236592019415,0
16.28,9.58054541431115,0
16.282,6.063550526395943,0
16.284,-2.6404270027056094,0
16.286,8.610100067164055,0
16.288,11.18593028093947,0
16.29,2.619107883930612,0
16.292,5.631049267475408,0
16.294,3.68320885729245,0
16.296,2.0601318282181804,0
16.298,-5.212023412128739,0
16.3,3.290680658205222,0
16.302,-8.436785589496255,0
16.304,0.935139372860629,0
16.306,-2.095515548689317,0
16.308,-0.5891044431654591,0
16.31,-5.947109682845282,0
16.312,2.760320905456774,0
16.314,9.016119250787309,0
16.316,8.275875107857543,0
16.318,-1.1326185568076772,0
16.32,0.3488917006398599,0
16.322,-0.7251515156802593,0
16.324,5.482297725474003,0
16.326,-2.2394578677708883,0
16.328,-4.201278668525505,0
16.33,7.038536008092337,0
16.332,2.3205165731102584,0
16.334,-4.751280516108159,0
16.336,-0.7306253743400879,0
16.338,2.8718662545713887,0
16.34,-0.4869811748554427,0
16.342,-3.563108786898121,0
16.344,7.778353496063225,0
16.346,5.929552939689202,0
16.348,2.6179619472238183,0
16.35,-3.776917892760156,0
16.352,1.5923256047427505,0
16.354,0.14381581514225988,0
16.356,-5.880897751841868,0
16.358,-10.029172264455253,0
16.36,6.232217967428649,0
16.362,-2.2848586375011424,0
16.364,7.8673806020125046,0
16.366,-9.73736063652477,0
16.368,10.408340743237698,0
16.37,-5.539851500040665,0
16.372,-5.117442268365165,0
16.374,2.2144723725216933,0
16.376,7.100205288989837,0
16.378,-8.533285916039109,0
16.38,-1.0897407856285206,0
16.382,-5.368551913611036,0
16.384,-4.812342869019779,0
16.386,-8.868995380191318,0
16.388,-2.7952601566502517,0
16.39,-2.0535561791685613,0
16.392,2.278584503922688,0
16.394,2.0162980064387304,0
16.396,8.913518816794294,0
16.398,-5.770008297994393,0
16.4,0.8212129339607758,0
16.402,2.8504928467182102,0
16.404,-9.960776007067174,0
16.406,0.07289733534352076,0
16.408,-0.8251943988201024,0
16.41,0.26611315108298245,0
16.412,6.2468306570693715,0
16.414,-10.693036480239028,0
16.416,6.276278950649674,0
16.418,-2.7193945092643608,0
16.42,-7.889937501480667,0
16.422,-1.2288919450375502,0
16.424,-9.365195027757846,0
16.426,-6.955758016443857,0
16.428,-2.7194245230807206,0
16.43,1.1799802639363393,0
16.432,3.657558846850806,0
16.434,-3.050963875559711,0
16.436,-7.610957922426647,0
16.438,0.24569501024725435,0
16.44,-5.083954235483491,0
16.442,6.05083994430685,0
16.444,2.1971981666869986,0
16.446,-2.372914951477209,0
16.448,1.5023785062781996,0
16.45,3.5074433775199103,0
16.452,5.944146571239156,0
16.454,-2.6474917301125727,0
16.456,7.354933178838239,0
16.458,-6.754611311958839,0
16.46,-0.9414402043325761,0
16.462,-1.0534428772278202,0
16.464,0.7323349850803564,0
16.466,0.010303118008601278,0
16.468,8.704359242194428,0
16.47,-2.8111546128862934,0
16.472,-3.4146980072262747,0
16.474,-2.6398675614410156,0
16.476,-4.917150593151099,0
16.478,-6.265811020966765,0
16.48,1.2372354529400937,0
16.482,2.5146314250991244,0
16.484,-6.279451445814926,0
16.486,-7.055765074038461,0
16.488,-7.211388886543179,0
16.49,2.3845932353246977,0
16.492,5.934121586744136,0
16.494,-9.785900799581619,0
16.496,-4.964932821113762,0
16.498,-0.20547150906227288,0
16.5,1.938744778633806,0
16.502,-9.594244786704555,0
16.504,-13.912022142411828,0
16.506,9.928100815873618,0
16.508,4.038141383155809,0
16.51,1.1965520215728342,0
16.512,0.7622221444851753,0
16.514,-7.116760921418864,0
16.516,1.3150231792013827,0
16.518,-1.1624780989342918,0
16.52,-3.874114258319781,0
16.522,2.3137611196414283,0
16.524,3.3865091633810036,0
16.526,-4.656837701790053,0
16.528,5.1025603249832985,0
16.53,-7.771179357954424,0
16.532,2.371481796152972,0
16.534,3.1184970295010284,0
16.536,2.601173489182114,0
16.538,2.55171882989726,0
16.54,2.2407730038869027,0
16.542,15.255656701519078,0
16.544,-7.785194616482141,0
16.546,1.1089667361289717,0
16.548,-1.9828342520494149,0
16.55,5.489953230017908,0
16.552,-0.9991784060963755,0
16.554,2.613282875646867,0
16.556,0.4173868626457444,0
16.558,0.9736102601910207,0
16.56,-10.45997500216283,0
16.562,7.734163446970452,0
16.564,0.935552710605466,0
16.566,-1.5009984134437642,0
16.568,-3.679848167447075,0
16.57,0.40734753158152465,0
16.572,-2.8136323080369,0
16.574,-8.160658683879223,0
16.576,5.014094581611355,0
16.578,-1.8013667918731984,0
16.58,0.057865818090140936,0
16.582,-1.9127554757297411,0
16.584,1.254282897294429,0
16.586,0.4934072321473853,0
16.588,-1.0567701084504908,0
16.59,-1.47879051290427,0
16.592,-3.5593579714281245,0
16.594,-5.883807544807848,0
16.596,-5.637687915921704,0
16.598,8.073790514649321,0
16.6,-5.662940971011703,0
16.602,0.4238526180340784,0
16.604,-2.368390571607253,0
16.606,-6.111091203242256,0
16.608,-1.6351555311350334,0
16.61,2.4865399810111364,0
16.612,5.650334630073153,0
16.614,-2.484692089912127,0
16.616,0.6916684889702202,0
16.618,-4.86867284264593,0
16.62,1.877454416887192,0
16.622,0.3999416450627709,0
16.624,-0.06310234844662882,0
16.626,1.1693151960711266,0
16.628,-1.439440630514287,0
16.63,-4.174255441697989,0
16.632,4.5051558602850745,0
16.634,6.9064326802624585,0
16.636,-0.9635756067214167,0
16.638,-5.717489502586827,0
16.64,-2.21864622276049,0
16.642,1.0883107634021876,0
16.644,-1.8487361013114012,0
16.646,0.21410885482337025,0
16.648,0.7496624989668528,0
16.65,-3.859565808751744,0
16.652,0.7881801334415088,0
16.654,-3.4013558089219096,0
16.656,-6.1955975458027845,0
16.658,-2.1232822382327594,0
16.66,-7.504381081008541,0
16.662,2.435713756112627,0
16.664,-2.828974174848386,0
16.666,2.6844718098861153,0
16.668,-0.1382274864164061,0
16.67,-6.480836487658913,0
16.672,7.4527991756979866,0
16.674,-4.129720502067603,0
16.676,6.316568875578822,0
16.678,-4.060620136699681,0
16.68,-0.42488226761325176,0
16.682,0.22415937450189594,0
16.684,2.7911980737264495,0
16.686,1.822033485104093,0
16.688,6.572417619031813,0
16.69,7.213408594721455,0
16.692,6.412402944211928,0
16.694,-0.4554022867203792,0
16.696,4.066289894693823,0
16.698,9.186973683980996,0
16.7,5.903597983653155,0
16.702,-2.814386078392558,0
16.704,6.907645009922087,0
16.706,-4.228484448030986,0
16.708,0.3638410014866312,0
16.71,8.170152883250418,0
16.712,0.09111178211999679,0
16.714,4.137198130820842,0
16.716,7.59484960528791,0
16.718,5.630214204404732,0
16.72,9.231489750754472,0
16.722,4.5435567198351325,0
16.724,-3.16223378192586,0
16.726,-3.3042367181059884,0
16.728,0.503625100458978,0
16.73,-0.6796159004749804,0
16.732,5.66787791472799,0
16.734,2.093212380508519,0
16.736,-7.128130184757745,0
16.738,-4.563383130064221,0
16.74,-0.9910524836320906,0
16.742,1.1913967364907911,0
16.744,1.5441584676346876,0
16.746,-4.6880927609619825,0
16.748,7.031972456617822,0
16.75,5.265501536825762,0
16.752,-5.613230158994171,0
16.754,1.0801720614081995,0
16.756,-3.4797854670737483,0
16.758,-0.9930326167040415,0
16.76,2.675494081035614,0
16.762,10.988672095995023,0
16.764,3.5437762142352485,0
16.766,-0.33619545001219026,0
16.768,-0.15424668137818734,0
16.77,3.7880391212037914,0
16.772,3.319389254990148,0
16.774,0.5875363224954935,0
16.776,0.9870371282180381,0
16.778,2.10019244716631,0
16.78,0.2129284168057985,0
16.782,-3.2846627957605197,0
16.784,0.5308195172370569,0
16.786,6.266684552316595,0
16.788,5.180980217604553,0
16.79,-3.727871935565727,0
16.792,-7.721836647819575,0
16.794,-2.719882403558419,0
16.796,-12.020966867714717,0
16.798,4.307675735802889,0
16.8,-2.595373297913034,0
16.802,3.106658366239827,0
16.804,-3.6909561098768915,0
16.806,-3.769736789950453,0
16.808,6.686688629103253,0
16.81,3.773954383548936,0
16.812,-13.161763152566232,0
16.814,-5.217335695409887,0
16.816,-4.778457384332805,0
16.818,0.0390005332663848,0
16.82,6.8986177905369415,0
16.822,3.524614572934168,0
16.824,-2.819087735379652,0
16.826,-4.677422090922364,0
16.828,4.833999989274231,0
16.83,-1.8199076853088902,0
16.832,-3.470808689986152,0
16.834,-1.6546705651913365,0
16.836,1.6346424562643727,0
16.838,1.624523184366122,0
16.84,7.272881913287772,0
16.842,-5.9013849995157415,0
16.844,0.2090397690915445,0
16.846,1.400680890584442,0
16.848,-6.096198532007188,0
16.85,3.5287833155503727,0
16.852,3.57669351826943,0
16.854,-8.9100941615033,0
16.856,-2.3024589157220583,0
16.858,-3.081965848236746,0
16.86,-2.664890946227299,0
16.862,-2.8945473630476766,0
16.864,7.946949820219212,0
16.866,1.9603950495167561,0
16.868,-4.866167907731322,0
16.87,-8.131443627690478,0
16.872,-6.203391334316233,0
16.874,-9.664687570293653,0
16.876,5.655775400419248,0
16.878,8.31970303010402,0
16.88,4.54197563084631,0
16.882,6.082760558683402,0
16.884,0.14877983683376894,0
16.886,1.4229094067944326,0
16.888,-2.1112874009662512,0
16.89,-5.182080638303142,0
16.892,2.6683348981502655,0
16.894,1.2854687404462457,0
16.896,-8.325513489126283,0
16.898,5.968760196596194,0
16.9,-4.795259933436658,0
16.902,5.303852316172497,0
16.904,-2.858566270900944,0
16.906,1.313655694328936,0
16.908,0.5471885317501132,0
16.91,-7.260254140759555,0
16.912,7.5484854382324045,0
16.914,1.1095190665711543,0
16.916,2.6625265915993763,0
16.918,-8.423469512089612,0
16.92,-0.20177476771586578,0
16.922,-0.5188994102749833,0
16.924,0.43908085414735604,0
16.926,-3.100596434723223,0
16.928,1.8169563602287582,0
16.93,15.795049748881025,0
16.932,3.9169523993241597,0
16.934,-1.6525620661053642,0
16.936,5.2182974406991605,0
16.938,0.07521367349099144,0
16.94,-4.211142156869609,0
16.942,4.498651939692787,0
16.944,0.38052000932727564,0
16.946,-0.473371143042357,0
16.948,-7.9234231557696,0
16.95,4.383822109518562,0
16.952,2.8892853587274936,0
16.954,3.168404769489226,0
16.956,3.597660741298231,0
16.958,3.332041896459379,0
16.96,-3.248284676975004,0
16.962,-0.4182174355027813,0
16.964,-10.025544326430632,0
16.966,-9.178246998556162,0
16.968,-5.6595105973983175,0
16.97,-12.571025337388738,0
16.972,-3.364408627049444,0
16.974,8.530358329867141,0
16.976,0.14765055206203268,0
16.978,-10.794073441597167,0
16.98,1.763715885537956,0
16.982,-0.887158051878346,0
16.984,-1.1189127382377568,0
16.986,-3.020715845790467,0
16.988,6.264611341415679,0
16.99,-3.02352965407238,0
16.992,-2.2078677358948946,0
16.994,-8.750663824710616,0
16.996,1.507100417277234,0
16.998,-1.770910189907757,0
17.0,-2.0423075902265913,1
17.002,6.104734510950717,0
17.004,0.5447314848722675,0
17.006,-1.6703975254658625,0
17.008,1.9550861644310202,0
17.01,6.717826013870433,0
17.012,0.362110819464157,0
17.014,-1.2778714623644525,0
17.016,0.8579200170677054,0
17.018,-1.773842104890597,0
17.02,7.706658351413721,0
17.022,-7.064532596000783,0
17.024,-1.1732220597288383,0
17.026,4.126152260603749,0
17.028,3.8655413076145186,0
17.03,-4.291827997476235,0
17.032,0.6528575773816431,0
17.034,0.902353069599316,0
17.036,7.197695054381867,0
17.038,0.563824277991177,0
17.04,3.6804487380199276,0
17.042,0.5319476737891553,0
17.044,-3.377514245826,0
17.046,-1.6750393858256245,0
17.048,-2.3638857434169798,0
17.05,1.3193287262225528,0
17.052,-2.468003811684124,0
17.054,5.623215211157581,0
17.056,-9.774155413782001,0
17.058,3.366816338681825,0
17.06,2.463023813162578,0
17.062,-1.8961075509642256,0
17.064,-3.416651676777353,0
17.066,3.7974118298101676,0
17.068,0.9688992480833076,0
17.07,-6.770370064102217,0
17.072,2.532997305937983,0
17.074,0.6015145286499068,0
17.076,-5.261625295939858,0
17.078,-4.265163242234015,0
17.08,1.3267050775944749,0
17.082,-13.091212118305839,0
17.084,-6.786795848306567,0
17.086,-3.0481103553276125,0
17.088,-0.7363313502705013,0
17.09,-6.2213144709052255,0
17.092,-12.805372812523142,0
17.094,-7.282962618154226,0
17.096,-1.8598986580225638,0
17.098,-8.02509055621324,0
17.1,-4.354775199630658,0
17.102,-9.220288908656,0
17.104,-6.907184440452777,0
17.106,-1.7250836705114596,0
17.108,-7.125655981725769,0
17.11,-5.17528704439356,0
17.112,-7.134047037750749,0
17.114,-1.234589375683576,0
17.116,-4.667044665474161,0
17.118,-7.5101623923287555,0
17.12,-3.6764609394814145,0
17.122,-6.987087747084081,0
17.124,-4.458030985677059,0
17.126,4.651556747390682,0
17.128,2.0074006042560697,0
17.13,-4.456791127514888,0
17.132,-0.358073361100426,0
17.134,-0.5773482472488359,0
17.136,6.958228224225147,0
17.138,3.840909874006769,0
17.14,-1.5323698150349165,0
17.142,-3.5542009393092955,0
17.144,4.462280927869454,0
17.146,-3.153572575943887,0
17.148,0.7314639416559228,0
17.15,-1.9481579614190632,0
17.152,1.0825120064002083,0
17.154,1.1165502419636169,0
17.156,-1.5781579088432784,0
17.158,-0.1713883796039095,0
17.16,4.07756417321157,0
17.162,4.437207129184031,0
17.164,8.929718545787008,0
17.166,7.8592012525218475,0
17.168,9.209449196014539,0
17.17,0.7795946664162945,0
17.172,6.954178014273259,0
17.174,-1.0173383264787699,0
17.176,7.646987973561669,0
17.178,7.474346712718447,0
17.18,9.845038384768568,0
17.182,13.41425873958582,0
17.184,8.30589879873071,0
17.186,7.971388200619089,0
17.188,10.20549889321861,0
17.19,12.84580984103144,0
17.192,-0.1784455954684221,0
17.194,-3.04682626477769,0
17.196,6.804084877175252,0
17.198,3.2617330037072603,0
17.2,7.003750676768849,0
17.202,-0.810565762237303,0
17.204,1.8052750825987118,0
17.206,10.636557477692467,0
17.208,10.735362012099714,0
17.21,13.191101967090958,0
17.212,10.823384230556258,0
17.214,7.883177476338881,0
17.216,2.909628691877618,0
17.218,8.812414900937071,0
17.22,17.00608914943173,0
17.222,0.8080915690792807,0
17.224,1.2272128169516723,0
17.226,-2.2970287565501035,0
17.228,6.662775589937183,0
17.23,6.408057545114588,0
17.232,15.659498651107114,0
17.234,14.154429608657956,0
17.236,10.939789906778401,0
17.238,6.030594752621696,0
17.24,6.288548360170216,0
17.242,4.175957282040956,0
17.244,11.126498422923856,0
17.246,7.18606932815899,0
17.248,7.907697304698787,0
17.25,4.430542785073328,0
17.252,1.0163529435464582,0
17.254,2.546943136921522,0
17.256,-3.7366121111621045,0
17.258,5.182582673097065,0
17.26,4.368975983184092,0
17.262,4.324336288389933,0
17.264,7.349561674301818,0
17.266,3.0056057886069953,0
17.268,5.420499080828,0
17.27,7.125456196009854,0
17.272,4.07694601215974,0
17.274,7.169675038078683,0
17.276,13.1258932185974,0
17.278,1.2000506992371727,0
17.28,-1.0651656989223919,0
17.282,0.5937461386548124,0
17.284,-1.8732386359227617,0
17.286,6.922270426772952,0
17.288,8.054963074912724,0
17.29,1.9166251944053265,0
17.292,-2.3000908578141743,0
17.294,7.143489775844449,0
17.296,7.908662419711396,0
17.298,0.35834169874039845,0
17.3,-7.904458077246435,0
17.302,12.964032928759872,0
17.304,2.7965006632050584,0
17.306,8.174670042738537,0
17.308,4.230105065531743,0
17.31,-6.099554239605501,0
17.312,-0.36209349905161037,0
17.314,0.07254027343500002,0
17.316,10.908551567963514,0
17.318,-2.275917628978966,0
17.32,-1.3401674198279911,0
17.322,2.337816399390044,0
17.324,5.176432200012108,0
17.326,3.8000851248356025,0
17.328,-1.1150593078907234,0
17.33,5.666432476240552,0
17.332,4.470078792888928,0
17.334,-5.762092955191174,0
17.336,2.4992909126960208,0
17.338,3.4071055330319355,0
17.34,-2.7058745906403385,0
17.342,-0.35794206673260387,0
17.344,-2.083244153543932,0
17.346,1.691232090975122,0
17.348,5.465045748336984,0
17.35,5.843975534343612,0
17.352,6.994642572310815,0
17.354,-2.5389338865581523,0
17.356,1.5429730958742374,0
17.358,-10.993115921234176,0
17.36,5.762337187455121,0
17.362,-4.9969049866117246,0
17.364,-5.631992422147963,0
17.366,-0.6345038588948674,0
17.368,-1.4671765787786728,0
17.37,3.6360628863381557,0
17.372,4.353627620519181,0
17.374,-8.106822152034706,0
17.376,2.195001127366795,0
17.378,-1.8666029912889714,0
17.38,6.72613472090402,0
17.382,5.331691669316358,0
17.384,1.0775740346974885,0
17.386,8.50695625628571,0
17.388,-5.32774697017165,0
17.39,-0.4951442755969168,0
17.392,2.6215749599353257,0
17.394,-3.0703908104423805,0
17.396,-3.8847823052923176,0
17.398,6.828641834652122,0
17.4,-4.429565629882733,0
17.402,1.9829127446083408,0
17.404,9.419240272828118,0
17.406,-2.2680989243415914,0
17.408,-2.280947693041116,0
17.41,-1.9775300041685993,0
17.412,0.024288783490164306,0
17.414,2.546607035266285,0
17.416,4.12727390942922,0
17.418,7.129289182136043,0
17.42,-1.52882135608567,0
17.422,-2.2143076051247648,0
17.424,1.128454932480568,0
17.426,11.507783492370159,0
17.428,2.717066260722082,0
17.43,5.71741210495198,0
17.432,-0.7245609492623553,0
17.434,-0.509925664051384,0
17.436,-3.4618823835417434,0
17.438,3.1894755965486774,0
17.44,4.969141610070652,0
17.442,2.847506579043376,0
17.444,0.9088419264399482,0
17.446,5.453204084725932,0
17.448,0.08759330464461867,0
17.45,-1.0634135273248224,0
17.452,4.089521297874077,0
17.454,3.1817719012568313,0
17.456,-7.036945594001056,0
17.458,6.116672765119475,0
17.46,4.330014153015277,0
17.462,1.2446433845755827,0
17.464,0.18542412191973512,0
17.466,-2.269384057901777,0
17.468,3.7979046303779027,0
17.47,-11.717269292036965,0
17.472,-0.6949944781564609,0
17.474,-8.179753017927172,0
17.476,5.908799522767559,0
17.478,2.9310209272013976,0
17.48,-4.1001955954213765,0
17.482,6.266814825732343,0
17.484,4.217317471538127,0
17.486,-4.914550096451365,0
17.488,0.4042526328814143,0
17.49,5.9797878996256975,0
17.492,-2.6967363284677686,0
17.494,-3.3025782275810363,0
17.496,5.1705384484586405,0
17.498,4.595582032361037,0
17.5,-1.9197937262438716,0
17.502,0.2704743018700001,0
17.504,-2.6787664938028914,0
17.506,-0.7122377316295577,0
17.508,-3.0660102819762654,0
17.51,-8.96744774569439,0
17.512,13.445430428494987,0
17.514,-5.285290300535923,0
17.516,-8.90575379800813,0
17.518,-5.145544199359679,0
17.52,-6.384961054594276,0
17.522,-1.306401377234237,0
17.524,1.00224115693756,0
17.526,8.805773442843938,0
17.528,1.181358789009066,0
17.53,3.135446110676083,0
17.532,-0.03222646220156854,0
17.534,-3.546263545173124,0
17.536,2.6157458914842167,0
17.538,4.799358717544694,0
17.54,-7.455645406195679,0
17.542,-2.7406026528882323,0
17.544,8.948390056330776,0
17.546,5.019079181404888,0
17.548,8.106643577733825,0
17.55,1.0647361795132295,0
17.552,-1.2574565354149732,0
17.554,-4.197417063826472,0
17.556,-1.4125102214397285,0
17.558,-0.14999501011815553,0
17.56,1.9520643503626203,0
17.562,1.7106031993382425,0
17.564,4.1097785788212,0
17.566,-1.6613459919356457,0
17.568,-6.148736349855751,0
17.57,-3.061300404916378,0
17.572,-5.4890899804953195,0
17.574,2.435471007867554,0
17.576,13.178774065451297,0
17.578,2.446563021511615,0
17.58,-0.9478972287950368,0
17.582,9.483074664597076,0
17.584,3.6272527559587977,0
17.586,-0.14392057678907627,0
17.588,4.993441878641246,0
17.59,7.048793470090491,0
17.592,0.7982919755516714,0
17.594,-3.0246234404276766,0
17.596,4.020521646728226,0
17.598,-1.4779522103131635,0
17.6,-3.7117020938459304,0
17.602,-2.7999504135282596,0
17.604,0.18162148051831495,0
17.606,-1.035806359075248,0
17.608,-0.02676028911527182,0
17.61,2.523470082494753,0
17.612,-2.544158602756395,0
17.614,-1.1584303855709746,0
17.616,-0.6489029449131415,0
17.618,2.804565487312991,0
17.62,-3.351982841202841,0
17.622,-9.4440216661987,0
17.624,-3.930615291745232,0
17.626,-5.183682610422665,0
17.628,1.1862536438534201,0
17.63,-2.4686758923420706,0
17.632,-5.526906110146918,0
17.634,-7.225514846048453,0
17.636,-1.374026056656764,0
17.638,-2.9071167081437417,0
17.64,6.944023464722447,0
17.642,-7.3638975468153,0
17.644,5.375579892425869,0
17.646,3.4948734810529714,0
17.648,-5.444359692101548,0
17.65,-3.1394136809710056,0
17.652,6.213124038563725,0
17.654,-1.2043731109190512,0
17.656,-3.2437650076385616,0
17.658,1.955936902896518,0
17.66,3.500107737607381,0
17.662,-2.905226780021911,0
17.664,2.7001378952952955,0
17.666,-4.1185897056545855,0
17.668,-1.8696468289767576,0
17.67,2.8460434332945796,0
17.672,1.976607741865949,0
17.674,-1.6294036258321478,0
17.676,-8.376292080029451,0
17.678,0.44512236010779105,0
17.68,3.3015192086442258,0
17.682,-3.3482855151419137,0
17.684,-1.2239135586970402,0
17.686,4.186499907694649,0
17.688,-2.520316084948911,0
17.69,-1.0476503903410843,0
17.692,5.366718755864671,0
17.694,-6.428396484157059,0
17.696,-0.09233156929170996,0
17.698,3.930677252383985,0
17.7,-5.493945366740819,0
17.702,1.5996457533356976,0
17.704,4.119327835821919,0
17.706,2.3228262196590785,0
17.708,-6.309155280134165,0
17.71,-0.8397466813262305,0
17.712,5.5999275059413325,0
17.714,-2.6721950623755064,0
17.716,-2.569346353337707,0
17.718,-6.435010476658782,0
17.72,-11.561658555859854,0
17.722,-2.6081184509023747,0
17.724,3.6017985415587983,0
17.726,6.027050062843159,0
17.728,-2.0079294317812146,0
17.73,1.348749164031038,0
17.732,0.37854629707566034,0
17.734,3.816262855569683,0
17.736,6.11727096324823,0
17.738,-0.6734210249162009,0
17.74,-6.8278719290230585,0
17.742,5.845883780199164,0
17.744,10.449395466128816,0
17.746,-5.098894112541647,0
17.748,6.665948891851782,0
17.75,-7.024958043590722,0
17.752,-3.735369868760844,0
17.754,-10.226870902004768,0
17.756,-2.9408208986336244,0
17.758,11.950490384967058,0
17.76,-11.4889575203289,0
17.762,-4.922948898836536,0
17.764,-5.225216585978082,0
17.766,-1.967579324936605,0
17.768,1.4292185034939011,0
17.77,4.160564962385701,0
17.772,-1.3582163279202317,0
17.774,-0.15615549185687982,0
17.776,3.7132554871252577,0
17.778,7.335138103351898,0
17.78,1.0164637125181204,0
17.782,2.9415167644054234,0
17.784,-2.6802230866217975,0
17.786,-1.815871951065804,0
17.788,-1.1667033881562818,0
17.79,0.5039886075813934,0
17.792,8.62784715753736,0
17.794,-7.592082488897547,0
17.796,-8.657164641483304,0
17.798,-5.689853501132962,0
17.8,-2.0151415776577823,0
17.802,-1.6150352717510053,0
17.804,0.7217510214909767,0
17.806,-5.852052172804364,0
17.808,7.775665041438382,0
17.81,4.504573008965728,0
17.812,8.869451213115674,0
17.814,2.159665523231695,0
17.816,5.950888834244706,0
17.818,4.8061940038664765,0
17.82,-7.2982952367736456,0
17.822,3.4941154142209934,0
17.824,-0.7224637429625069,0
17.826,-0.9842271267265849,0
17.828,4.752833400923707,0
17.83,-1.632446306089229,0
17.832,-8.932759290612402,0
17.834,2.7852533729607596,0
17.836,-2.688120915498901,0
17.838,4.173465879365228,0
17.84,-1.5850393750612186,0
17.842,-10.942538772458013,0
17.844,-1.6343715428577372,0
17.846,-1.5963005986758043,0
17.848,1.758523751018232,0
17.85,5.97186367814753,0
17.852,1.2503801891778707,0
17.854,-3.375908908198853,0
17.856,-0.4074756977834204,0
17.858,2.056090848766453,0
17.86,10.291745764954317,0
17.862,-2.758263342317144,0
17.864,1.211698541302051,0
17.866,-7.292109836274361,0
17.868,-0.7064726349579133,0
17.87,1.2440051744234728,0
17.872,0.17460119595121992,0
17.874,-0.9727375915767692,0
17.876,3.643726171903164,0
17.878,8.213824073587968,0
17.88,5.3752818292814055,0
17.882,-2.6973436559606383,0
17.884,0.6468189063781075,0
17.886,-7.108537492750611,0
17.888,-4.552842346105613,0
17.89,0.21513360284852578,0
17.892,3.7785940410002365,0
17.894,-6.2299309109867504,0
17.896,6.605451693536053,0
17.898,-3.609150815297303,0
17.9,5.5682066843319244,0
17.902,-5.232029001821381,0
17.904,4.163876826482617,0
17.906,-4.8812205254879855,0
17.908,4.9365667688547585,0
17.91,-0.1709670915948115,0
17.912,1.9798581238805226,0
17.914,12.188021431397031,0
17.916,3.2910410131375407,0
17.918,-0.15491329391376504,0
17.92,-1.5699516008864116,0
17.922,6.248851109348502,0
17.924,0.3524358229610309,0
17.926,1.4741244658870303,0
17.928,6.299613923716427,0
17.93,-5.901752747287001,0
17.932,10.021307608808941,0
17.934,1.988539930911379,0
17.936,-5.152416868888328,0
17.938,-7.216304650343554,0
17.94,-7.979080209027855,0
17.942,2.5400260873044274,0
17.944,2.5841660932075805,0
17.946,1.891361030539295,0
17.948,-3.055214532508167,0
17.95,-3.9917317209926964,0
17.952,1.0176509655294157,0
17.954,1.9081335808542659,0
17.956,-5.213107737321245,0
17.958,13.880413870789575,0
17.96,0.011459200927681872,0
17.962,-2.6219588217729783,0
17.964,1.0526049249679088,0
17.966,7.333591313430027,0
17.968,0.9206757966571708,0
17.97,-2.7298418916454286,0
17.972,-13.782881712236373,0
17.974,6.514108144792542,0
17.976,-5.088310787362686,0
17.978,4.676939358923089,0
17.98,3.0893761467261944,0
17.982,1.9523875958942807,0
17.984,4.798620780233789,0
17.986,1.5522260768522,0
17.988,2.744628538060764,0
17.99,-3.5213158067198393,0
17.992,-2.164395764689234,0
17.994,1.9795155060464005,0
17.996,4.434922271114668,0
17.998,4.92432610160965,0
18.0,-6.5032402286540085,1
18.002,9.216723837230589,0
18.004,-1.1953358383428483,0
18.006,4.629308701142401,0
18.008,-12.425175283694262,0
18.01,3.7619353064913317,0
18.012,7.021418313499884,0
18.014,1.1355184771598306,0
18.016,-2.2251258148880853,0
18.018,0.8381443832806399,0
18.02,3.861201573217746,0
18.022,4.348784583964214,0
18.024,-5.192387841995232,0
18.026,1.988633237407764,0
18.028,-8.296554565542948,0
18.03,-0.41242085349630603,0
18.032,-7.745718712344371,0
18.034,12.903283825362035,0
18.036,1.3771615705812852,0
18.038,-7.928899016130064,0
18.04,-5.915630394625253,0
18.042,-8.271889661178632,0
18.044,2.1785991753490817,0
18.046,1.5054624384397017,0
18.048,-6.72798578810848,0
18.05,3.321200137959426,0
18.052,-0.7747887771335645,0
18.054,1.8593051247273489,0
18.056,2.7464920480460866,0
18.058,-0.360432945973165,0
18.06,-4.190710992562457,0
18.062,7.291541129886656,0
18.064,-2.5266015311628225,0
18.066,-3.243140992175955,0
18.068,-6.599878677276653,0
18.07,-7.474155543440153,0
18.072,-7.575769437651637,0
18.074,7.938471265440938,0
18.076,-4.156697227919542,0
18.078,-1.659999903193542,0
18.08,-1.1844029256103474,0
18.082,-2.5266271037683943,0
18.084,-5.167514119685421,0
18.086,-5.441076139912388,0
18.088,-6.59520489348793,0
18.09,-7.167399394239059,0
18.092,-5.120116245524601,0
18.094,-0.20632062624888858,0
18.096,-12.097489599562422,0
18.098,-6.245727012372766,0
18.1,-6.226820537535675,0
18.102,-3.0093082615245623,0
18.104,-8.319051992136478,0
18.106,-8.554568893512252,0
18.108,0.04510714523534354,0
18.11,-6.041200492299398,0
18.112,0.5293402217347807,0
18.114,0.500888596014585,0
18.116,6.724741055811531,0
18.118,-5.867164971562703,0
18.12,-1.1707818156903929,0
18.122,3.2586354278675436,0
18.124,2.6286380859612586,0
18.126,-7.635382881845821,0
18.128,-5.315259514896986,0
18.13,0.5693177662010557,0
18.132,6.918902076062791,0
18.134,-5.823242753522544,0
18.136,-8.16995589492712,0
18.138,-13.433401372636643,0
18.14,-0.15515208180625273,0
18.142,0.6397824123134759,0
18.144,7.1303174770663285,0
18.146,-4.671957159120177,0
18.148,-0.8777242119460347,0
18.15,-0.4863419051681461,0
18.152,6.571408567035437,0
18.154,-0.24751798492749,0
18.156,0.7859481751314648,0
18.158,-2.866034193353599,0
18.16,12.963413182458654,0
18.162,7.8184403135598775,0
18.164,4.1258135406568925,0
18.166,17.03506048037147,0
18.168,-3.7552918547372434,0
18.17,8.865338282696259,0
18.172,14.462168727643302,0
18.174,-1.1047961255052794,0
18.176,9.990110574252666,0
18.178,6.942884720436014,0
18.18,-2.1865656207317734,0
18.182,5.506256910021991,0
18.184,16.475476917316936,0
18.186,7.8120806922924535,0
18.188,0.4363358345505164,0
18.19,0.7649572187973632,0
18.192,6.531339434047973,0
18.194,6.113825418482971,0
18.196,0.024569113507720175,0
18.198,8.586550880004276,0
18.2,1.9487109045567035,0
18.202,0.6743621604623273,0
18.204,11.99660353412629,0
18.206,5.7489348476207605,0
18.208,13.221809632516617,0
18.21,5.07229681877414,0
18.212,5.669980045735046,0
18.214,3.897962943974335,0
18.216,-3.5206403015512837,0
18.218,7.737315358443867,0
18.22,7.3741683054888005,0
18.222,9.939431658517615,0
18.224,-2.3212186912950417,0
18.226,6.64973651161054,0
18.228,1.5212436673626355,0
18.23,6.511369691500045,0
18.232,8.750892494056007,0
18.234,2.247223862758905,0
18.236,-0.09910641876840742,0
18.238,0.957526428187915,0
18.24,1.6712423603485531,0
18.242,10.927340595533483,0
18.244,-1.1499365850295558,0
18.246,9.68852803184224,0
18.248,5.859521146111756,0
18.25,11.971911953392619,0
18.252,9.411665148866778,0
18.254,7.0922185762175936,0
18.256,1.59840269938605,0
18.258,-0.7547844327520838,0
18.26,2.8182941448255923,0
18.262,4.484019746728963,0
18.264,7.537455715185779,0
18.266,2.426413686754863,0
18.268,8.127831901256956,0
18.27,1.7077407517899479,0
18.272,1.4958515621260702,0
18.274,1.8468604489537839,0
18.276,-6.587980472960382,0
18.278,6.3175374144768455,0
18.28,2.9007699214781044,0
18.282,5.542746110979932,0
18.284,3.820192739851154,0
18.286,4.235102305046231,0
18.288,-6.2757939712551565,0
18.29,-7.243208225184089,0
18.292,-1.3964853327242939,0
18.294,-0.46331813430047397,0
18.296,3.0256724321085025,0
18.298,5.02885277968128,0
18.3,-4.2067607848530875,0
18.302,6.131205004149688,0
18.304,-9.61182735923383,0
18.306,10.839056463588257,0
18.308,9.842416968210626,0
18.31,-0.8529826229535845,0
18.312,3.4923928724095674,0
18.314,8.74736770960918,0
18.316,0.21247954614887665,0
18.318,9.14973597836407,0
18.32,-4.2105884017888915,0
18.322,0.1967782287954391,0
18.324,-5.549822207941113,0
18.326,9.345394220416795,0
18.328,-2.658493608785657,0
18.33,1.3964544461889457,0
18.332,-0.8055632134519266,0
18.334,0.8832972186057404,0
18.336,-0.7088003845417137,0
18.338,1.919386778552802,0
18.34,2.8403665629668793,0
18.342,-0.5324576598113032,0
18.344,-2.1661484214171227,0
18.346,-1.701400032145044,0
18.348,-1.4228132001674758,0
18.35,-0.8277622828924172,0
18.352,2.1828160553466773,0
18.354,4.952530683183164,0
18.356,0.3169826767649204,0
18.358,1.8973066417105877,0
18.36,-1.2961944866920734,0
18.362,-8.11397215206121,0
18.364,-0.6102491851774574,0
18.366,-9.856892014516562,0
18.368,-11.904326197161387,0
18.37,7.563359357549917,0
18.372,1.7578831897997718,0
18.374,3.168039743464947,0
18.376,3.5519018579469406,0
18.378,2.2623932728739247,0
18.38,-2.293175884156656,0
18.382,-5.815140122802356,0
18.384,1.4886113783159343,0
18.386,1.8720511153310613,0
18.388,6.1683363555187265,0
18.39,3.288084221011107,0
18.392,3.725997440252318,0
18.394,-1.235803802308044,0
18.396,3.7617215792318563,0
18.398,1.348709782735452,0
18.4,3.4627710866219825,0
18.402,10.121297717366554,0
18.404,3.8051486152471266,0
18.406,0.7214472011514514,0
18.408,8.131574662359307,0
18.41,4.089430872420115,0
18.412,2.512322056351867,0
18.414,-1.1115261311255296,0
18.416,0.4567854475934253,0
18.418,-1.398985170379059,0
18.42,-4.588455610902818,0
18.422,2.0248828014766107,0
18.424,-1.8998950031051067,0
18.426,12.264807694254909,0
18.428,-1.0597114159365544,0
18.43,2.1414089809109775,0
18.432,-0.3960621815125348,0
18.434,3.0483251057723812,0
18.436,-10.852046529362743,0
18.438,4.327585461320549,0
18.44,4.402557420731034,0
18.442,14.216256258672004,0
18.444,6.213221337239725,0
18.446,5.644621477252594,0
18.448,0.10816638215566672,0
18.45,1.1135838228230204,0
18.452,-1.0040875127014488,0
18.454,-4.750892998385649,0
18.456,5.496589317538926,0
18.458,-4.529638119511615,0
18.46,-3.377226307422551,0
18.462,-2.019759282819659,0
18.464,-2.0621326242152844,0
18.466,5.6631352830326875,0
18.468,1.0936939583899472,0
18.47,1.2909238575538142,0
18.472,0.5036911111416777,0
18.474,-6.823537993082059,0
18.476,0.7293075716488898,0
18.478,3.73553196384613,0
18.48,-2.080485465745614,0
18.482,-2.9251861795895846,0
18.484,-3.522336973105992,0
18.486,2.934235437861535,0
18.488,0.063083908493786,0
18.49,-5.864348466998212,0
18.492,-1.1515519330543804,0
18.494,4.725024588968233,0
18.496,5.247366552635158,0
18.498,-1.0253124234706308,0
18.5,12.861226592353894,0
18.502,9.262557707976935,0
18.504,1.1925247158129086,0
18.506,-5.85134950332814,0
18.508,0.40068562938118574,0
18.51,-1.2986135412992308,0
18.512,2.0103862159650885,0
18.514,-3.896311641132148,0
18.516,-3.9873683916713705,0
18.518,-2.8547518989608096,0
18.52,0.7215178135466565,0
18.522,2.827110414343718,0
18.524,1.3470937121215472,0
18.526,-7.517696474222163,0
18.528,-5.145920929242997,0
18.53,2.1866130613558545,0
18.532,-4.419316716861625,0
18.534,-4.711531430541544,0
18.536,-2.4949431511528823,0
18.538,1.5373546658581747,0
18.54,5.851894775254504,0
18.542,1.085534147827587,0
18.544,0.34490829557639696,0
18.546,7.207163288872374,0
18.548,2.052708163446206,0
18.55,2.7406487627252294,0
18.552,0.3746640252556327,0
18.554,-8.410676605130995,0
18.556,3.1117021045173066,0
18.558,6.736375161852769,0
18.56,0.25145410937291907,0
18.562,3.992241513398028,0
18.564,-8.858732781287822,0
18.566,-7.114353675497876,0
18.568,-8.712676905265932,0
18.57,-7.316643211646351,0
18.572,-2.9848123381430325,0
18.574,4.226801974661179,0
18.576,0.9184486630486696,0
18.578,-8.222703359725827,0
18.58,8.862680869288775,0
18.582,3.518606802114364,0
18.584,2.6773873111968536,0
18.586,2.1916165004178523,0
18.588,4.513899247165538,0
18.59,-3.8422310215865223,0
18.592,-0.8623897586716843,0
18.594,-4.132512508779202,0
18.596,2.1955078926418117,0
18.598,2.723050005713947,0
18.6,3.455417151281933,0
18.602,-4.110990054152936,0
18.604,-2.3344972320361888,0
18.606,-2.459694039118076,0
18.608,-1.3593850630072852,0
18.61,-2.3328279419971216,0
18.612,-3.118799119432181,0
18.614,0.7261636043258922,0
18.616,2.83811387523067,0
18.618,0.7072894734401972,0
18.62,0.5251717136582666,0
18.622,1.4180129476006966,0
18.624,2.7305632650389002,0
18.626,-2.5165036299934918,0
18.628,-7.364966914339547,0
18.63,-5.272652772375878,0
18.632,-6.446825634768545,0
18.634,6.568851206472123,0
18.636,10.545760371455623,0
18.638,-7.230322087212016,0
18.64,-10.696350067755585,0
18.642,-0.37106339268418526,0
18.644,1.5642647716041724,0
18.646,-5.580702782611194,0
18.648,8.992438053803602,0
18.65,-7.608945064091689,0
18.652,-7.624234721121801,0
18.654,6.273859175924037,0
18.656,0.2833518355390151,0
18.658,-9.0168863604119,0
18.66,4.6749992252762755,0
18.662,-1.795893204908504,0
18.664,5.8369800265745475,0
18.666,-5.081085336709096,0
18.668,-8.398749867250476,0
18.67,-5.353210096203878,0
18.672,-0.8461132554417101,0
18.674,-4.09703662062654,0
18.676,-2.4841764499760917,0
18.678,-4.354166958081264,0
18.68,-10.432842511223782,0
18.682,-7.094859413913641,0
18.684,3.4088531025974635,0
18.686,1.966284008816683,0
18.688,5.451801028776081,0
18.69,7.645119114009296,0
18.692,4.073355248368531,0
18.694,-4.387692086945806,0
18.696,1.5573586450885555,0
18.698,3.178102922365574,0
18.7,-8.633123503320713,0
18.702,-0.6175441553321259,0
18.704,-3.361590360790933,0
18.706,-8.294130102686223,0
18.708,-1.175208119876718,0
18.71,2.727123965250095,0
18.712,1.5057080604058317,0
18.714,-5.704410534479328,0
18.716,-8.836535886269237,0
18.718,-2.4293184200094715,0
18.72,-1.7613964717584958,0
18.722,-0.3979825043642068,0
18.724,-0.36767775525757224,0
18.726,-2.1927920110753876,0
18.728,-0.3113343643491986,0
18.73,4.075518114475379,0
18.732,-6.241631199640256,0
18.734,-2.40102294322692,0
18.736,2.058334745906991,0
18.738,-2.287019625397152,0
18.74,3.995305960036214,0
18.742,1.8556650408457662,0
18.744,1.33401477814425,0
18.746,-1.806951800765669,0
18.748,-2.769397853894085,0
18.75,2.462925608521355,0
18.752,-2.4077194878678556,0
18.754,2.4538020232858693,0
18.756,5.195430496780463,0
18.758,-2.958596180436662,0
18.76,2.651604860675198,0
18.762,3.17144087976299,0
18.764,-14.06813687742986,0
18.766,1.3893636307094628,0
18.768,-7.422507559510853,0
18.77,-6.39383470510097,0
18.772,-7.656648669524932,0
18.774,-10.034671973205887,0
18.776,5.475817720359815,0
18.778,-1.2722418814626653,0
18.78,0.3688896355273646,0
18.782,1.0000096883918868,0
18.784,-4.448094583797918,0
18.786,-4.864864817070674,0
18.788,-0.1629245923757565,0
18.79,2.086991052454791,0
18.792,4.1082075690512685,0
18.794,1.00716678311299,0
18.796,-0.22939324318673437,0
18.798,-1.1546340823452472,0
18.8,-0.2485189914906208,0
18.802,13.986279331521523,0
18.804,-0.289812039784416,0
18.806,-4.564804768788849,0
18.808,8.233089347590601,0
18.81,-0.8312628159317547,0
18.812,4.719700764256574,0
18.814,0.39074143067616035,0
18.816,3.430722289157563,0
18.818,-7.870860602212487,0
18.82,9.987642680666534,0
18.822,1.6344074037897383,0
18.824,-1.4887514142819955,0
18.826,2.394416702994306,0
18.828,5.004458623032347,0
18.83,-4.206881758100458,0
18.832,-2.265432692663686,0
18.834,1.5193362305844873,0
18.836,-2.8385442963862193,0
18.838,-4.935436082610247,0
18.84,-2.7447013547400214,0
18.842,-4.024394268268167,0
18.844,0.8590225549861856,0
18.846,0.23851842723056887,0
18.848,-4.741883775064141,0
18.85,-8.526643253052594,0
18.852,-7.655158440763454,0
18.854,-2.129399277887467,0
18.856,5.582947756621968,0
18.858,-0.7427740657888231,0
18.86,-1.757317131225629,0
18.862,8.655049257787152,0
18.864,-2.596902247458037,0
18.866,9.026216972704264,0
18.868,-3.7509931635847202,0
18.87,-2.381479413084203,0
18.872,-1.452625374229136,0
18.874,0.8390438886188483,0
18.876,2.7575179268016523,0
18.878,0.9337653108840155,0
18.88,6.7868456383201545,0
18.882,0.8416388201204906,0
18.884,1.1621165300833722,0
18.886,0.6515767376690768,0
18.888,1.474458012039293,0
18.89,-1.2256497940482207,0
18.892,-1.6183391875132644,0
18.894,-3.583782144919722,0
18.896,4.08894084124637,0
18.898,5.1455307480845285,0
18.9,10.309487462569171,0
18.902,8.195125116308198,0
18.904,-2.2760119328805772,0
18.906,3.9468902791465457,0
18.908,-5.495864037390836,0
18.91,-3.0929641784365387,0
18.912,7.961313153016949,0
18.914,-0.5961021252771934,0
18.916,-6.059908475196862,0
18.918,-4.349361800274076,0
18.92,7.091311943997712,0
18.922,6.893053306388812,0
18.924,7.704066575191039,0
18.926,5.4324119689193475,0
18.928,5.092828226872954,0
18.93,3.979628532066985,0
18.932,1.4491972055454614,0
18.934,-3.9563442115030556,0
18.936,1.5387022675200226,0
18.938,-2.3324680032957428,0
18.94,-5.648394251327801,0
18.942,-1.2309849229424796,0
18.944,1.2115449242677887,0
18.946,0.03563785285945444,0
18.948,-9.141159030720873,0
18.95,-5.110950966222834,0
18.952,1.7681046307461057,0
18.954,-2.535593892516678,0
18.956,-2.1464506652115163,0
18.958,-0.46336262685113283,0
18.96,-6.380944366613744,0
18.962,-3.606908290627774,0
18.964,10.820118467243752,0
18.966,-2.7541600769998196,0
18.968,3.105003681285561,0
18.97,5.515662878435823,0
18.972,10.380150749956043,0
18.974,6.644266543112676,0
18.976,-1.6323524712952784,0
18.978,-6.131853427214772,0
18.98,1.0487415200782488,0
18.982,-0.27502686031489426,0
18.984,3.215510776577201,0
18.986,-10.215832705429397,0
18.988,-0.5532034547790171,0
18.99,5.313759754368986,0
18.992,-6.485203460162418,0
18.994,-5.519739770651444,0
18.996,-2.976413945921546,0
18.998,-20.89286744478942,0
19.0,8.369138432064393,0
19.002,5.205114864932488,0
19.004,4.110109270245226,0
19.006,2.910878695264751,0
19.008,3.319753692333519,0
19.01,2.786281398060097,0
19.012,-1.3672605908943347,0
19.014,-0.11018339361013761,0
19.016,-3.8378353785223505,0
19.018,3.1767871598373763,0
19.02,-3.8757406786683073,0
19.022,2.052591667070324,0
19.024,-4.467114284193196,0
19.026,-3.3053355873476855,0
19.028,6.108652287265325,0
19.03,1.1858014142842401,0
19.032,-3.1447223442755536,0
19.034,-2.7255371264558677,0
19.036,-9.692150752607676,0
19.038,9.563631448603045,0
19.04,7.392031255072055,0
19.042,-6.336239752981566,0
19.044,10.851402858733572,0
19.046,-7.860293570744739,0
19.048,0.538605597784251,0
19.05,-4.097556560810538,0
19.052,-2.484491386140502,0
19.054,-3.642966261424844,0
19.056,-4.00328432591344,0
19.058,6.0308152650903155,0
19.06,-3.7326159296524515,0
19.062,-0.8246859737908683,0
19.064,0.12357566250858201,0
19.066,4.737838668412188,0
19.068,1.9171432122473544,0
19.07,1.1395331771304986,0
19.072,2.8762107571309263,0
19.074,2.8586978908099194,0
19.076,3.8326494910930475,0
19.078,2.8812504362188864,0
19.08,10.047874547540767,0
19.082,0.12704662236897235,0
19.084,3.455555033633076,0
19.086,-8.097405679054022,0
19.088,-3.923472775878741,0
19.09,0.5309747094705853,0
19.092,5.595034264329333,0
19.094,-5.6128084230412885,0
19.096,7.57011720721279,0
19.098,-3.7206946669202035,0
19.1,-6.515517950088507,0
19.102,7.7514757778181345,0
19.104,0.6971974754458796,0
19.106,8.447231107597096,0
19.108,5.577468847469174,0
19.11,1.758558900950919,0
19.112,-0.18636173605423095,0
19.114,-0.7059577456786066,0
19.116,1.290548727381062,0
19.118,0.07958651518706873,0
19.12,1.4802150985206874,0
19.122,-1.4582538032189316,0
19.124,-0.10427554068358125,0
19.126,-9.96637585857989,0
19.128,1.9531282863190025,0
19.13,8.0175874400012,0
19.132,-5.7323490337818415,0
19.134,-2.105938978501602,0
19.136,3.4219574395657846,0
19.138,-0.5945656268530035,0
19.14,-7.422161920514879,0
19.142,-9.276804941321853,0
19.144,-0.8989242358297646,0
19.146,3.6827263634020464,0
19.148,11.064165510032343,0
19.15,7.673724832589981,0
19.152,2.5597066505651638,0
19.154,-5.827780735056392,0
19.156,-0.6012487998389137,0
19.158,-5.591796230886873,0
19.16,3.3194150057258383,0
19.162,-5.88322906059783,0
19.164,-2.2251428422561776,0
19.166,6.922646788121357,0
19.168,0.9292815472754684,0
19.17,5.573931644786386,0
19.172,0.9938593623065167,0
19.174,-11.203960205988185,0
19.176,-0.6738098717782386,0
19.178,-1.320198979492844,0
19.18,2.965470867388624,0
19.182,3.169983296680143,0
19.184,-0.3830469786086032,0
19.186,5.193535471352307,0
19.188,-1.6817133854154085,0
19.19,2.623115080051935,0
19.192,4.63432824812266,0
19.194,-5.562020572495693,0
19.196,1.9176771981222536,0
19.198,0.32226746861916944,0
19.2,-2.4155691652932756,0
19.202,3.6556550860147663,0
19.204,1.772950131759866,0
19.206,3.9243865119778274,0
19.208,-0.745992736121754,0
19.21,-9.784281076932249,0
19.212,-0.35535517800377914,0
19.214,6.371826462349123,0
19.216,5.496882668290201,0
19.218,5.360503665260209,0
19.22,-2.3634595908344274,0
19.222,-3.775649308805335,0
19.224,-4.9182076944064885,0
19.226,-1.8000093908706978,0
19.228,-2.724784532208375,0
19.23,1.0026445247930695,0
19.232,-6.75541847812569,0
19.234,6.5371645587767135,0
19.236,-4.744218140738729,0
19.238,5.8650644021888185,0
19.24,1.0356508105420734,0
19.242,6.671867199671331,0
19.244,2.5920743627399427,0
19.246,-7.1751518400459116,0
19.248,2.624976719021151,0
19.25,6.106160351359847,0
19.252,-5.719138616442294,0
19.254,7.127962759850542,0
19.256,-0.9852400600678367,0
19.258,-8.299000262761746,0
19.26,-1.407401367244062,0
19.262,5.181473676470025,0
19.264,-9.898343101310756,0
19.266,-9.505720330540262,0
19.268,-2.287458881569494,0
19.27,6.035010804800304,0
19.272,2.1321585362411035,0
19.274,-1.0556570806382728,0
19.276,-3.971918845363419,0
19.278,-2.11208488084467,0
19.28,-4.620894559931377,0
19.282,-5.780613323173069,0
19.284,4.59434345551442,0
19.286,-5.104300591670505,0
19.288,-3.805090575262859,0
19.29,-5.586774719929572,0
19.292,-5.458621872527901,0
19.294,-1.038819885129578,0
19.296,6.8667655963407634,0
19.298,-8.701267592860427,0
19.3,-6.045895524047017,0
19.302,-2.8496278282039063,0
19.304,-5.5331404867104,0
19.306,-2.1742872270014457,0
19.308,2.3112706778776593,0
19.31,6.139177853229767,0
19.312,-3.345332519648198,0
19.314,4.021682834165551,0
19.316,6.579079070990805,0
19.318,-0.0996732394423837,0
19.32,-1.615070678871865,0
19.322,-0.17367368216452939,0
19.324,1.4656001469665847,0
19.326,7.577970846107563,0
19.328,9.801233219411635,0
19.33,-4.115254788489458,0
19.332,3.8012424280535972,0
19.334,-4.908928073150555,0
19.336,1.9194342365831258,0
19.338,-5.597955462920953,0
19.34,3.793755265159044,0
19.342,-9.284397281713307,0
19.344,1.3919446296990643,0
19.346,-0.40459892394893104,0
19.348,0.4231243466112643,0
19.35,-1.3204405549811833,0
19.352,0.22722211549496965,0
19.354,1.3646554056331295,0
19.356,-1.9514501191190678,0
19.358,-7.449191485144934,0
19.36,11.647679780403084,0
19.362,-3.733862965451845,0
19.364,4.8568183373668425,0
19.366,-1.8547867190176726,0
19.368,3.658758405075646,0
19.37,-3.9315131496606295,0
19.372,2.3885836497422366,0
19.374,1.0847748163347102,0
19.376,-2.1668805000986278,0
19.378,3.75025670506826,0
19.38,-9.691552501432366,0
19.382,-2.624355123143186,0
19.384,5.907242979971321,0
19.386,-0.08516430153660444,0
19.388,-2.3848317656934466,0
19.39,2.755717572786793,0
19.392,-5.890194820340845,0
19.394,4.947418840685593,0
19.396,-2.5822688194982906,0
19.398,-1.4664038568968205,0
19.4,0.7435344071903928,0
19.402,8.467645460561537,0
19.404,1.1434071575594493,0
19.406,8.89974101225433,0
19.408,8.482684016381087,0
19.41,2.8583016196670696,0
19.412,-0.6452980250147171,0
19.414,0.9060833981137624,0
19.416,-9.523620240997865,0
19.418,-5.98841382493951,0
19.42,10.262323113384692,0
19.422,-0.4711874532716998,0
19.424,-4.409954967538167,0
19.426,3.593866289428776,0
19.428,0.30846130122373544,0
19.43,1.6375533719383868,0
19.432,0.9938227901639638,0
19.434,2.0136632959574303,0
19.436,-0.2306390046556213,0
19.438,1.0633992565904673,0
19.44,4.04239061309044,0
19.442,-6.186757147284851,0
19.444,-5.907306995435134,0
19.446,2.2589527361826995,0
19.448,2.9613775828934474,0
19.45,0.33044081557554916,0
19.452,3.1055334786398476,0
19.454,2.624722086512004,0
19.456,-4.909546879683532,0
19.458,2.6954644734643067,0
19.46,-0.3956675368981525,0
19.462,-11.991990768272522,0
19.464,2.940590219564613,0
19.466,-0.6155794376036476,0
19.468,6.082332089395402,0
19.47,0.20369685120270753,0
19.472,-2.3024143395532075,0
19.474,-0.5983730639290773,0
19.476,-8.004478932778992,0
19.478,1.4965357619431945,0
19.48,-2.7353888664196138,0
19.482,2.5007526971021825,0
19.484,-0.6838687235421612,0
19.486,9.024553946103799,0
19.488,2.8665014263216815,0
19.49,0.9076092063475993,0
19.492,-7.203537429972365,0
19.494,-0.9619214277229391,0
19.496,-2.850191524614078,0
19.498,6.045180709595044,0
19.5,1.2136759337810283,0
19.502,-6.142541468884165,0
19.504,9.419279863266194,0
19.506,3.501247910109488,0
19.508,-7.235905125335424,0
19.51,1.4629274024514958,0
19.512,0.43503198391846404,0
19.514,4.822871249105107,0
19.516,1.1197186450782557,0
19.518,-2.2072935773229143,0
19.52,-5.1121551712543445,0
19.522,-1.7083239508318302,0
19.524,-0.49419412678645647,0
19.526,2.8532260331048676,0
19.528,2.4192379687906285,0
19.53,3.402194709212149,0
19.532,-5.994821787368872,0
19.534,8.103505768550413,0
19.536,1.2147793123996486,0
19.538,3.5948201442544168,0
19.54,-3.2688874809609296,0
19.542,-2.5469728642068,0
19.544,2.26265028425964,0
19.546,3.6046488343398755,0
19.548,-6.834422937424089,0
19.55,3.3063916906220285,0
19.552,-7.247541337752766,0
19.554,6.252179108797023,0
19.556,1.847405394844185,0
19.558,2.130827197897415,0
19.56,6.898982875727916,0
19.562,6.526517377523415,0
19.564,-4.255364881159109,0
19.566,-4.217916964622106,0
19.568,-0.7342875436137613,0
19.57,-1.744559950094786,0
19.572,1.5473986376929383,0
19.574,-10.103935437570497,0
19.576,-0.0009864306027360793,0
19.578,-4.54245701072424,0
19.58,6.0271538643317015,0
19.582,-3.8698737981314757,0
19.584,1.5788674151820359,0
19.586,0.17152926325623852,0
19.588,2.145228559625601,0
19.59,1.735198547143907,0
19.592,-6.214014254441498,0
19.594,10.30881118784157,0
19.596,6.383272304729823,0
19.598,-2.0426266746761614,0
19.6,-7.6587745724122165,0
19.602,-0.43615103156450513,0
19.604,-4.376102999945188,0
19.606,-0.39018195880332923,0
19.608,6.159517662644021,0
19.61,-1.5530692418015737,0
19.612,2.4486450431983946,0
19.614,1.319380286566044,0
19.616,2.5359976128088797,0
19.618,4.124387787189374,0
19.62,-7.3919163771190135,0
19.622,4.349628968657651,0
19.624,-7.1730782651866445,0
19.626,-7.224592439142481,0
19.628,1.4385590334283072,0
19.63,-0.4784086166713217,0
19.632,-8.818787637675396,0
19.634,-3.6562083905898306,0
19.636,-6.596956569173732,0
19.638,8.128403118939499,0
19.64,-3.6464271156842694,0
19.642,-4.417660067795842,0
19.644,-6.270434086038321,0
19.646,-0.028942265574588323,0
19.648,-3.979756827930434,0
19.65,12.998743214086904,0
19.652,2.4014373932445046,0
19.654,1.8158723171184543,0
19.656,-5.846567728375943,0
19.658,10.829143662667601,0
19.66,-5.873049951998195,0
19.662,-3.298128130435013,0
19.664,-2.1314768848053474,0
19.666,-6.901777689603477,0
19.668,3.028613189338829,0
19.67,3.0731576956077826,0
19.672,-5.542836573827637,0
19.674,1.533264687276103,0
19.676,5.160733861775303,0
19.678,-3.1941029517178294,0
19.68,-5.367472743918752,0
19.682,8.233531419884233,0
19.684,-2.4379496761758777,0
19.686,-2.6568833147134634,0
19.688,-5.562293992780604,0
19.69,4.879143851227085,0
19.692,-1.6438293267825763,0
19.694,6.062576333415456,0
19.696,2.35832889934295,0
19.698,3.033283953675117,0
19.7,2.359237146144659,0
19.702,-5.223948834955729,0
19.704,-4.710542636178524,0
19.706,8.501711645177778,0
19.708,4.962713550941333,0
19.71,3.3099258739369697,0
19.712,0.30374856210260137,0
19.714,-5.602510453097038,0
19.716,-1.7276191646972516,0
19.718,-1.543207570785651,0
19.72,-2.1265428542703964,0
19.722,2.5693952171043524,0
19.724,7.982424533434871,0
19.726,6.567085555818291,0
19.728,0.5137495056430661,0
19.73,4.541245644604454,0
19.732,-1.9231612139619,0
19.734,2.687162616058722,0
19.736,2.7053403790409565,0
19.738,4.574716032764839,0
19.74,5.970688289962267,0
19.742,-2.233833878926959,0
19.744,1.9516087730742713,0
19.746,-3.612866754126735,0
19.748,-2.6714060979091583,0
19.75,6.871233793800574,0
19.752,-1.7300472088262997,0
19.754,0.31344155958855374,0
19.756,-4.085959465554439,0
19.758,0.9241939149801158,0
19.76,-1.9638823506082939,0
19.762,-1.4979529474245348,0
19.764,-6.389668649257177,0
19.766,3.036578659741065,0
19.768,-4.1838506076293385,0
19.77,-0.31626179440034535,0
19.772,-0.22836784697433105,0
19.774,2.3933081125138447,0
19.776,-2.279572868605991,0
19.778,-1.6431972299982132,0
19.78,-9.433951941894414,0
19.782,6.555347965878662,0
19.784,1.1181544141872364,0
19.786,0.2382874439364222,0
19.788,6.3021740550684155,0
19.79,3.823396771352099,0
19.792,3.3010402661746694,0
19.794,5.662770372554425,0
19.796,8.1868758470698,0
19.798,6.361824852388445,0
19.8,2.998750815938864,0
19.802,-0.6544749637015147,0
19.804,2.5702079658634895,0
19.806,8.710926266240001,0
19.808,-11.106401004046129,0
19.81,4.291331464658208,0
19.812,-3.2300033670954686,0
19.814,0.11454484775044495,0
19.816,-2.956237792890965,0
19.818,6.597636104144704,0
19.82,-9.247585752599807,0
19.822,0.04699575830190073,0
19.824,-2.099396231964937,0
19.826,-5.231593897201195,0
19.828,1.3196104655594016,0
19.83,4.036180132720187,0
19.832,0.02179913427999055,0
19.834,-1.3270500397171228,0
19.836,1.0687152113698977,0
19.838,4.033708890231669,0
19.84,9.05639265571044,0
19.842,5.362924570930407,0
19.844,-3.3393161607870154,0
19.846,2.3220635392099616,0
19.848,-4.257694852587203,0
19.85,-5.273814932122742,0
19.852,2.6604913047616185,0
19.854,-5.259978488239419,0
19.856,7.287912698154967,0
19.858,-4.9344313406493185,0
19.86,-2.5316034836849326,0
19.862,2.911960094127136,0
19.864,4.71145566987566,0
19.866,-1.5187084263546469,0
19.868,8.191773219943023,0
19.87,-3.532100620841105,0
19.872,5.198245889748697,0
19.874,-2.7824079455071136,0
19.876,0.3348390998863992,0
19.878,5.709593857541481,0
19.88,2.046016169655354,0
19.882,1.8499142936766657,0
19.884,10.244045151329908,0
19.886,1.3902510322933195,0
19.888,-1.8871515305761746,0
19.89,4.637953522634221,0
19.892,-0.2443111375953488,0
19.894,3.436889799436988,0
19.896,1.202138670203749,0
19.898,-3.491536794162812,0
19.9,-4.341265182759331,0
19.902,-7.080969122499492,0
19.904,-1.6096794608969183,0
19.906,6.3262521408315635,0
19.908,2.017031014989946,0
19.91,5.561621658830713,0
19.912,-4.095572565570183,0
19.914,-2.014742803499982,0
19.916,-8.40289952759954,0
19.918,-4.46791309790972,0
19.92,-3.5233383426361558,0
19.922,-4.2543233222325565,0
19.924,8.437069673773747,0
19.926,-0.44147539359387544,0
19.928,7.427036942744701,0
19.93,0.685632467329169,0
19.932,-0.3266856557280711,0
19.934,-9.491167996714907,0
19.936,-4.599922372423455,0
19.938,2.451137661384979,0
19.94,1.688050140416596,0
19.942,-5.422763805648088,0
19.944,2.9208297969941017,0
19.946,-1.322213564987704,0
19.948,-3.1452352027707215,0
19.95,1.3229638326926292,0
19.952,7.212104532953253,0
19.954,-5.852913404624608,0
19.956,8.140902967538056,0
19.958,-6.045645726909996,0
19.96,-0.7268117230447485,0
19.962,-1.594381320922669,0
19.964,2.0182341911964214,0
19.966,8.877868771056729,0
19.968,1.9388710265302178,0
19.97,-6.042045611718256,0
19.972,2.0070023647109565,0
19.974,2.731895562712998,0
19.976,0.24843764973933394,0
19.978,4.210279461902344,0
19.98,7.436655858004927,0
19.982,-4.526515008917527,0
19.984,-1.978462219940214,0
19.986,-2.234514127005868,0
19.988,3.1378808876109003,0
19.99,3.1824591234921566,0
19.992,12.622121664262487,0
19.994,-2.994912497167462,0
19.996,0.9066208440420309,0
19.998,-6.956551626110893,0
