time_s,trial_001_uv,trial_002_uv,trial_003_uv,trial_004_uv,trial_005_uv,trial_006_uv,trial_007_uv,trial_008_uv,trial_009_uv,trial_010_uv,trial_011_uv,trial_012_uv,trial_013_uv,trial_014_uv,trial_015_uv,trial_016_uv,trial_017_uv,trial_018_uv,average_uv,sem_uv
-0.20000000000000018,3.5906351128675853,-0.609396044780578,0.23376194905835546,-0.7949721883210221,-0.25202558665477737,-1.4931390240179452,0.18524158014247039,0.24778933838978365,0.35457350937312704,-0.22455683207972119,-2.2446877826210168,1.732487515233577,-0.44595921207041866,0.7147820424208376,-0.016588917232183475,0.1516266201339771,-1.4882795762389995,-2.5320620910641036,-0.1605983104145029,0.3306299667760317
-0.19800000000000018,3.198385090686827,-0.5161467406894042,0.14081830388044503,-0.26285937889237904,-0.2829675003963099,-1.5626173088630784,0.11933325000374562,1.1962832470340035,-0.008791963479183651,-0.05016080901135081,-2.605601827173211,1.5582556392393818,-0.008981205606722331,0.7044934605378705,-0.1563429693923526,0.18407221828329579,-1.4251575312137073,-1.8096665493079427,-0.08820292079778176,0.3104537093473243
-0.19600000000000017,2.5531689708152445,-0.27440717060137765,0.07366716159219644,0.21957225630927907,-0.37584694924587314,-1.4927705867639416,0.13089365352860483,2.0689961007692736,-0.42212007507934124,-0.010917587953172658,-2.8883589069160447,1.3528441972100405,0.41118733559077913,0.6349563349122107,-0.19390587708423923,0.21750296187281382,-1.3272994354226992,-0.9298569634289464,-0.014038587771955177,0.29674808268044056
-0.19400000000000017,1.685064901012636,0.09450154869956195,0.03663583766828182,0.5973643646102447,-0.519612432687572,-1.2829932065751963,0.2133930772106165,2.790183064791569,-0.8478358843935303,-0.09069296439533861,-3.091046057863478,1.136961847068253,0.7786861114568916,0.5086758143264863,-0.11201265403081118,0.22766807991944943,-1.2104505827844712,0.011411902807613394,0.051439042602289216,0.29635455228263363
-0.19200000000000017,0.6441475853316123,0.5519345732085366,0.027050950877319346,0.819003526535778,-0.6964326902686273,-0.9535646333978921,0.35192582247586945,3.299476483772589,-1.2440906648235044,-0.26233421996433415,-3.2034781279465276,0.9269414151389751,1.0627241832708778,0.3299572146297103,0.08187908029068336,0.19569365163108127,-1.0837413226506722,0.9113011940648157,0.09768855678757166,0.3112817450338978
-0.19000000000000017,-0.5021149570377423,1.0495298651690792,0.03687378620859916,0.8433412233045465,-0.8859450278853296,-0.5411500865454376,0.5259694101458751,3.5582954652112018,-1.5712681632357728,-0.4941474644953999,-3.2101612263719987,0.7320096075161352,1.2433082757738911,0.10721278533093204,0.35689493293268476,0.1123639578739179,-0.9495066452567953,1.6736036639600724,0.11583941125546998,0.3372049249031283
-0.18800000000000017,-1.6745425940375431,1.5365801871802955,0.056034936591672024,0.6472349302951639,-1.069415587915821,-0.09232018024756355,0.7117675306030609,3.5524824689381176,-1.798251291834672,-0.7551802035374814,-3.0950969592696858,0.5535099017877947,1.3149683387011293,-0.14531678843424056,0.6650935608937105,-0.019848469813733338,-0.8053388517696867,2.2210963795413723,0.10019207264843828,0.3667125416365364
-0.18600000000000017,-2.7902508496580296,1.965389406989723,0.07586958547114198,0.23194515260585108,-1.2325481617088545,0.3437779086823102,0.8842096515085168,3.2910522957304376,-1.90737865529263,-1.0183519210350178,-2.847205228171222,0.38610093258104056,1.2876163286073634,-0.4073097813141484,0.9512478403243044,-0.18710593125140307,-0.6475426098065207,2.5046263277861005,0.04911901622494241,0.39316704756599796
-0.18400000000000016,-3.7714513957288416,2.2942443457389254,0.09123252355110811,-0.3736616230980208,-1.366353761557083,0.7223543260327622,1.01861047442207,2.8021263677244823,-1.897094014629754,-1.2613032368906245,-2.465003240632175,0.22034121966787423,1.184381231127455,-0.6538859595679933,1.1636589142935616,-0.3664255258053932,-0.4744863527967098,2.507452691077193,-0.03473683428173128,0.4123803922115661
-0.18200000000000016,-4.5533403076128245,2.488739241670127,0.10060313276568122,-1.1144535332965724,-1.4662555922874632,1.008234845577447,1.0929963027685172,2.127779530848063,-1.7817457099625496,-1.4655413135706559,-1.9593871950807429,0.045788830956807525,1.0369955628785794,-0.8585936399679388,1.263607277737443,-0.5289888639145196,-0.288341616954924,2.244450830909441,-0.1448584564742269,0.42265568926817737
-0.18000000000000016,-5.089772002129112,2.52261770046786,0.10440098309330703,-1.9152185760062637,-1.5300765609259066,1.1785926127516364,1.091179490729905,1.3192942931165794,-1.5887606535342869,-1.6149353828335384,-1.353903614096362,-0.14605892799510012,0.8798957257293847,-0.9972089951951675,1.2316811866409316,-0.6438521191530583,-0.09464262616971619,1.7569250794769147,-0.2716579103351107,0.42420219494255573
-0.17800000000000016,-5.356117484958348,2.37913164504885,0.10249431001872777,-2.690764854357749,-1.5557007278204782,1.223162769124613,1.0062029848567686,0.4335169918641928,-1.3540357827464338,-1.694714796882692,-0.6825502861192103,-0.3592304715124479,0.7444470024181831,-1.0516998041237506,1.070115335486326,-0.6818159812416372,0.0996135481031617,1.1046180770165337,-0.4035181958791886,0.41846904763135456
-0.17600000000000016,-5.349435344190812,2.053301588118706,0.09217680481661394,-3.358072032776495,-1.5391695976112854,1.1427050861207637,0.843087771559043,-0.46976488703717667,-1.1165738312756388,-1.6917971474479303,0.014258694767092739,-0.5911856059812401,0.6544658640337597,-1.0138027043296896,0.8011250570375538,-0.6195108315714023,0.2879014438405326,0.3568184931271482,-0.5279706210444697,0.4076752693114757
-0.17400000000000015,-5.086620174037749,1.5545804502485667,0.06755790187565947,-3.8482976887298452,-1.4738980098561398,0.946744615540713,0.6196369535692373,-1.3299378450505905,-0.9132324760456578,-1.5966727536249326,0.6944708620473872,-0.8314038803591932,0.6236398792260549,-0.8876164808866456,0.4618882238535887,-0.4435538634898458,0.4650059795399981,-0.41582630144328037,-0.6329741448679264,0.3945993626070425
-0.17200000000000015,-4.601359071019242,0.9087044617312312,0.020595530420822628,-4.116578997178616,-1.3515718699668982,0.6515135817641856,0.3644792213790927,-2.087771799997912,-0.7741946097034882,-1.4064213709343492,1.3186448622009324,-1.061241314062866,0.6549410258829395,-0.6905215566681377,0.09730088400016301,-0.15405856015749253,0.6265448399155611,-1.1478985748347392,-0.7082718509571564,0.38241458919091587
-0.17000000000000015,-3.9405263828745793,0.1574648630004165,-0.056633110762513095,-4.147911539139512,-1.1649113254240582,0.278777489781745,0.11237412644701827,-2.688184656803796,-0.7195661960182735,-1.1278840169007336,1.8526467616238895,-1.2556533454245948,0.7418750451091813,-0.4518692272659621,-0.24800714637594556,0.23366099345019292,0.7677267804654071,-1.7840099173337163,-0.7467017113581017,0.37416620660835476
-0.16800000000000015,-3.160279549081161,-0.644189754546554,-0.169131425730363,-3.9579592358451325,-0.9116799940103582,-0.14416585023832723,-0.10228829701037712,-3.083789822566546,-0.7573373069220173,-0.7796894959425075,2.2684391813853972,-1.386858226416373,0.8712023768439526,-0.20934758265121123,-0.5367324706034055,0.690128192886835,0.8821383491902621,-2.2819827842016287,-0.7451957608588621,0.3716959872086109
-0.16600000000000015,-2.321804938749443,-1.4334166997255056,-0.31641799006828364,-3.588671478826087,-0.5984644964545187,-0.5836488973714185,-0.2522111911862126,-3.2391871120354483,-0.8826986761532893,-0.39193638748472914,2.5435190730891337,-1.4292119687447218,1.0264207858235637,-0.0035202207132762897,-0.7436587026369285,1.1754973880410362,0.9612257638383621,-2.614592907215443,-0.7051543698096228,0.3745230460103511
-0.16400000000000015,-1.4865439479882159,-2.1462166081033685,-0.4908727501537916,-3.099917583453415,-0.2425944375784883,-0.9989440104505656,-0.3224334149975895,-3.1356206934163824,-1.0785290278843926,-0.002930385617064074,2.660325524184115,-1.3639936210414265,1.190991257715845,0.1285869080904406,-0.8575573233888135,1.6450394634962882,0.994881946688217,-2.7699898278635766,-0.6320176962090104,0.37966928579931675
-0.16200000000000014,-0.7108885140639584,-2.724574938098183,-0.6774662167047732,-2.5593451493223833,0.1286280288805547,-1.3430055741475682,-0.3128547807265125,-2.7752513007645754,-1.317006256648222,0.34671853625986726,2.607065087100821,-1.1828604111078822,1.350369580292086,0.15988783541316165,-0.8805591123461495,2.054782698996272,0.9731475175989623,-2.7510332701129534,-0.5341247910834132,0.3827797529535656
-0.16000000000000014,-0.04074692999262075,-3.1230250694340644,-0.8550815772017067,-2.032738344523839,0.48109526607289266,-1.5656573566624767,-0.2376069581465704,-2.1840054361639947,-1.56259549211047,0.6214627954153282,2.3805968557558996,-0.8893997403346983,1.4925097149327016,0.07860147239193294,-0.8257877144968363,2.3662042661193694,0.8885241765693402,-2.573961762311542,-0.42120065745118634,0.3798408157502509
-0.15800000000000014,0.4931835951167509,-3.3138630279327694,-0.9993679916652584,-1.5763324256066682,0.7785093667010563,-1.6194639387715966,-0.12157337483289798,-1.411872685640997,-1.776625499321447,0.797935137157076,1.9905640318319153,-0.4989426969183579,1.607368911022811,-0.10863719037902153,-0.7140483291377421,2.549754901060976,0.7380816974587765,-2.266688812862268,-0.30288990737331456,0.3686559423300781
-0.15600000000000014,0.8784629625886002,-3.290418334183384,-1.086753658411142,-1.2314688221412367,0.9874855614914693,-1.4675178175309544,0.005131553805367783,-0.5296747229787195,-1.9230661421659518,0.8700652362014574,1.4627130415608849,-0.03704140200609274,1.6865175642104497,-0.37708833882749637,-0.5702280378448877,2.58759343926154,0.5246865140593415,-1.866556643249583,-0.18761989145335203,0.34976443914497246
-0.15400000000000014,1.1215797931230533,-3.0678278028162382,-1.0989477102203735,-1.0213527684653525,1.0824066726582893,-1.0914719815816047,0.1135892082319565,0.3781693676412611,-1.9743659144400318,0.8508826177520676,0.8391982652360993,0.46321000097278503,1.7237662809509526,-0.6880826981934254,-0.41999529664303303,2.475867639140265,0.25717358944484237,-1.4170275393223921,-0.08184601536282661,0.32682267857882114
-0.15200000000000014,1.2460831369269152,-2.6808255602714715,-1.0270954472884006,-0.9496812702108512,1.0493451599689787,-0.49770187453371145,0.18215480759946667,1.2244186587747674,-1.9159213841592462,0.7704530260072582,0.1748393024193513,0.9649627303432673,1.7168462592012723,-0.9963013558539993,-0.2872684527610804,2.2264193370145264,-0.05028546403904821,-0.9630388598955402,0.010411263846803069,0.30631331853363664
-0.15000000000000013,1.2884462186243402,-2.1784224026798666,-0.8747569237044978,-1.0011513390426199,0.888291206176707,0.2802387130754903,0.20111015801554233,1.9317005275167054,-1.7481210422218552,0.6702469829658934,-0.4699276510578845,1.4321783549711893,1.6692487081656897,-1.2584390192099002,-0.1925892574244764,1.8673196085606478,-0.3792679661518856,-0.5455082137255056,0.0878109257140952,0.2958670467710225
-0.14800000000000013,1.2920707569775938,-1.616062254151192,-0.6590023838847888,-1.143907248178742,0.6130975433748178,1.183722485029465,0.17515865191056046,2.444637490497283,-1.485605995208478,0.5950087033282884,-1.0373466319276465,1.8341853755956694,1.5909547964198596,-1.4412323047340723,-0.15213716544253397,1.4414492265810155,-0.7084477224444081,-0.19615138867027526,0.1516884408373565,0.3005698891665317
-0.14600000000000013,1.2999134621778137,-1.0466557894975064,-0.40910059775087093,-1.3337803086278244,0.24913880862353766,2.135338015556468,0.12328115159092012,2.7387944433769684,-1.1540596019174687,0.5837854985482416,-1.479587505708557,2.1492156969610132,1.497156659999347,-1.527081356763942,-0.1769885723615403,1.0025673281133711,-1.015168569390838,0.06615441301092262,0.20571795421889202,0.31948489154403764
-0.14400000000000013,1.3466464526658612,-0.5124031655696504,-0.16250588788953668,-1.5199001127849288,-0.1706932193217232,3.048097962855606,0.07566190175017551,2.8243350475272724,-0.7853540721590633,0.6620534835887499,-1.763398556980735,2.3660526848630097,1.4049862500989116,-1.5160468871907395,-0.272412502673675,0.6088908889022879,-1.2771593727781152,0.23676455730208534,0.2552008584558773,0.34636423684537815
-0.14200000000000013,1.451922282035161,-0.03928199650227926,0.04174846888964512,-1.6510542660318468,-0.6107827807748589,3.8359957100255717,0.06781048220367325,2.743182546865214,-0.4121655377639659,0.836658201699368,-1.871871212284309,2.483379870031974,1.3292421675379438,-1.42381358748928,-0.4372321607575348,0.31487932466114943,-1.4740958923857215,0.3243949999370641,0.30605092332760947,0.37343354469302953
-0.14000000000000012,1.6165332180131309,0.3644983590795925,0.17139972446157326,-1.6820670527212533,-1.0374943190216828,4.42440642573402,0.1327535506789258,2.559752164855038,-0.06306247402434628,1.0945875932062892,-1.804071924178252,2.5071100891516385,1.2785597365420847,-1.2762589481137192,-0.6633954702268813,0.16243511466956922,-1.5886535986933872,0.3482947070989306,0.363629272028404,0.3942559405285174
-0.13800000000000012,1.8226461106540113,0.7057713079722869,0.20921371047805504,-1.5794206172647431,-1.4229228791443715,4.758960301358951,0.29295332518392203,2.346901306194158,0.2414089354757859,1.405678286471938,-1.5736204210812808,2.4467283778457753,1.253205882610592,-1.1022846414843934,-0.9359537097057765,0.17302413802622013,-1.6070027115392644,0.33376345622005066,0.4316138976817731,0.40484714886052875
-0.13600000000000012,2.0381572535391657,1.0003498331436949,0.15860657836419934,-1.3253437536276838,-1.7469962751858719,4.811668016865387,0.5539246733414807,2.170190102868149,0.4915451647749147,1.7285345322408767,-1.20690661760864,2.312163249468156,1.2450212676965708,-0.92705391854641,-1.2337022065203729,0.3423069102846523,-1.5191992769765084,0.30641846340060974,0.5110935554179094,0.4039753922006525
-0.13400000000000012,2.224088441102632,1.2656520271846903,0.04432142079266177,-0.9197295347194254,-1.9977138599935589,4.583441416395586,0.901107058616824,2.074237583932006,0.6900279058077546,2.018376657607685,-0.741029886684939,2.112538503008325,1.2393866835057166,-0.767418771911226,-1.5307076320866266,0.6387164387394011,-1.3202379194015257,0.2861187250095186,0.6000652920503056,0.39312310290519586
-0.13200000000000012,2.3431560844149795,1.5144494069046852,-0.0926936676644391,-0.3796110658954969,-2.1698504237107024,4.102818862391413,1.300652908589011,2.074510259856766,0.8515955509701567,2.235273270882093,-0.22116790189114677,1.8572491640167788,1.218608518428535,-0.6303107323882167,-1.7987665215732602,1.0069304485511952,-1.0123216072035235,0.28204164727335945,0.6934757889973437,0.37605192077202293
-0.13000000000000012,2.367390887833883,1.7515853628955618,-0.20496778077824762,0.2635392955712231,-2.262782133746337,3.4214366326329846,1.703904252765187,2.156319464142014,1.0002048035379003,2.3512341179765444,0.3029515265166946,1.5585539120095446,1.165837402260618,-0.5137505463651124,-2.010581265808025,1.376290947991735,-0.6080573405513585,0.29046488762563305,0.7838652459172468,0.3577657651779342
-0.1280000000000001,2.283139277680071,1.9741501024560957,-0.2499111524669001,0.967923013762737,-2.278247715344288,2.6072231077847756,2.054711407668766,2.280649797624112,1.1636791696789595,2.35492236860401,0.7815918212061161,1.2340010831967034,1.0686420004060793,-0.40941117273462413,-2.143235674222865,1.672955339785692,-0.13316508450561093,0.296111580934598,0.8625405150841348,0.3428528002643061
-0.1260000000000001,2.0927274304402,2.1741524965354073,-0.19973195395983112,1.6859410999693176,-2.21892022351299,1.7363630167254331,2.2983847439718774,2.394572527869841,1.3667919842232379,2.253267355213047,1.1703077186256658,0.9070080983655047,0.9216705105658917,-0.3055815045859158,-2.181457095459059,1.8332659293110019,0.37330638179046205,0.27682031909100524,0.9210493797322277,0.333774004577761
-0.12400000000000011,1.8129238651470112,2.3419628252053095,-0.047414295593857014,2.3683190773554075,-2.0884341602160283,0.8850277491761358,2.3908430179248152,2.4431585898588133,1.6244362091504811,2.0699112394735395,1.4352692169176096,0.6047484600650057,0.7282401333710553,-0.18980887001185498,-2.1201249841218806,1.8151997601281122,0.8627062008462906,0.21032652046117017,0.9526272530631741,0.33023788161352213
-0.12200000000000011,1.4708023602800633,2.4690098492809014,0.19234537364057802,2.9675331264212645,-1.8928051554821959,0.12182407383100241,2.3063480284295,2.3801309416548433,1.936656553053087,1.840948247657008,1.557468672104774,0.35368404944308196,0.500871953202559,-0.051050350158311275,-1.9655216549457442,1.6053323086634768,1.2843177809249844,0.08135239660770321,0.953291586367143,0.3302159873591551
-0.1200000000000001,1.0979065934571752,2.549036187977881,0.48691263792525696,3.4407101467205496,-1.6422747488900462,-0.4982633912198443,2.042202296706489,2.1755389472557134,2.2868295429908003,1.6086756043774557,1.534703118412628,0.17400708583073432,0.2606233375253969,0.11855356037321796,-1.7349919598841166,1.220227453905086,1.5947837247502366,-0.1129594130775341,0.9223455958409489,0.3316364031116034
-0.1180000000000001,0.7239103043088599,2.5780564666790804,0.7927486306692738,3.7523129406783573,-1.3521597787239867,-0.9380266172463688,1.619217646813405,1.8198779871199504,2.6434246788208897,1.4142979965984062,1.380885559932001,0.07454412827158974,0.03484131124970091,0.32224594071643353,-1.4549625096253824,0.7026698815954608,1.7665085803184386,-0.3608624921806949,0.8621961475553009,0.33336628439927457
-0.1160000000000001,0.371080108647209,2.5537071785965786,1.0637126793712937,3.8767833556927034,-1.041727320515634,-1.1802152373170385,1.0777476990648314,1.3248651844863597,2.9649351508134814,1.2909138832582967,1.1231532112117697,0.049426232118578106,-0.14693921272740607,0.5577415254421817,-1.1575333927411289,0.11407742416119215,1.792470298438162,-0.6376747717755749,0.7775846664569919,0.33508286906608137
-0.1140000000000001,0.05067942003361098,2.474833884209848,1.2587162123219757,3.8010869747698943,-0.7312442847457825,-1.2277832315808634,0.4703121556852403,0.7213656559324102,3.2069375534377604,1.2583109165083548,0.797707095067442,0.07740870205562067,-0.2586709871445415,0.8170665070748019,-0.8760961451289825,-0.4752486139215283,1.6862494106806691,-0.9105776026078232,0.674502979036006,0.3365782308055454
-0.1120000000000001,-0.23789507868853121,2.3418312015513654,1.3472952519980028,3.5268647446152355,-0.43843644176624186,-1.1021983586919053,-0.14719153929486617,0.054919952786510184,3.329822951415705,1.3206265000918256,0.44505798171166655,0.12425111755417306,-0.28398685558447656,1.0871637315751634,-0.6407318459115258,-0.9964844300173982,1.4777011810261425,-1.144813622959604,0.5590998023006245,0.3372583171622127
-0.1100000000000001,-0.5049657906890567,2.1575630224997804,1.3123578270523333,3.0716824374963614,-0.17595149057840365,-0.8398971567760061,-0.7234377473414716,-0.620659847134266,3.305545034771372,1.4670038307550957,0.10486514581469297,0.14795149485404346,-0.22131484651692745,1.3510618094402562,-0.47430516922550614,-1.392023518145146,1.2058752360300984,-1.3093462514801537,0.4367780011570608,0.3362411486924635
-0.1080000000000001,-0.7658766504323893,1.928196371567887,1.1501659721657913,2.4687740525728463,0.049117599057976635,-0.4873099771029056,-1.217154766166448,-1.2508423113432434,3.1218867706928357,1.6746689438393043,-0.18944038101075866,0.10596176834791404,-0.08637865067013306,1.5894803941248337,-0.38987791162707197,-1.6235497853969951,0.9112444836120388,-1.380659468324113,0.31157813632818715,0.33292601539745464
-0.1060000000000001,-1.0349957693243648,1.6634168290251794,0.8684044893688277,1.7648402763817643,0.23364739610773244,-0.09524623380309039,-1.5996725999755745,-1.787865004681054,2.7833624754778716,1.9135938682926292,-0.4154829778395388,-0.03696370216037437,0.08882100288730344,1.78291905187378,-0.3894643163074497,-1.677366325334476,0.6290665061359284,-1.344387233422228,0.185923762927937,0.3276066429375902
-0.10400000000000009,-1.3200897529605502,1.3760388392269634,0.48365470122364307,1.0159224822472364,0.3757835732837147,0.2864779375867132,-1.855063945268514,-2.1968206679011204,2.3088401528671825,2.151762239720189,-0.5649932213205349,-0.3018042509809873,0.2605618649594582,1.9141964995763412,-0.4637817281229458,-1.5660375376056512,0.38502659136289163,-1.1952892263865846,0.060799141750413566,0.32172871026975935
-0.10200000000000009,-1.6185019479557516,1.0813914582266126,0.019425931266441543,0.28191165140436075,0.47247895197972545,0.6134898217174013,-1.9787983763360226,-2.45938989764673,1.7269376424955936,2.3598031482695263,-0.644125960804828,-0.6905635728719235,0.3807133884778356,1.9711613104580752,-0.5927707190085237,-1.3259690139158606,0.19357761240751314,-0.9364067791870729,-0.06364640839020155,0.3175520189635524
-0.10000000000000009,-1.9158338502967205,0.7967096134195045,-0.4948617764773916,-0.3794709233673033,0.5184219109698539,0.8500713074020814,-1.9757515579611615,-2.574940669724484,1.0708053340087986,2.5137150848685614,-0.6709939439450956,-1.1847172080569957,0.4055151253247729,1.949174174528665,-0.7470141625845276,-1.0112770449655262,0.05881300865942918,-0.5781199245842064,-0.18720863904343027,0.31720692607867335
-0.09800000000000009,-2.187138507127422,0.540304262721502,-1.0244685671519997,-0.9184839472563335,0.5068623251287163,0.9712075886951143,-1.8581660418055788,-2.559214447583142,0.37385504253484214,2.595040753831304,-0.6712750950883548,-1.747023640483118,0.30426296500155015,1.852941543228239,-0.8904142535124212,-0.6848505951942289,-0.02274244643956247,-0.13750025066810234,-0.3087112950649442,0.3215550102033453
-0.09600000000000009,-2.4003268940392473,0.3300600847048354,-1.530515182714674,-1.2984567358141927,0.43204921407781516,0.9637766799241807,-1.643908400889727,-2.44098987411342,-0.33256867953099545,2.589080820468446,-0.6731303964743476,-2.3262211470074496,0.06616363106321554,1.6972398307773902,-0.9844099343302383,-0.40791477095070094,-0.05837023574965561,0.3620553988720364,-0.425354810651485,0.32964624055911884
-0.09400000000000008,-2.5213394028956593,0.18110438710590904,-1.9725092857280342,-1.49968002787232,0.2924108997466677,0.8271103238201831,-1.3551660189184411,-2.2572345016699433,-1.0193863683587936,2.482707269521307,-0.7024848826480661,-2.8636980204322557,-0.29639351772499356,1.5060736694256123,-0.9935685388799734,-0.22979660378348188,-0.05545499097030193,0.8912911664508674,-0.5325563579895398,0.33924508618048704
-0.09200000000000008,-2.520277344521509,0.10306211162656376,-2.3122285003608614,-1.5214574646557886,0.0934312105733065,0.5729277362484836,-1.0175206646169137,-2.047499205733082,-1.6584668832917835,2.2633091533865324,-0.7793109845085362,-3.3011029559353937,-0.7493307321640003,1.3099439548291363,-0.8916525692461627,-0.17980489622670826,-0.018664055834846982,1.4161874349649766,-0.6243585919703659,0.3480095144703751
-0.09000000000000008,-2.3772346400087825,0.0977035682030869,-2.518347501574879,-1.3816777204133257,-0.15069083422933005,0.22449464051658855,-0.6590397364045738,-1.8484462855425299,-2.221001701992128,1.919579909622225,-0.9151729938859954,-3.5879269319020746,-1.2430524193800827,1.1412106753157851,-0.666656103734142,-0.2628607830613493,0.05153296885285408,1.9000541155147914,-0.694307320783548,0.3545285382032849
-0.08800000000000008,-2.0864785250029954,0.15778142018323993,-2.5709890696196953,-1.1136905048205428,-0.41722917341057797,-0.18513662841572204,-0.30879272956569104,-1.6891856512838155,-2.676915540250102,1.4440438079406317,-1.1120003371899303,-3.688166410440773,-1.7217569082949367,1.0280885058082179,-0.323337508808588,-0.45974174202355267,0.1588793989213938,2.306595999160963,-0.7365573109506932,0.3587994755258868
-0.08600000000000008,-1.6580973516026913,0.2675536725904868,-2.4653972579225463,-0.760962887112226,-0.6771738296494496,-0.615801359855251,0.005657773191324211,-1.5876953284916233,-2.996221286476371,0.8368239128512849,-1.361886667823277,-3.5852314943143617,-2.1334734488256526,0.9884937065392472,0.11745468086410893,-0.731803356199174,0.30993161180587614,2.603471150087936,-0.7469087644634645,0.3621536526985857
-0.08400000000000007,-1.1170302209740668,0.40508411066757866,-2.2139767757776156,-0.37057849702202056,-0.8991608196023861,-1.0235529980231852,0.26166542313887653,-1.5484662403341418,-3.152406639524273,0.10990532817064055,-1.6477148039583411,-3.284402980969458,-2.4384285133392654,1.0254247087575437,0.6222847471307674,-1.029066100298683,0.5113759452676212,2.7655551782671624,-0.7235271749124025,0.366737291550158
-0.08200000000000007,-0.5001210569105146,0.5459345670043115,-1.8460660882925426,0.013110604051734476,-1.0541927459597085,-1.3642600904109314,0.44497799392869053,-1.5617937129804083,-3.127135444595891,-0.7092832565663785,-1.9445554215840477,-2.8124637983513114,-2.6140906066404663,1.1254983873965436,1.1502655930491934,-1.2998003101770341,0.7664310079908363,2.777168291188368,-0.6672431159921975,0.37459514199749366
-0.08000000000000007,0.1478447986815734,0.6673863788309577,-1.405098721527343,0.35352340842272567,-1.1200406691856053,-1.5972972986953893,0.5520424681290569,-1.6054132586159546,-2.915027495455997,-1.5765624840948735,-2.2219164061111476,-2.2145627027163113,-2.6562687864609793,1.2615525592792323,1.6584355119261356,-1.4994847092771968,1.0712034224190106,2.6329997267236633,-0.581482458762691,0.3865328698830116
-0.07800000000000007,0.7783643223907875,0.7521494706799483,-0.9432832949788202,0.6249539905921453,-1.0843954487498058,-1.689529984171685,0.5901012303432297,-1.64886431658441,-2.5271160020418946,-2.4333733892986524,-2.446835662964669,-1.548731781989456,-2.576580336637559,1.3989786993502749,2.1064223869357783,-1.59740822100511,1.4122862965583693,2.338090843312532,-0.4719317332366109,0.4013027405344928
-0.07600000000000007,1.343418014650439,0.7908348064879664,-0.5145912889765364,0.8137916705463528,-0.9462847048174121,-1.6198266218874124,0.5748738235257362,-1.6600094276531625,-1.991786011986747,-3.213175829400611,-2.5875102654305424,-0.878702465342422,-2.397337639509908,1.5041238452790322,2.4601646616701265,-1.5800496990878905,1.7667593119407319,1.9074993236371989,-0.34598936090861454,0.41572644885229787
-0.07400000000000007,1.7997071330140788,0.7830221315274404,-0.1674646456875809,0.9183590239383947,-0.7157888719094492,-1.3838291111645262,0.526644215217535,-1.6121348229308798,-1.3525512587387234,-3.850772272378518,-2.6168729095226837,-0.26586406518476813,-2.1453790750379396,1.5522948961011105,2.6949313766427476,-1.4512890469124042,2.1050352910980883,1.3659835295663152,-0.21199824902009798,0.4257749105200202
-0.07200000000000006,2.112919601158672,0.7370737808847552,0.061212523763219506,0.9478806639500763,-0.4124467037602402,-0.9979408542039145,0.46610847123644406,-1.4897285957562636,-0.6628284943244536,-4.29234274935829,-2.5155183250999213,0.23853150203242812,-1.846453422073866,1.5329674207622892,2.7977874827720934,-1.2301018143661913,2.3960799694831,0.7475510890152315,-0.0782915807713795,0.4279858594912374
-0.07000000000000006,2.261602794484441,0.6687305066310936,0.14991431151927803,0.9207827572885388,-0.06279222784764604,-0.5009332541005173,0.4110076394299783,-1.2915925978678293,0.021280779227682123,-4.5036425273602925,-2.2737243958876903,0.5996507860377441,-1.521410061044909,1.4507432008027994,2.7691695761287574,-0.9465628746464393,2.6137129043519733,0.09439320376072935,0.047796140050427253,0.420550299833462
-0.06800000000000006,2.2398546350037316,0.5982466237836332,0.09397497086652251,0.8622111102590511,0.30266678335333885,0.04832200183437535,0.3737693433858875,-1.0309474454994163,0.6485737423139746,-4.4743852155604396,-1.8928121135168248,0.8027652222854957,-1.1847632121233702,1.322073279895553,2.622931123615634,-0.636910349581345,2.7421280957966774,-0.5453272395708246,0.16068729758564748,0.4037421812400796
-0.06600000000000006,2.058099489530237,0.5459098627748883,-0.09473988761648411,0.8006450515179109,0.6527564661591538,0.5775266786878416,0.3599394779878392,-0.7329496912958,1.1789662073990939,-4.21816560379103,-1.3863157755104163,0.8538298879054811,-0.845413520849522,1.1691264875894112,2.3845169804397317,-0.3383308971921313,2.778754772653277,-1.1212079755460687,0.25683044504685637,0.37970241044211894
-0.06400000000000006,1.7416556209195007,0.526547475571169,-0.3895513972452812,0.7638094536166191,0.9588500447420157,1.0111277518530615,0.3674308465848144,-0.4302574986091293,1.5871407721836117,-3.76877177980043,-0.7810310728270327,0.7770702030741181,-0.5087482714758108,1.0128784865073415,2.087639143320385,-0.0841061740879111,2.7333936591254706,-1.5858605631964138,0.33440092779200536,0.35178256263993213
-0.062000000000000055,1.3273240182668478,0.544654112826818,-0.7518259248493923,0.7744916754352358,1.1975564735867392,1.281932817193084,0.3870143328368709,-0.1572450912622049,1.8633334222240514,-3.174534629764073,-0.11714508936430823,0.6100460765923122,-0.17922319383885232,0.8674198536482876,1.770262463213685,0.10027929466692148,2.6239157647464264,-1.9010478961421033,0.39262269333424155,0.3237023906466995
-0.06000000000000005,0.8586411825347275,0.5921761365456301,-1.1347144428707434,0.8470428809601827,1.352583431862126,1.3417765375399848,0.40438161627302793,0.05638713546541721,2.011812207936644,-2.4920779170232206,0.5538976154468528,0.3968293049540416,0.13729139498301945,0.7368346417619855,1.4704835136887249,0.19966188597038265,2.4699492701053076,-2.043360022774944,0.43108868740884154,0.2987256100311013
-0.05800000000000005,0.3806556461420322,0.6501520087454059,-1.4874523571335123,0.9851792441068246,1.4157027452913358,1.169223043816884,0.4035288281847439,0.19148776031723072,2.047987386486726,-1.7800205106561886,1.1746789275987983,0.18026175736565864,0.4319361603675347,0.6150501658505978,1.2223670605176302,0.2102621158539154,2.2864429540231037,-2.007839229049354,0.4494224282127426,0.27902383802400715
-0.05600000000000005,-0.06497677277802028,0.6936931246952809,-1.760080349533343,1.181381669337489,1.3869237399447516,0.7730059473071299,0.370624130406883,0.24344027879803057,1.9949933340269126,-1.0927734882480835,1.6898353873661305,-0.0052470050928214995,0.6924737667908609,0.4881807389803555,1.0516406593011352,0.13941861553645263,2.0788382558551706,-1.8085750173002686,0.44737761196633585,0.26543538732294475
-0.05400000000000005,-0.44405391582925174,0.6982653643037544,-1.908689729875353,1.4179626191822967,1.2739836830985942,0.1907111240770052,0.2972686904952474,0.22307376851088176,1.8802366731577922,-0.47482368182188167,2.0551911847346953,-0.1387566473973152,0.9043018039746996,0.33844331800951777,0.9715393845317088,0.0041506490884885006,1.8410586023332711,-1.4764165477122995,0.4251914634923252,0.25776283929688915
-0.052000000000000046,-0.7327285284966969,0.6448329700465782,-1.9011218303490414,1.6697171550386996,1.091151381776801,-0.5169871390261116,0.18221672636673258,0.15403032069006647,1.7320797318487047,0.043739996562502464,2.2458653439011016,-0.21458043085779277,1.0527221757310121,0.1486976911372786,0.9796558754996998,-0.171328633831197,1.5568893668843526,-1.0547703802811876,0.38389343292452793,0.25543010634643265
-0.050000000000000044,-0.9189657823067025,0.5222777308582698,-1.7223769022255921,1.9078569857466476,0.8573942052411359,-1.2754634986883686,0.03115319638181757,0.06717560413796567,1.576710497128921,0.44967937139396263,2.2614717821189108,-0.24077023518876794,1.12585827772607,-0.09328712862626554,1.0568723982550754,-0.35894849724250166,1.2047040106259148,-0.5944763548659127,0.32538142558169886,0.2580262016094361
-0.04800000000000004,-1.0023176394706517,0.32697891484942854,-1.378322531581031,2.104669202424301,0.5943527063571381,-2.0069688277254483,-0.1451686393384677,-0.006443184028776305,1.43537104455406,0.7465268487938954,2.1271507939403698,-0.2351508698033018,1.1172738006156688,-0.3917742289195021,1.169160757907832,-0.5305721278913816,0.7647826408983811,-0.1482646442239811,0.2522935565199186,0.26539084649814176
-0.04600000000000004,-0.9920518824126865,0.06069961226484111,-0.8962494378267644,2.2381848186589135,0.32493095123086113,-2.641187188624698,-0.3336690505572425,-0.0422747950561039,1.3222670385787683,0.9518761231681119,1.8899372247172257,-0.22004322268212206,1.0273793987865925,-0.7420017743947647,1.2724198461374119,-0.6617041954085207,0.22761126983856217,0.23505602662362002,0.16784337572455585,0.27731703987538564
-0.04400000000000004,-0.9041344393917676,-0.2716056356455413,-0.32159328027644085,2.2960872059542763,0.07299080819695392,-3.1237311144052855,-0.5218124147718021,-0.027088538268293605,1.2434210675682793,1.0924758640816177,1.6109067230776928,-0.2166693293462525,0.863173490516417,-1.1313364974613462,1.3198222232696741,-0.7345980195702279,-0.39911346550619786,0.5164149250295,0.07575608739173643,0.2932436836977162
-0.04200000000000004,-0.7578923500693637,-0.6628586003266808,0.2886508917079069,2.2780544114443497,-0.1363583167596467,-3.4213325420608083,-0.7000240106688486,0.0389126648015978,1.1965581745561131,1.1980256184350113,1.354557430931992,-0.24012660870703995,0.6365949538866913,-1.54199882432346,1.2705101758905155,-0.7403426822957927,-1.087032967306894,0.6716403690996893,-0.019692345098037092,0.3122387691426917
-0.040000000000000036,-0.5730888305856325,-1.1034610070590256,0.8743153341798825,2.195778316907964,-0.2771298754373943,-3.523252886927068,-0.8630384558236107,0.14289015582511141,1.1720690976645778,1.2948170753177008,1.1775910464504633,-0.29586285172584814,0.3624262976831455,-1.954130220728463,1.0980345479228082,-0.6795867943503627,-1.7886683723259678,0.6949853149001992,-0.11362845045063999,0.3332317178702343
-0.038000000000000034,-0.3676765801038565,-1.5798420541362583,1.380451195630227,2.070237179419728,-0.3244739289319911,-3.439256260887964,-1.0095962359269604,0.2626595334218015,1.1550859468142411,1.4004263782649822,1.1193327298208697,-0.3784364719742097,0.05681811773538159,-2.3479947545632927,0.7967738436157763,-0.5617441722312516,-2.4440575812661023,0.6000582590686343,-0.20062415867945804,0.3552219810559683
-0.03600000000000003,-0.1560647511742822,-2.0727766326311596,1.7642810319608389,1.9264788078201744,-0.2582981349899096,-3.1951680478269684,-1.1404750086462077,0.37156068294438227,1.1284874701648049,1.5204837718422393,1.1955466576702536,-0.4728031428520363,-0.26309421204195516,-2.704679294296949,0.3847735017749009,-0.4029280369360223,-2.991156471197492,0.41766307339736786,-0.2748982630565567,0.37726952008276615
-0.03400000000000003,0.05229040882630631,-2.5564661079666076,1.999862116702793,1.78697369203762,-0.06752487616334668,-2.8273383293824144,-1.2557392647850283,0.44376746510555554,1.0763492712476772,1.6479357936079746,1.3966267688090943,-0.5576765530559054,-0.5789485522740555,-3.005463614821956,-0.09796999773671433,-0.22322889117302203,-3.3775509807108914,0.190752554469527,-0.33074161651463296,0.3982872551053996
-0.03200000000000003,0.25382376429975373,-2.9992422979842788,2.0801047072036325,1.6651765546243893,0.24631201334038721,-2.3771508962788066,-1.3525751869766225,0.458990075717327,0.9872092508853622,1.7643974463593166,1.690252024416666,-0.6100185529260735,-0.8713209740293194,-3.2307093554884547,-0.5958132693893704,-0.04395878419817201,-3.5705586808246466,-0.03275132799970304,-0.36321297162492294,0.416791655558716
-0.030000000000000027,0.45087236833240185,-3.3662458584840693,2.0161734235542523,1.561071937388873,0.6671485312071788,-1.8862830722258477,-1.4247807525185352,0.40584897219491256,0.8564946975197457,1.842827432007535,2.0277431952146623,-0.6095639238121293,-1.1211372994622737,-3.359372031626009,-1.0472442679800906,0.11483142076168545,-3.5631711609116117,-0.20819347112525455,-0.36905443666469856,0.4307908725713098
-0.028000000000000025,0.6503163435515829,-3.62375466136821,1.8347434172448391,1.460098593759773,1.1646394308245718,-1.3930531925622973,-1.4641528327277231,0.283557836406768,0.6874891894065411,1.851128963189592,2.3527076125002324,-0.5424832990447421,-1.3124305546040986,-3.369978504255264,-1.396037673696192,0.23653314148887977,-3.3744315031918015,-0.3020407579946578,-0.34761935839290037,0.4379455198773505
-0.026000000000000023,0.8606948970301653,-3.7443244708085626,1.5740051384483855,1.3359655460546367,1.6966556850125207,-0.929925662083749,-1.4631146514157511,0.10179577821997352,0.49044181250721397,1.7568004641298451,2.6102014404451355,-0.40373812813759224,-1.4357774586821273,-3.243285258058733,-1.6013257317900869,0.30977865922535486,-3.0444269465152036,-0.29758801446840333,-0.30150927227149876,0.4360468575513206
-0.02400000000000002,1.08808878534882,-3.711635082338356,1.2793387199122586,1.1567352461880942,2.21383598825148,-0.5219191881344314,-1.4173797620705124,-0.12115043295794448,0.27992839454580853,1.532627738281145,2.7546691680164574,-0.19811693124242846,-1.4913204976476906,-2.9661222227211645,-1.6445265781796614,0.32946478942717744,-2.625589856302392,-0.19697491518850374,-0.23666925760065796,0.4237477528766721
-0.02200000000000002,1.331666768860955,-3.523874835482923,0.9991154302094459,0.8926851914739231,2.66563674586079,-0.18541828046801234,-1.327522117896545,-0.3616074870720243,0.07121079807686703,1.1625996564353318,2.7554524254725923,0.05990404024971019,-1.4902358680263648,-2.5353959483480937,-1.5319153022300642,0.29646578356245173,-2.1728160936815684,-0.01900675890533865,-0.1618364362171593,0.40141002642712387
-0.020000000000000018,1.5803648539485178,-3.1947575647264306,0.780578149046663,0.5242824423878965,3.0069119793602868,0.07291451490549444,-1.198950485381161,-0.5944634771712561,-0.12317418336388547,0.6465706499325565,2.599536021545852,0.34744945314131326,-1.453782841779577,-1.9610546030642622,-1.2924807151677826,0.21592368957096492,-1.734655302056212,0.20638871174277462,-0.08735548372934707,0.3719233682823494
-0.018000000000000016,1.812194105903931,-2.751933707360582,0.6656339217616365,0.04892191989050698,3.2038752719936516,0.2568236467930755,-1.0405610284808473,-0.7971388696826512,-0.29530296408625,0.0023764171422679947,2.2919093817832827,0.6357728501990583,-1.4096714820913752,-1.2670922138541176,-0.9715051197152235,0.09484989808611921,-1.3468696434378664,0.44531724741198153,-0.023466687096855638,0.3412963296174467
-0.016000000000000014,1.9969113187442276,-2.233376503498253,0.6865748030904045,-0.5146658986382513,3.238455817535338,0.37997707829179606,-0.8628002592617993,-0.952984231422279,-0.44148909408554604,-0.7350218956235558,1.8541145974407927,0.8940004002855002,-1.386319326270744,-0.4903012721298825,-0.6211524631049575,-0.059681622351493546,-1.028816423935615,0.6667448546711305,0.021676104429822922,0.3183640996819305
-0.014000000000000012,2.1016289024374766,-1.6828139809443337,0.8619197897348311,-1.1253411499029224,3.1104137482062857,0.4636970213679661,-0.6758392896998288,-1.0536374816911163,-0.5599605540099951,-1.5168792986945672,1.3214162039437745,1.0937621861860698,-1.4063226075693844,0.3228839273752008,-0.29012705620099444,-0.24082969067313853,-0.7827426048056718,0.8474664394182576,0.04381636135988386,0.3120249978626976
-0.01200000000000001,2.097982560718137,-1.1451781290130727,1.1926977807881087,-1.722483819104924,2.8369790320578114,0.5329971225208445,-0.48827263627895534,-1.1000266440054018,-0.6479185421693839,-2.2855422515318384,0.7389407557090982,1.2140821317506059,-1.4807910500104127,1.1208444690014223,-0.014807814795615992,-0.44091030671404907,-0.5959076055792201,0.974441783215294,0.04372926869769154,0.3257011316736911
-0.010000000000000009,1.969023495859734,-0.6625365644309353,1.659764616975448,-2.2329010159948344,2.450139657076086,0.6117957504956729,-0.30656276283159556,-1.1019776904467993,-0.6996164105679501,-2.9800208623607394,0.15717680487685803,1.245690869582375,-1.6059389366997436,1.851992499620902,0.18607619493059174,-0.6499772032589969,-0.4451894367713569,1.0445717516424915,0.027306153205400426,0.3543881718413816
-0.008000000000000007,1.7140763235387493,-0.27048567462685935,2.223163304853029,-2.580971012382796,1.9919945369584513,0.7185186782277305,-0.13539148826478842,-1.0766380661958472,-0.7065337808926972,-3.5418970471281948,-0.37275305927746794,1.1938043052327574,-1.7626560546839847,2.470254194718253,0.31215805487687653,-0.8551490496823811,-0.3034369948381328,1.0626968583265546,0.004486334931069542,0.38832675905463226
-0.006000000000000005,1.3503409303040188,0.005111753384752671,2.8246676882628345,-2.7007237380383455,1.5088658325454738,0.863132356917733,0.02111350117447175,-1.045875050514156,-0.6596848669661113,-3.921542728261699,-0.8037340222364462,1.0784500861912036,-1.9190693160055519,2.9401668035681414,0.3778432342495294,-1.0411597806330994,-0.14635688724995433,1.0389309202457673,-0.012751293503413185,0.41808331561571016
-0.0040000000000000036,0.9109074148949017,0.15081337589356447,3.3940450300561387,-2.5480567221267494,1.0451369563899213,1.0461989401564211,0.15770243946743012,-1.032582974988816,-0.5531898773356989,-4.0844547874780535,-1.0970819222920367,0.9317205339049075,-2.035605143584545,3.2407296328116733,0.4059970713173274,-1.1919174746450563,0.041629976652809764,0.9862373301471405,-0.012876122264373365,0.4368858351095728
-0.0020000000000000018,0.4398265233306401,0.16707590111105852,3.8583769447210328,-2.1108823061375817,0.637843339999448,1.2599540869627999,0.26657432618299437,-1.055945951187812,-0.38786364919607297,-4.016949972771054,-1.2267240088859175,0.7918900121780532,-2.071752765691942,3.367252516376106,0.42108727108279553,-1.2924689021926268,0.2640044726106534,0.9185563761697922,0.01276967859235374,0.44115040457265453
0.0,-0.014487494344692875,0.06789113975469663,4.152673403694293,-1.4149537542608033,0.31276952611336095,1.4907914156008093,0.33677762534151146,-1.1263364163908387,-0.1737511276314052,-3.7298682881315073,-1.1829581851338875,0.6951491867870426,-1.99348396530134,3.330979528744022,0.44363384230285774,-1.330691367197396,0.5119709491264893,0.8492514311796493,0.0680754139029368,0.4305170726987394
0.0020000000000000018,-0.4061895893486685,-0.1216676552448206,4.229548883318086,-0.5236491423580183,0.08243488585570014,1.7222391861878867,0.3547011913178484,-1.241251457212291,0.06906184397895787,-3.2586734958508066,-0.9751603575099927,0.6666422312470165,-1.7800542904641192,3.156872697661889,0.48683293306275643,-1.2982161095107112,0.7672561368523536,0.7895286403540237,0.1511253629076161,0.40768486434088647
0.0040000000000000036,-0.6982653933282432,-0.36973885354820124,4.0659963468491656,0.46888690876948097,-0.05384197887243469,1.9377450831853595,0.305722614553645,-1.3838836932292755,0.31171750986509345,-2.6588215218197733,-0.6323497068948343,0.7131293809986315,-1.4287585590682514,2.8801846803595796,0.5552095530957737,-1.1904969149281,1.006895970010855,0.7467254383419349,0.2542253813522447,0.37785160338833707
0.006000000000000005,-0.8674337564359571,-0.6430284977204823,3.666102969975052,1.4504098280768036,-0.10777284799026354,2.1230193112156,0.1769969357487563,-1.5252785899175092,0.5200237133666266,-1.9967103862984907,-0.20055127739158252,0.8195412615164059,-0.9563528700221543,2.5423350181477575,0.6447341572331471,-1.0064119983530109,1.2086906038682095,0.7226527167449017,0.36505368287576717,0.3474779858785565
0.008000000000000007,-0.907170598392272,-0.9119781365654211,3.059560694581905,2.3069314058172203,-0.09829860352822384,2.267854992709695,-0.03891869803913717,-1.629779317734517,0.6597136127599776,-1.338391235292847,0.2633193713024713,0.9508745489363462,-0.3965272855725889,2.1864399568511446,0.7441006872555007,-0.748084838276137,1.356098820823279,0.7124087726824536,0.46878634168438066,0.32231775405148416
0.010000000000000009,-0.8284730718460571,-1.154411172942887,2.296683889382839,2.939869232369646,-0.04735870849770518,2.3671961594704656,-0.34039123677977434,-1.6623345650254626,0.7025916219605643,-0.739332873920852,0.7001286773777631,1.0594469013983494,0.20602129144935544,1.8527977639061457,0.8372115210623298,-0.42157502399936253,1.4416683361239246,0.7042668064949081,0.5507780859991217,0.3054114066348778
0.01200000000000001,-0.6581986961717614,-1.356823309240844,1.441162844620203,3.2809299528812015,0.023330714498844385,2.4210818384090182,-0.7140214877099683,-1.595904182026263,0.6322175555247269,-0.23807941124428603,1.057887485688774,1.0958235181661702,0.8031702426390551,1.5746550678191702,0.9067435556109158,-0.038670130400317304,1.46843408788375,0.6811520771826587,0.5991606513406138,0.29659056887886714
0.014000000000000012,-0.4350865685498456,-1.5132639808456414,0.5618878902596522,3.30208378516451,0.09375930806952237,2.433262558406864,-1.1337656421982683,-1.4175538736666076,0.4478521954643742,0.14512886388307342,1.2996471447082236,1.0204263622599254,1.3503044377654883,1.3746241435175814,0.9381192439819872,0.3807096217214516,1.4490498649882575,0.6236724007653579,0.6067143197608836,0.2941475125463802
0.016000000000000014,-0.20388800330079282,-1.6224443094694507,-0.2750443870645417,3.0188988862215074,0.14580034145075504,2.408763881088003,-1.5622890203180448,-1.132234645669284,0.16590180971064072,0.40574188278668766,1.4082110438573783,0.8126333192001065,1.8107947273108995,1.26220078256286,0.92283864282316,0.8066717193816856,1.4028785487098592,0.5139750698842134,0.5716339049536467,0.2968787628154737
0.018000000000000016,-0.008440614139135327,-1.6842092835504499,-1.0132650932215808,2.4867545774365007,0.16322991420120858,2.351172579961864,-1.9545829344168424,-0.7634310732367948,-0.18132817846596172,0.5504834743641478,1.3869284779091413,0.47515888785885463,2.1575124125486984,1.2329199062815321,0.8601908421081327,1.1994777667718228,1.3517638353294341,0.33944627970547775,0.4972100987470027,0.30430794188835225
0.020000000000000018,0.1150913141897476,-1.696759330523614,-1.6111673316295612,1.790786151494801,0.13258256209233132,2.260665671221735,-2.263449701420209,-0.35025408037637384,-0.5494838625014316,0.5932310211808037,1.2569314028039593,0.033090209222870204,2.372186944241137,1.2696149522795885,0.7567986429742825,1.5125882744650512,1.3154550723019067,0.09550254050036111,0.39074502513985476,0.315166952035755
0.02200000000000002,0.14350363921505283,-1.6557847408613915,-2.0443114521044166,1.0315361049890852,0.04510823123400054,2.133702129637101,-2.4459702172517566,0.058551749630079,-0.8884256862082083,0.5522165015033197,1.051951411350461,-0.47159312577287005,2.4440469811843517,1.3458359704751253,0.624185089948311,1.6986393892880005,1.3075761177607257,-0.2129747192780692,0.262099631929939,0.3261373274278223
0.02400000000000002,0.06942195232234338,-1.555900102760603,-2.304964042003565,0.3090038924061481,-0.1007175419408799,1.964795018354896,-2.4697166004003033,0.41224694429931286,-1.150320402527879,0.44835852356136097,0.8121817448838471,-0.9882346899542254,2.3689830695605942,1.4308248340659164,0.47533345412442785,1.7173400583585732,1.3328299686829557,-0.5718197459116046,0.12220257417340637,0.3323694792173345
0.026000000000000023,-0.09860788712774815,-1.3937116906136366,-2.3992209038706767,-0.29197066416306455,-0.2972163404563879,1.7498874461815732,-2.317487238537129,0.6655767148767059,-1.2982068776539735,0.30392544305047475,0.5785200750083526,-1.4662818225613017,2.149771074147761,1.494909458948043,0.3215296721113873,1.5435235475147175,1.3859509461356336,-0.9593428351255084,-0.018247326785265378,0.32937625690399214
0.028000000000000025,-0.3386529035560542,-1.1710719248102184,-2.3426738539494436,-0.7123801162871131,-0.52719854424947,1.4899824816588818,-1.989732017817368,0.7846852649429856,-1.3130488981961272,0.14088595587911742,0.3879435018863848,-1.862669528100577,1.7971511590857987,1.5140478490871863,0.1703678496781677,1.1733419662351663,1.4526380559321892,-1.3491659942635565,-0.1497527609357806,0.3150527819872963
0.030000000000000027,-0.6199504282604354,-0.8970280846384735,-2.1558157143440257,-0.9241879148835701,-0.7659500857499792,1.1934621406470445,-1.5044368885262358,0.7508196202811118,-1.197393382410202,-0.021193602558309627,0.2699771309149559,-2.146624341324625,1.3310621206401088,1.4725788293448687,0.025079517109925953,0.6270345025111761,1.5122784712588093,-1.7132832788482024,-0.2646428549353366,0.2911524034436417
0.03200000000000003,-0.9084674867977205,-0.5876001141769756,-1.8603517195284076,-0.9298839424819343,-0.9852753844076847,0.876122686737144,-0.8948386068426007,0.5618496205229527,-0.9746339965884476,-0.16744860992939695,0.24373449558805182,-2.3016980999806593,0.7811987931282075,1.363908100210293,-0.1150703481791866,-0.05225653013357612,1.5419329496899945,-2.0245880854271494,-0.3574092376998388,0.2641410973650044
0.03400000000000003,-1.172238375017317,-0.26335172836623066,-1.477222468543653,-0.7577627689837891,-1.1586056146898531,0.5588654920489509,-0.20571570644324633,0.23201593620183333,-0.6840704713013281,-0.28972983508418193,0.3151709977414884,-2.3255300257361413,0.18627723679973784,1.189579793583953,-0.2536027837398217,-0.8030843086108445,1.5209512573747772,-2.25865948665786,-0.42481738107908484,0.2447854263985313
0.03600000000000003,-1.3854623429487354,0.054592506295867205,-1.0264811109592702,-0.45467320316031484,-1.2659228617871185,0.2637026160946151,0.5109633917624873,-0.20964383227293656,-0.3730192861882715,-0.38768924135660643,0.47483949372731593,-2.2280097498216724,-0.4081996154510067,0.957594397442264,-0.3951059775028415,-1.552728633413036,1.4355115188052652,-2.3952966283460198,-0.4658349199488897,0.24375699553792687
0.038000000000000034,-1.5307999032997488,0.3489438706610368,-0.52848464527914,-0.0776201290303356,-1.2974847500967932,0.009141435345787867,1.2004259495721787,-0.7220161635988595,-0.08797293888369939,-0.46829219225543395,0.6970697604087234,-2.0283836125675823,-0.9535430490495121,0.6808161585217809,-0.5432896420290153,-2.2258102311647443,1.2821819235509664,-2.420587840246687,-0.4814281110800599,0.2630705165179035
0.040000000000000036,-1.5997975760352074,0.6097020846596508,-0.005480668625341911,0.31480118947368374,-1.255795620226223,-0.19379914861737418,1.8091045486041724,-1.255896419727977,0.13297993807163505,-0.5434670794854621,0.9416287625436147,-1.7517399525946016,-1.4025875916802901,0.3759836578502249,-0.699181090960261,-2.7537179899557582,1.0695269098155133,-2.329782286453989,-0.47430657407466614,0.29409236225786156
0.04200000000000004,-1.5918896613035927,0.8354778371890754,0.5172808630675314,0.6701748666030478,-1.155671798896322,-0.3437284888450409,2.2880941226262768,-1.7592432574557066,0.2647630967649222,-0.6263066729441219,1.1583513896453355,-1.425374072579002,-1.7152136993141105,0.0633235052028378,-0.8598195492243282,-3.083736231492707,0.8171276811910826,-2.1301812582842246,-0.44869840711383596,0.3251185227604806
0.04400000000000004,-1.5128708935158388,1.0320929366364282,1.011459440182192,0.9482103864653966,-1.022423335601674,-0.4484245726994961,2.5961347286816414,-2.1831840538345597,0.29629985865484376,-0.7269674667693393,1.2942029855004984,-1.0756432604945385,-1.8641877410774716,-0.2337463473454091,-1.0177940019017844,-3.186343146134273,0.5521072927095763,-1.8426014504402093,-0.41020436894355655,0.3471016337638809
0.04600000000000004,-1.3737541510817124,1.2088084950536315,1.4467553354216536,1.1240960917386302,-0.8882337383368539,-0.521939713606178,2.7022810755506055,-2.4878186023416,0.22835429904809534,-0.8497418853840524,1.3013521776039925,-0.7258504312874194,-1.8403822698631975,-0.489553739183596,-1.1619345494193816,-3.0592743404436384,0.3039995787280325,-1.5002920482980016,-0.36572935645005494,0.35481841631761907
0.04800000000000004,-1.190367688280775,1.3734966430494666,1.793158659406656,1.1890969113668801,-0.7870608017274374,-0.580425878235672,2.5882352502880512,-2.646920171342876,0.0694894152029153,-0.9924062268586953,1.144589861682518,-0.3954054596798593,-1.6560420071473607,-0.6782388587412482,-1.2792417752415743,-2.7277232708743324,0.09923833769895252,-1.1451765719041076,-0.3234279795188054,0.3466377611807613
0.050000000000000044,-0.9832945802980739,1.5284578088829823,2.0239364449396633,1.1488955900340379,-0.7488190406942961,-0.6382972285013128,2.2500398526139516,-2.650997046795755,-0.16827787098113933,-1.1479842211212954,0.8067708921870559,-0.10018264822898004,-1.344839147454235,-0.7768843548376714,-1.3576988540629698,-2.2409387848805364,-0.04349664002270792,-0.8221571234397458,-0.29254260848116814,0.3243884033969056
0.052000000000000046,-0.7774109525379909,1.6680960995410443,2.118749100448975,1.0205534932425901,-0.7938786062134116,-0.7060096123638832,1.698689369562226,-2.508458120111218,-0.4727395544715032,-1.3081052736167609,0.29144648938921397,0.1462661263508912,-0.9581841148520621,-0.7690829934184953,-1.389214506175731,-1.6659443631803539,-0.11628125451642823,-0.572591921444501,-0.2830055885759666,0.29361235583855505
0.05400000000000005,-0.6005056528085964,1.7787420678410024,2.0662039174799207,0.8289035804400471,-0.9288592385364611,-0.7898457801990763,0.959375515022028,-2.244758049882601,-0.8329351127311675,-1.466735535256934,-0.377701741885742,0.33124374896775866,-0.5583377610546932,-0.6480302748258449,-1.3718659144116612,-1.0792374948993682,-0.1230649025503685,-0.4281146706189132,-0.3047512944394817,0.264015138112548
0.05600000000000005,-0.4808924244781024,1.8402494924889627,1.8652910120043713,0.6028231661848953,-1.1445155833528091,-0.8931964947269794,0.06953349742437909,-1.8996060491016964,-1.2388043941986584,-1.623149465593745,-1.1604311866892856,0.44202405987509086,-0.209793022825974,-0.41835489485873945,-1.3109107150334771,-0.5575310913990333,-0.07906902486583656,-0.4059192370248641,-0.3667917975650834,0.24846262194315172
0.05800000000000005,-0.4442476391764094,1.8288295627240516,1.5254927027722327,0.3714832388755525,-1.4162872202141925,-1.0183982037939872,-0.92370840454557,-1.5226504743901297,-1.6796519518197726,-1.7832012333002052,-2.0055623426573144,0.4662825321288585,0.029256376581510257,-0.09634994141649522,-1.2185594052428632,-0.1688855204905344,-0.008762888482599651,-0.5064421970285811,-0.47618683385980276,0.2566824752215483
0.06000000000000005,-0.5101837705894837,1.7206875053912236,1.065745586197663,0.16058517194779637,-1.7076838611454452,-1.1683376413828883,-1.9660780611354092,-1.168220443866237,-2.142273081809772,-1.9582408035712384,-2.8572276105186587,0.39394304501967026,0.11389712683907538,0.29125176585768286,-1.112880731622262,0.03439254309449591,0.05727770764164175,-0.7139545972376493,-0.6370722306049886,0.2868697118391789
0.062000000000000055,-0.6893013144215777,1.496103244747616,0.5126367441981187,-0.011222965201927337,-1.9761372508015496,-1.3474443021630422,-2.998610965584314,-0.8895428635900292,-2.6096581678111144,-2.1616674913853267,-3.6605177866563787,0.21980060332484874,0.017219571918856813,0.7095998578526191,-1.0161391752231466,0.020096695131199716,0.08624677665425051,-1.0000181300307838,-0.849919828835649,0.32815878881528815
0.06400000000000006,-0.9814314781894526,1.1435341973918007,-0.10185244348922262,-0.13532751583367214,-2.1804624379154998,-1.5619571587359202,-3.9604708993383926,-0.7326528412892653,-3.0610632217021716,-2.4040417792404543,-4.36601330884344,-0.05404596349962598,-0.2673530393876289,1.1189089998838369,-0.9525188616816774,-0.22260934531947585,0.04721633886186993,-1.329260699525506,-1.1111889698807724,0.3693946165346463
0.06600000000000006,-1.3754961261100493,0.663146983684049,-0.7429339609134026,-0.21504537161695375,-2.2886345732703335,-1.8193952048905333,-4.792726174986608,-0.730432161518994,-3.4737482217733833,-2.688354591777024,-4.933319419615877,-0.41678773879661035,-0.7260967115697822,1.478490379590467,-0.9451160812583489,-0.6845468039502357,-0.08503394575196244,-1.6665360214564737,-1.4134758747767808,0.40294828551024664
0.06800000000000006,-1.851129059442808,0.06902253718045359,-1.3758824504704608,-0.2660958333492833,-2.284231483926325,-2.1271726642536635,-5.443225080488259,-0.897816563197199,-3.825904559299588,-3.0070461041755414,-5.333906184629736,-0.8489840006597684,-1.32724859247097,1.7515885143950913,-1.0124901742086472,-1.3394152504611947,-0.32688097249269643,-1.984148413960976,-1.7461647964395317,0.4248518548389598
0.07000000000000006,-2.381959495284308,-0.6107034940648921,-1.9689980879677313,-0.31548084004706606,-2.1699465448859776,-2.4904292396994667,-5.872013242571334,-1.2295862660415582,-4.099702417386782,-3.3417388245786124,-5.55341575728594,-1.3240822493241562,-2.0251122399034402,1.9105816788464194,-1.165558703450634,-2.1470930976584492,-0.6837549714511726,-2.2674939379178083,-2.096471540592939,0.43427654754997663
0.07200000000000006,-2.940082812272367,-1.3361861273385682,-2.496305119980756,-0.3986050144102295,-1.967284190515566,-2.9094150591810544,-6.056215585785399,-1.7017127096865747,-4.283450707222585,-3.6657819507900324,-5.5933814579257515,-1.8109435736651154,-2.7654102777472347,1.9416338035391711,-1.405697960388435,-3.056930839343898,-1.149322883810532,-2.517534951714871,-2.4507015232355447,0.43299388232927105
0.07400000000000007,-3.500803343311823,-2.0605761731751615,-2.9396239960643635,-0.5543739997532697,-1.7126320852821937,-3.3770486601813547,-5.99325758416941,-2.2760693943574064,-4.372507784697822,-3.948962277152453,-5.47203154622728,-2.276885683632465,-3.4913068406552643,1.8476889830837406,-1.7244567774156079,-4.011490774199979,-1.706064705215523,-2.7492754428706743,-2.7955376714043507,0.42470898028835846
0.07600000000000007,-4.04653129424681,-2.736370073889542,-3.289766173006,-0.8182586011197097,-1.4508096215912298,-3.8773395805475244,-5.701691826239025,-2.9071220514853393,-4.369313457354016,-4.1633783179442405,-5.223565322189381,-2.6909134061427586,-4.149669081824303,1.6488597754655756,-2.1046438132658727,-4.951332727345466,-2.327205884923683,-2.986662961885999,-3.1192063566408508,0.41418658019204246
0.07800000000000007,-4.5688971911751395,-3.322182638384532,-3.54666137345533,-1.2141557103190512,-1.2276070786100728,-4.38522001573386,-5.219429388034007,-3.548689019654685,-4.283223239247031,-4.28947508524446,-4.895267863567455,-3.0268603746103007,-4.6971820033926175,1.3797090913714478,-2.5221791553215005,-5.820726306141782,-2.9798332919433115,-3.255482923721096,-3.4124090870658215,0.406217726856818
0.08000000000000007,-5.068608811467152,-3.7884289077608564,-3.7182666078069007,-1.7468840940979724,-1.0827559109309133,-4.868152846426269,-4.599627599545003,-4.1592155192401,-4.130498811703848,-4.321227997508315,-4.542330783932406,-3.2660756557144173,-5.105702554436293,1.0836003944734311,-2.948246539534502,-6.573301536563373,-3.628812997971118,-3.576228115616098,-3.6689313830990056,0.4045596585547187
0.08200000000000007,-5.553129515139059,-4.120579252485225,-3.818309321995833,-2.3975755966686,-1.0443660548188605,-5.28970074652574,-3.9048704758171477,-4.704904038698521,-3.9341114349857205,-4.269263820281668,-4.2211248310614105,-3.39925838610854,-5.365853708046209,0.8050605594425773,-3.3517089212692404,-7.17636037744463,-4.240897034034379,-3.958558146700893,-3.8858617279243948,0.4110728803448838
0.08400000000000007,-6.0326946647501485,-4.319382973546436,-3.8632919596674666,-3.123727120493414,-1.125393938881358,-5.614862654835363,-3.200592282477091,-5.160925441364455,-3.7225650129850627,-4.160733200732252,-3.9823438175806087,-3.427196137097004,-5.487776873334883,0.5817026980813491,-3.7020020211378646,-7.612905207408058,-4.788292219145555,-4.398234020853296,-4.063400936011609,0.4253586217230384
0.08600000000000008,-6.515358850588453,-4.39834331421422,-3.869466980436381,-3.8645198872839934,-1.3223828941902969,-5.816379955106794,-2.5487652144150297,-5.51142046522844,-3.5271731846931176,-4.035449653056095,-3.865365347916267,-3.3603961204942947,-5.498539135405502,0.437430787883888,-3.97261826856008,-7.880998816034541,-5.251053879748417,-4.876708649929105,-4.204306101634285,0.4450681660715585
0.08800000000000008,-7.001800274251681,-4.379235798871202,-3.8504158185723805,-4.550669559404901,-1.6164876007299325,-5.880673197433781,-2.002617599736101,-5.749025493349027,-3.3779580417534145,-3.9389307102503213,-3.8944427776739046,-3.2177157872424904,-5.4367113849346955,0.37832653539356476,-4.144952292396984,-7.990661108163675,-5.618020088098337,-5.363011896320952,-4.313055716321679,0.46671111123313275
0.09000000000000008,-7.480809401287587,-4.286539455859872,-3.8154659736075525,-5.116898809862462,-1.9764701877254247,-5.811931061276527,-1.6027649513003337,-5.874359341677236,-3.2989651528149553,-3.9138548421029764,-4.076615587320985,-3.024064414684809,-5.34546257403404,0.39198029227707665,-4.211823045461738,-7.959149389236716,-5.886508566431477,-5.817256003987703,-4.394831025910851,0.4865825579560946
0.09200000000000008,-7.926788908268626,-4.141692185399737,-3.7687839666954215,-5.514342970094401,-2.362988867814207,-5.633230814984766,-1.3748346887081424,-5.895558199763689,-3.303881666473694,-3.9917654517795524,-4.401023210012228,-2.8072630104757446,-5.265687199492425,0.4503206743977126,-4.179589794595987,-7.805931983744864,-6.061270452626092,-6.195061234616004,-4.454409662841548,0.5015057302257643
0.09400000000000008,-8.300720245103502,-3.9582753237911668,-3.7088918766980736,-5.720035672836364,-2.733361931916118,-5.384241427018738,-1.3284099489849712,-5.827770569308094,-3.3926137518656705,-4.1867182301806976,-4.839573121695936,-2.5944296777520206,-5.230222017517633,0.5153510074065338,-4.067738766061337,-7.548565064722263,-6.152998842995044,-6.452403999329427,-4.495089970020583,0.5092622800771222
0.09600000000000009,-8.55538978426905,-3.7392769922331865,-3.628587661913369,-5.741204589402788,-3.0461893538345954,-5.115781168371595,-1.456864604366067,-5.692461694278329,-3.549441996570512,-4.4921101490708795,-5.3492324595975305,-2.408712040955085,-5.259539541623847,0.5466703245657814,-3.9053297071279007,-7.20007685774422,-6.1763530651499,-6.5506182774379695,-4.5178055344100585,0.5087400990860514
0.09800000000000009,-8.644257169903725,-3.4771913595807824,-3.5156011624081085,-5.613310613143981,-3.2655041768546313,-4.882086305123688,-1.7376818343975646,-5.516249490951964,-3.743551515291497,-4.881223836009572,-5.876222081851688,-2.2673923536862337,-5.358934544884384,0.5093501170091879,-3.7246608998190385,-6.76790503949859,-6.147462284751251,-6.461307416377403,-4.5206217759736065,0.49996018292169103
0.10000000000000009,-8.531857273424464,-3.157068325301862,-3.354512051935946,-5.392297702612295,-3.364220067439403,-4.732000633638994,-2.1333742802120184,-5.328882731888237,-3.93257818726596,-5.311265660970051,-6.362006911492437,-2.1819721264056002,-5.517306268271012,0.3807470721745614,-3.55359063428423,-6.254299855019931,-6.081189158466903,-6.17072317819488,-4.498799887480536,0.48419873480872855
0.10200000000000009,-8.202872917852762,-2.7620773702666908,-3.1301962681630884,-5.142989541039787,-3.326612087238402,-4.700433261054786,-2.593767034927565,-5.160093897400347,-4.069029945186326,-5.730100691472377,-6.750423441622899,-2.1599191481195055,-5.707854074340523,0.15510489256102056,-3.4086736465583924,-5.658186700182144,-5.9886419968411,-5.682987787724198,-4.445541939857216,0.4643169273628165
0.10400000000000009,-7.6673823847437514,-2.2806705220577026,-2.8323001027736865,-4.926456043359627,-3.149658285585331,-4.801491208052572,-3.060436669273422,-5.0353881553535915,-4.108447045671776,-6.0845178228106995,-6.994913819508335,-2.2068944459810758,-5.890966567117994,-0.15478964339017764,-3.2912240705845197,-4.978363730849937,-5.8753279189192,-5.021574187548319,-4.353377923532317,0.4451014333814258
0.1060000000000001,-6.960973495308827,-1.7138268487834898,-2.459465397735452,-4.789126357215924,-2.8432188357782353,-5.024693625368984,-3.473309203945307,-4.971201926909882,-4.017541729873335,-6.328569096309008,-7.064759982271545,-2.3280228767661373,-6.0192661316220235,-0.5191609026527388,-3.187507557604097,-4.217507949326969,-5.740149290422801,-4.228630286460463,-4.21594063857529,0.4329246683471632
0.1080000000000001,-6.139795602227062,-1.0803132789367946,-2.0219368409961938,-4.75558121727377,-2.4289915561810504,-5.335350250751137,-3.778352409227901,-4.970280972907608,-3.78050865227859,-6.430368483124878,-6.949277080692329,-2.5272917607641587,-6.044305347717361,-0.8958110223910254,-3.072900564562308,-3.386035790448267,-5.575382771396543,-3.361904878257199,-4.029688248896343,0.43376854352215866
0.1100000000000001,-5.271762497787195,-0.4179413787725421,-1.5418446460462385,-4.825826832141053,-1.9380618498717979,-5.679324567375709,-3.9346720746967434,-5.0185424760833754,-3.402129937315698,-6.375984404381906,-6.65907584682625,-2.805138967962348,-5.923914286189635,-1.237086950973157,-2.9187290150456078,-2.5046839083854247,-5.367789000425108,-2.4892989098994733,-3.795100419454403,0.44985543435483627
0.1120000000000001,-4.425850515963168,0.22023737143290534,-1.0512360612350125,-4.976923370839303,-1.4070481708794886,-5.991244150702088,-3.919435403229048,-5.0847247389534855,-2.907041349916977,-6.169817182633769,-6.223868629845438,-3.1551204088293585,-5.628910403098484,-1.4982145405067813,-2.699981957980865,-1.6048487530880653,-5.1008985188082905,-1.6815268346378462,-3.5170252010952536,0.47761183205744706
0.1140000000000001,-3.6616690824739457,0.7742582726669531,-0.5883056081078656,-5.168253586456802,-0.8733689132690374,-6.2043381654943115,-3.729715335004594,-5.123495951167164,-2.335367483060393,-5.831786639919984,-5.686921008744265,-3.5607959387847097,-5.148011742266829,-1.6455294060090118,-2.402002803179371,-0.7262468543452448,-4.758287119530788,-1.0038880444280336,-3.2040958560875215,0.5091631584907974
0.1160000000000001,-3.0212397856060695,1.1880536601521374,-0.1923579653793671,-5.349318651077745,-0.3705884813635616,-6.259907034452783,-3.381198442204213,-5.081647760743663,-1.7356702373299977,-5.392357549853981,-5.0970321681515625,-3.993746991622126,-4.490206276939268,-1.662914859080635,-2.02442792781125,0.08778387400115717,-4.3274342847792875,-0.5084750899483541,-2.8673714428994765,0.5357072170236925
0.1180000000000001,-2.524358662282295,1.419962485435878,0.1018498219270334,-5.468663206842039,0.07520296769505341,-6.114923996260902,-2.904374437513963,-4.906142518052938,-1.156675441340254,-4.886795552627321,-4.499670260154605,-4.413380825349895,-3.684252909774945,-1.5550541151194757,-1.581337377507714,0.7963534175515926,-3.803606970861347,-0.2281274434179359,-2.518555279138671,0.5501709589490208
0.1200000000000001,-2.168177660068435,1.4503561276764028,0.26956789549046956,-5.482428192787859,0.4473714576574037,-5.746975542489238,-2.3391531803263166,-4.552533437471272,-0.6395190290345586,-4.3500879514172395,-3.9292784259280147,-4.769094305330777,-2.775339637147063,-1.346885621056747,-1.0979022386718156,1.3672473560623248,-3.1930588994371094,-0.17303052047514678,-2.1682734335975002,0.5485172397532692
0.12200000000000011,-1.9307654117448723,1.2847484612221558,0.30040104879670404,-5.361086696035982,0.7388991553194149,-5.156234680247197,-1.7289277468344615,-3.992540451695252,-0.21219236625703797,-3.813577395183281,-3.4045186667258482,-5.005184940450988,-1.8192902533817596,-1.0794963369388542,-0.6050655521901086,1.7822957335808591,-2.514720777785567,-0.33021559508001275,-1.8248595817573383,0.5301741454638126
0.12400000000000011,-1.777483754063893,0.9521011970853973,0.20068180695953852,-5.093131259395091,0.9508961839845906,-4.364446739086443,-1.1150967428965561,-3.2198640563369185,0.11271206604602335,-3.303544814777399,-2.9274135630535003,-5.068238757925316,-0.8751901506661673,-0.8032146604823462,-0.13408360671311492,2.0410768984810477,-1.799674988668572,-0.6656867018262189,-1.4938667579630518,0.4980361660232783
0.1260000000000001,-1.668390494008961,0.4993004976444435,-0.006728320346710337,-4.685058154853585,1.0899729834918752,-3.4113054966577283,-0.5329574156637568,-2.25338604467377,0.33688901576448893,-2.8411154713767695,-2.4863758469543393,-4.91576062420911,0.00219482468722354,-0.5688998216355179,0.28795892073665863,2.1621565347404528,-1.0881782509372844,-1.1286558886184412,-1.1782410584928238,0.4582313023343936
0.1280000000000001,-1.5649144974256284,-0.016495585099846832,-0.28528169608857323,-4.157993539715643,1.165307690625343,-2.349127637748476,-0.009536169434334107,-1.1370049394280073,0.4728030338934557,-2.442476308612195,-2.062295659383542,-4.524218102602715,0.7686480571435564,-0.41865096500069243,0.6414337490282512,2.1811545532573478,-0.42468176352275,-1.657225641609204,-0.8789197456513141,0.41952470419559795
0.13000000000000012,-1.4346728322742954,-0.535917894847016,-0.5896757514075209,-3.5422551296848392,1.186388011347797,-1.2369896998484762,0.4366465321227033,0.06417443529491726,0.5392395434870625,-2.118668850818942,-1.636250362339162,-3.8948215420892995,1.3942026718081149,-0.37750857618172806,0.9163569684538595,2.1454677558945465,0.14815227707921563,-2.1847179610278435,-0.5956028002794947,0.39165451640019716
0.13200000000000012,-1.2541109364033944,-1.0046138626753538,-0.8718933205540601,-2.8714383854483545,1.1621342000905215,-0.13521339000505728,0.794453202085123,1.270845976509164,0.5572796878422448,-1.874816973655739,-1.1970042915180565,-3.0559291676689,1.8638865036612025,-0.44797949586305075,1.1133892497139295,2.106343646898074,0.5953468624761531,-2.645938948572298,-0.32751441350488064,0.3816681279428343
0.13400000000000012,-1.0093423053411394,-1.3789986641660643,-1.0873321486203182,-2.1772273077200395,1.1014281671550163,0.899460170584999,1.0585810335202892,2.39864925301541,0.5475235771130412,-1.7090789989793784,-0.7463400694638664,-2.0615142599618363,2.175815331971154,-0.6089494873376551,1.2433464271308736,2.1097956673924916,0.8946316773151262,-2.9830248347729316,-0.07403204284249044,0.38969231618676153
0.13600000000000012,-0.6959533372146598,-1.6302059525197414,-1.2002464671959512,-1.4855769537234298,1.0143863333109264,1.8180196517836857,1.228510237031991,3.368124285153356,0.5287249003447044,-1.6117511764208072,-0.30055885607948474,-0.9856733465240675,2.3374636730987945,-0.8195220148694933,1.3250192915509225,2.188291467888886,1.040076659384964,-3.1506737625689394,0.16491414624620304,0.408707987312693
0.13800000000000012,-0.31846008100914736,-1.7458605637955995,-1.1879625345358464,-0.8146033963405668,0.913504230388432,2.5826258366336985,1.308427980271226,4.114111399641881,0.5174488335341342,-1.5649728073988733,0.11262183790001012,0.08617314229415829,2.3612488004890593,-1.0268696693364767,1.3814731690424353,2.355090486969843,1.0438218062171516,-3.120195062956981,0.3887568560004743,0.42891148328900164
0.14000000000000012,0.11035980898346165,-1.7292735679671125,-1.0433687583142084,-0.1743703096716091,0.8141128638651193,3.169010189450348,1.3079207818229732,4.59337202054731,0.5281582600375379,-1.543447451396437,0.4611137024982713,1.0681109749051279,2.2606214793142434,-1.1759980468061249,1.4354486598837886,2.6025126613845417,0.9353709118619311,-2.881363150787575,0.5965717238673103,0.4418816120954542
0.14200000000000013,0.5705306217410369,-1.596088576011374,-0.7751831159495378,0.43151540268211425,0.7340032781780161,3.5672753626707325,1.2427266439740163,4.78948105383755,0.573312552017045,-1.5164018209076418,0.7173625071062716,1.8850505071056811,2.0476820036253236,-1.2189657518698327,1.5048232431782207,2.904486602393245,0.7582690748652077,-2.441337400785901,0.7876967882138985,0.44225410341100335
0.14400000000000013,1.0368292874511191,-1.3691202880348914,-0.40579676968074196,1.0030931534519865,0.6922643593641277,3.7807735954300887,1.1347907096583745,4.714429404001715,0.6633567928978263,-1.450705477050047,0.8663867737265004,2.483081550231996,1.7329940841437352,-1.1217313130479523,1.5991674396961986,3.222769460943692,0.5646472099671307,-1.820996839110124,0.9625685074467074,0.4279096977236104
0.14600000000000013,1.4819560115352954,-1.0726106005892309,0.03292853905198734,1.5411025113768446,0.7073901493340613,3.823437412142578,1.011156438618574,4.406834484484434,0.8066205690292485,-1.3148022878965915,0.9107129082293863,2.8375302270627856,1.3277129946055721,-0.8680008980793388,1.7181767943383979,3.5154195734218496,0.4086399637745328,-1.0501234728760647,1.1235600731980178,0.39982887354924934
0.14800000000000013,1.8807672679145104,-0.7271812667290813,0.5050304810913397,2.0450339560739907,0.7947176990095103,3.716628154474379,0.9016042995410484,3.9271024248200233,1.0091209644353138,-1.0828462904646832,0.8712072551231922,2.957364711538976,0.847377862081898,-0.46042862777558535,1.8522407394620966,3.745559377377929,0.33978041168491036,-0.1630837648450314,1.2755553141563745,0.3621128497217815
0.15000000000000013,2.2148222090779255,-0.34654667467644173,0.9759041967612455,2.5127859307211353,0.9633421969537501,3.4866517943011153,0.835306375906081,3.350232449554695,1.2741665753874212,-0.7382272509778783,0.7840828293200284,2.884745975773581,0.31602248200250227,0.08022203545600837,1.9847959147218832,3.888401211082571,0.3972862300550899,0.8040409765962018,1.4260019698898283,0.3222198136629765
0.15200000000000014,2.4761291830007552,0.06333683341452956,1.4168269136291793,2.9417780428561797,1.2129108343020667,3.163465007172569,0.8370344322528447,2.757175099252185,1.6016206160755693,-0.27575609972918613,0.6951874919484791,2.6892209078173988,-0.2309932516282116,0.7175718298169675,2.095677399112499,3.935019512429395,0.6059154872381893,1.814842528675796,1.584275709313178,0.2907111992647962
0.15400000000000014,2.6690288546046936,0.5026588576053632,1.8078163920079522,3.3308610763283046,1.5311466531747169,2.780267791028031,0.9235915711920043,2.2257566496885888,1.986885097591609,0.29775278679464545,0.652982569362828,2.457231454072314,-0.7467154948498566,1.4035948153348232,2.1647019912765564,3.892308270908113,0.9738320604308883,2.8329904038915354,1.760371766691284,0.2781754170071027
0.15600000000000014,2.80955986512277,0.9744865826156555,2.1386200554320705,3.6822115391750403,1.8933466816626863,2.3732072800931996,1.1012153132500693,1.8221767972889884,2.420088224371056,0.964230372702733,0.7015672964641293,2.2787393198552346,-1.1754388469543748,2.083904421007916,2.1751902781751253,3.77969387771834,1.4926562929836238,3.8223001835280592,1.963208640805129,0.2881164328865052
0.15800000000000014,2.9222465168670197,1.4811851379757326,2.40821636576014,4.002391953905481,2.264995019768609,1.9804494325400985,1.3647939693231157,1.5939943451839391,2.886212980582371,1.695951475564627,0.874862401372273,2.23333027011041,-1.4583266048497219,2.704110774333917,2.1175689198728134,3.624076251262587,2.139620839204279,4.747148799568215,2.199046047130328,0.31359950987467244
0.16000000000000014,3.0348818349690925,2.021693705536731,2.6235296427572288,4.3018942780004075,2.607807866834243,1.640276868838728,1.6996052517655467,1.56531131532983,3.3666302772367342,2.457693533915322,1.1926983017684005,2.378088394834885,-1.5407888278408381,3.2167576089388854,1.993022321811269,3.454721520484786,2.8815029903985994,5.573821644207342,2.4705082516548442,0.34350757451098923
0.16200000000000014,3.172445253216111,2.5901373248288073,2.797939723770611,4.592966000857359,2.8882146462829583,1.3883723410728097,2.085570752103626,1.7345509896395466,3.8417874736910105,3.209507983717516,1.659103757826686,2.739136035106046,-1.3803150069095866,3.5878680639566882,1.8164684233453285,3.29933567317829,3.679686156200452,6.272923012058088,2.7764277002190187,0.3693281361446022
0.16400000000000015,3.3516276410878962,3.1756637577331692,2.9496799648378116,4.886245747718897,3.0860500305825243,1.2546955377576254,2.5028696892676616,2.0749761985253214,4.29414957794712,3.9103129255928466,2.262647448437324,3.3082125094759567,-0.953532924136098,3.801706213771423,1.617625710243416,3.1816589686915258,4.495331445244014,6.822290841701747,3.1123450713600107,0.38708430477159766
0.16600000000000015,3.5773311181030527,3.7632040189649754,3.0996979190249045,5.187269157098742,3.2007470554683533,1.2602699155732555,2.9369076059172494,2.5380845890100696,4.710327503917341,4.522305347184695,2.9783750438318677,4.0448605404353355,-0.26147089741135365,3.862524014108577,1.4391210899863753,3.1201412593390687,5.29343179188925,7.209432512454317,3.4712533102720045,0.39664711340870007
0.16800000000000015,3.841910876022375,4.3349067313952245,3.2684997281878503,5.493969145346384,3.252964523088572,1.414105531028147,3.3807633241759616,3.0600374668587866,5.081716394434718,5.015715041940613,3.7708419681171286,4.88367478123687,0.6678400361636397,3.7929392252790803,1.3313185391961475,3.126969523339209,6.044734782367612,7.432663447846975,3.8441983925569607,0.40019872590682504
0.17000000000000015,4.127101416976904,4.872050483739089,3.472087636000503,5.795977360889846,3.281075275572534,1.7106948285533639,3.8343502681554935,3.570856885483477,5.403688696061833,5.3729802191162825,4.597930308365446,5.745026003502222,1.7801158965986854,3.6296497919048356,1.3444194277781518,3.207037829622636,6.725225571348292,7.500700099611224,4.220609333293378,0.40040806581878674
0.17200000000000015,4.407960017869766,5.357200199972654,3.7179019054913507,6.076056819120974,3.3334608672619135,2.1288785221209054,4.300978236123497,4.00518403861325,5.674079472733183,5.591265118021295,5.415260018398575,6.547120500263821,2.9992333634224906,3.417763022076576,1.5191652813067664,3.3571152770485413,7.313843969653793,7.431003079345281,4.588526094935812,0.3988817553621616
0.17400000000000015,4.657967091927824,5.776270660153773,4.002115141955114,6.313507500085338,3.458427353113268,2.632954104344771,4.782968893073437,4.312524151861554,5.891973538124173,5.682438327605429,6.180835057269509,7.217288669367305,4.23501427638075,3.20489924718344,1.8780723876287158,3.565905576522791,7.7899352691348565,7.247395307091363,4.935027364045746,0.39556777826737655
0.17600000000000016,4.854457343002679,6.12011439878099,4.3094658160985055,6.488920421832354,3.6937724963182204,3.1764526299988574,5.278042071109765,4.464800870300885,6.0575276844944685,5.670195852906172,6.859272471009357,7.7008938437791095,5.393469498389256,3.0357401773383903,2.41934564298418,3.8154714917706896,8.132160601467321,6.977442127259918,5.247085857713396,0.3893261800695509
0.17800000000000016,4.983522016897153,6.385363634054602,4.616126819329401,6.589179754430306,4.057984722508396,3.708223627887618,5.777557832346757,4.459807342421028,6.172989132761696,5.584914722191796,7.424900008017621,7.9669865823538455,6.388111251185041,2.9473066375443784,3.1151735955051425,4.0838205640798355,8.320043812246091,6.650017496881228,5.512890530702329,0.37914852405057725
0.18000000000000016,5.043404455353661,6.57447304176747,4.895099862151387,6.611226105493698,4.544867385511212,4.179720231247684,6.266901617759939,4.320300252004957,6.244493464579431,5.4577745074824655,7.863291041341593,8.01048671179534,7.150619708439933,2.9652015006507764,3.915027210139058,4.347988935992029,8.338218098649735,6.293463845917467,5.7234754431265475,0.3652281434481815
0.18200000000000016,5.045509106765415,6.69511593817379,5.122674229933248,6.563143916586947,5.122835158231246,4.551979967621372,6.727680223187328,4.089470448765815,6.283739485223842,5.316074972991629,8.17121939732064,7.851033567635392,7.639066374744873,3.101192360483604,4.753365449137632,4.587084443444894,8.182239457213928,5.934632294266017,5.874336488429312,0.34931269387627895
0.18400000000000016,5.012659338789173,6.759218905073587,5.284008128408828,6.461919417548002,5.739145204450495,4.800902554243655,7.140989040827578,3.824002624615395,6.308391791287063,5.181065220442615,8.355308758475928,7.528863968664428,7.842208110380354,3.3525280731448426,5.56024827435698,4.785124399083971,7.864061413416392,5.598737528717606,5.96663237510705,0.3341092506052158
0.18600000000000017,4.974947675735847,6.781923856671905,5.376129593713879,6.328523529315413,6.328224645869982,4.919912404137657,7.490820275795416,3.585931940123636,6.340366352019673,5.068303770679589,8.429783309311654,7.098499286069458,7.7790617637480945,3.7031453528270823,6.272783133324403,4.933593288842152,7.41519604543683,5.309444801547388,6.007588390287224,0.3219079659640364
0.18800000000000017,4.964041414233041,6.780601954517209,5.407544541131146,6.1821055370527755,6.8224695044343955,4.919707065825205,7.766767032527079,3.434334430175546,6.4020687951729105,4.9894703664799955,8.41378555968722,6.621579140785542,7.493846593578648,4.1265359776436235,6.844998701538955,5.033351052941112,6.886154099503438,5.088299067478202,6.0098700463725585,0.3131875600834345
0.19000000000000017,5.007035709213793,6.773781038007005,5.394821109627642,6.035429018257193,7.163598367817004,4.8254271967773725,7.965460324893094,3.417764088059526,6.511670080381364,4.954231134859857,8.328743702608667,6.160341634968102,7.0472643267798265,4.589740706535498,7.253896321471004,5.09521595937819,6.3416567569837055,4.952950891881571,5.989946020472246,0.3062991833243394
0.19200000000000017,5.121018304801127,6.779651582574257,5.357500526220269,5.893174783236589,7.312687648970792,4.672114353228101,8.090478320894643,3.5681756528738546,6.6789449805909715,4.971114859748331,8.196195637047834,5.772652326270141,6.505886249738494,5.057875079456531,7.5003786711889076,5.138650186275028,5.852083037394047,4.914490864130649,5.965726281368922,0.29860875250814006
0.19400000000000017,5.3094242748988245,6.813847510756848,5.313100051817889,5.753697268721998,7.257157766726151,4.499483299454543,8.150777278483087,3.896809354921994,6.902861900251521,5.047001187813976,8.036268542019094,5.508420059541956,5.93193374085197,5.4987112439445,7.6052782411266495,5.18852216873677,5.482584395568028,4.974841410728978,5.953928872020266,0.28831376361048183
0.19600000000000017,5.560843959668718,6.886560759923833,5.27377589136635,5.613614351498045,7.013267453228935,4.346802467230153,8.15810528348943,4.392381942874708,7.171375202817101,5.185472940460392,7.866749104015645,5.406504792857065,5.375631650960981,5.886898107035753,7.602069869588405,5.270526751458064,5.282108825272476,5.125137008578809,5.967657020129159,0.2759004525786946
0.19800000000000018,5.850254308067938,6.999674766116499,5.2455813394517365,5.473545481165952,6.623376091260054,4.248330888515856,8.124233718137678,5.02196109431418,7.463271040209888,5.384760918549232,7.702552342976277,5.491401802723891,4.871467575338858,6.207253341566801,7.528463292321306,5.406208494275488,5.274812078719823,5.34563401228773,6.01459903255551,0.2646156933418216
0.20000000000000018,6.1420978404148405,7.145120088906476,5.230350054481678,5.342716858993162,6.14839213913577,4.229465589399203,8.058854682205457,5.734740962260014,7.75167686889762,5.63617452643578,7.555492460038868,5.769886733060076,4.438510907331786,6.456369847333457,7.418948260966152,5.608716246815265,5.4557444057250155,5.607347558294242,6.096144779483047,0.25941249060745347
0.20200000000000018,6.394586516449887,7.305581695563612,5.229230944293443,5.2403824319255135,5.657071221499322,4.303574492702186,7.968590660137904,6.468373123044652,8.008746957678625,5.923734525845787,7.434406897388576,6.228686412673936,4.084027148437198,6.641925482488354,7.299827972493994,5.880478518081361,5.79164615410127,5.875370151596888,6.207568961466807,0.2640960913056796
0.20400000000000018,6.564909600935117,7.457899739865489,5.246158659851214,5.193187963254622,5.214666642078852,4.469638244131355,7.857062585796795,7.156845931038664,8.210774904395347,6.225290850741663,7.345669177189028,6.83444293297206,3.809130623622533,6.77972904064295,7.187483919928847,6.213691610062343,6.226735651396899,6.113538977195745,6.339269836394418,0.2783650011027594
0.20600000000000018,6.615176363532467,7.578419264498289,5.2894757996918935,5.229238967559626,4.873552156420515,4.7113152453545375,7.725674675456413,7.738595813502878,8.342621437717378,6.514930858223413,7.29396519523797,7.536641208031483,3.6148774905479133,6.889312962537196,7.089622324205413,6.593665924002708,6.692645852361884,6.289719315879706,6.478858380820093,0.297831331047246
0.20800000000000018,6.518611342875312,7.648750874236657,5.370705853504137,5.370787056981641,4.667766611566763,4.998368934626055,7.574747913454627,8.163674623868689,8.40030409146619,6.7662200432698425,7.283089040291271,8.273236011396998,3.5069131112604,6.989258260646632,7.008340560049228,7.003954080766014,7.1209096857508,6.380575173956563,6.613678514998213,0.31685958968585815
0.2100000000000002,6.264960956264628,7.660213586458874,5.500865695175045,5.627572807466674,4.612154054724913,5.291035152712546,7.40473604161791,8.399142705204016,8.391115466767596,6.9557911453222845,7.316534950112935,8.978020013077021,3.4969571295449846,7.093291690357227,6.943453240770497,7.43140778736163,7.455609807887453,6.374601930620061,6.733192453413683,0.33130506682381466
0.2120000000000002,5.863788160234234,7.615624304267267,5.685996734661782,5.992283621239575,4.705325867531885,5.546967012869191,7.217324533323509,8.432177370560094,8.331402324009794,7.06678151181908,7.397751318906601,9.588490185593528,3.6004414307813897,7.207829615478092,6.8947842415804494,7.869352858934073,7.663450770122016,6.2726439711556345,6.830689768503788,0.3398534194361665
0.2140000000000002,5.344622461048804,7.527945240848992,5.923956977373499,6.438977039706575,4.934610465312611,5.729450901062094,7.016186121736612,8.270655579440724,8.242636386956757,7.09154289557336,7.529988465871815,10.05296331591233,3.8312190757962914,7.3313130176427,6.862799608283858,8.317882626419532,7.739000456643705,6.085999251094519,6.903986104818043,0.34424651723295374
0.2160000000000002,4.753694762294497,7.416343759878412,6.203690779320382,6.924873338758138,5.280897344446625,5.815094418750685,6.80717771385366,7.941213208842034,8.146512283627578,7.033083189389117,7.715702004438304,10.335909926687544,4.195518854155634,7.455346587745358,6.847695362434247,8.78135446193897,7.704083398819483,5.833080444221938,6.955070657755701,0.34860807936150157
0.2180000000000002,4.147909274712911,7.301014398326616,6.506800449806149,7.395351343074899,5.721885789982382,5.799235763460977,6.597972991591927,7.48500119420671,8.059782276547335,6.904883941664369,7.955477816316159,10.420916527353848,4.687492410287676,7.5672039943320035,6.847708163799713,9.264017683801208,7.601731898433481,5.535996043235238,6.988910108940757,0.35776261535178344
0.2200000000000002,3.5874167004066218,7.198339362721142,6.810276695686656,7.791250551684879,6.2333485307077945,5.697807090251731,6.3974480940458305,6.951662742313465,7.989627311643087,6.728933167512975,8.246442516426235,10.311174765094805,5.287813941472041,7.652827370222532,6.857796766154048,9.765074152798505,7.486129515995538,5.218117359188323,7.011749257462567,0.37485902730425674
0.2220000000000002,3.1283677131320715,7.11767892104684,7.089204724038909,8.057104005235292,6.789020131040573,5.54514839223519,6.21525359557059,6.392530931645184,7.930559560090815,6.532036389671451,8.58021207721787,10.027711925368449,5.965472013090669,7.699359870816646,6.869642647753381,10.274425628700293,7.410450100251286,4.902890695911944,7.029281629045414,0.3996441030556815
0.2240000000000002,2.817123399594883,7.060488654670984,7.318852605042874,8.148946471476235,7.3601873988375734,5.388106753815284,6.061692001265256,5.854430482493069,7.863917178317653,6.340888870708155,8.940709156093083,9.605724448343347,6.681798915783705,7.696640839571601,6.873153196743777,10.770079873529893,7.414729824832317,4.613389291440994,7.045047742364483,0.42865885967686457
0.2260000000000002,2.686603684800512,7.0216773360365385,7.476170372503538,8.040600700606111,7.915935237035844,5.277463051046969,5.947490119517327,5.3753134443213915,7.760656571337597,6.176955584883791,9.302587692966734,9.089528628892035,7.395229586773954,7.637754820122264,6.8588654759465,11.217838320854476,7.516186862166077,4.371886255548319,7.059374652520001,0.4568860633322062
0.2280000000000002,2.754807226658481,6.992363174406787,7.541051596690333,7.727540869169517,8.424493638869054,5.258236008019283,5.882870273223965,4.9821706539469375,7.58730078561922,6.052540829509176,9.631273305306658,8.526870044638523,8.06531741675881,7.519268444499112,6.820364043335282,11.573527022540773,7.704392620711872,4.199031866427362,7.069078878907286,0.47942469551059574
0.2300000000000002,3.0249758931682127,6.962856655283483,7.497728839906134,7.227674729426943,8.8555309416669,5.360730341738176,5.875791897062207,4.690719613173598,7.3138850321242135,5.969215227357759,9.885410749297225,7.9635228947831,8.65513339890252,7.341854074010267,6.756012905678483,11.787639486682492,7.942807284474217,4.112557631990303,7.0680026442625685,0.4925056696386539
0.2320000000000002,3.4865408899054255,6.924990941903187,7.336520700092608,6.578918859808205,9.182791428225634,5.5942009812209506,5.929970613478417,4.505938778841458,6.922061109869341,5.919016741160593,10.021735908958721,7.439091270863935,9.132137262245204,7.111493451213991,6.669620005009933,11.811830640858542,8.176430657573835,4.125509623546653,7.048266659154257,0.49398696026244626
0.2340000000000002,4.116058322966411,6.873491805129918,7.055945439504241,5.8341344469333904,9.386356412725114,5.944519038003781,6.0435731000113435,4.4228166964124815,6.411464524576166,5.887832182666125,10.001485322665992,6.984572927279631,9.468444068140078,6.840705791115827,6.569927938102908,11.606290046708546,8.343466637755647,4.244008779544153,7.001949637791209,0.4836377858270895
0.2360000000000002,4.877856040073704,6.806404068339449,6.664975462906542,5.054449099237924,9.454102808785294,6.376305293855781,6.209059934231722,4.427317050080642,5.802889828296269,5.859565273031318,9.796967256154767,6.621614894108346,9.641624675577834,6.548807430928147,6.469061786193315,11.146747179117902,8.387864292853042,4.464760712715732,6.9227985048048755,0.46336237840774286
0.2380000000000002,5.724792566645666,6.72459925942966,6.184844744399537,4.302099531949787,9.382455978319,6.838964903542455,6.413895167157635,4.4979633741130876,5.137474387982625,5.8196210658538226,9.396975747810073,6.362819159827591,9.636675736641765,6.260431687414316,6.380242780705183,10.429832372331518,8.269796247858594,4.7730099499321526,6.807583036773027,0.43730071889019656
0.2400000000000002,6.599910717929649,6.630426745254954,5.649389788511582,3.6338658313441634,9.176786624489871,7.275237706244662,6.641377074725227,4.608388372060021,4.4718326003351105,5.756934437360796,8.810041798365544,6.2123347911134825,9.448902297424182,6.00227591117389,6.315158770650481,9.475741043668636,7.972299621012737,5.141984410371705,6.656827141224261,0.4115028812532989
0.24200000000000021,7.439570814564939,6.525826093854427,5.102782530797639,3.0959428725457583,8.851494401203526,7.630455518517083,6.871025564643262,4.730817301720488,3.8699047146554864,5.6646221541238475,8.06482937338955,6.166300952122578,9.086671043587852,5.798791806679023,6.281409244139785,8.327569532356335,7.503694162773834,5.534693482621211,6.4748000869053675,0.3926275180532846
0.24400000000000022,8.17805680148457,6.410510489623415,4.594163504334049,2.720608698706233,8.4293508057653,7.860738475780334,7.078643745366765,4.839966452118442,3.393012274294038,5.539710480686678,7.207398298695297,6.213131816114009,8.572742921918728,5.667886479596366,6.2804631670785716,7.047276554694909,6.896293501773304,5.908224173799788,6.268787702323932,0.38536986528194167
0.24600000000000022,8.753134313596911,6.280922131369028,4.170031723905657,2.5245008108876803,7.939673383384308,7.938811333767417,7.236805054589683,4.916399536587981,3.08995569319849,5.38223461650416,6.29575912697675,6.333922927162437,7.943321760213853,5.617634072209467,6.306557059779209,5.708904676230673,6.202126329466527,6.219845894728104,6.047807802475463,0.38986413233293304
0.24800000000000022,9.11182703296532,6.130514791168323,3.866455223152613,2.5080763099241814,7.415415525990229,7.856762467270344,7.316652459886207,4.948289705005453,2.9889014965101484,5.193702602899564,5.392902584081637,6.5034192803350415,7.244760591113307,5.6446579841041915,6.346870577432477,4.390280444848531,5.486219003585424,6.433678241830764,5.821077017894652,0.40154330203693217
0.2500000000000002,9.215634165467735,5.951626897152173,3.703341106373143,2.656005062522074,6.8897584091659585,7.625643822532311,7.291521921771803,4.93105067533746,3.0924824953747545,4.974915267988844,4.5597403598684725,6.691982234968705,6.5285264519054165,5.7343132567438095,6.383110783024214,3.1647128620934235,4.817959925895352,6.526459072242078,5.596599153912651,0.4137468474494527
0.2520000000000002,9.044462103267708,5.738805409214136,3.682119328196488,2.9385830837404514,6.3928867427095915,7.272223023208488,7.142178627252354,4.865256578350872,3.377053501752014,4.723631312178517,3.848959211160933,6.868680939402468,5.8452712829518445,5.862248966060415,6.394289646762712,2.0941828984397812,4.261397673243927,6.491007682519939,5.38017988946737,0.4206279151298629
0.2540000000000002,8.598773667513939,5.4928897385778495,3.7870108059405125,3.3144284269052053,5.949353516698363,6.833499884208277,6.8625280177904955,4.7540548705359225,3.7963205356362217,4.4331822045371565,3.300126221285547,7.005068050685006,5.238838602260155,5.9967171448998515,6.36010989568778,1.2251589396742242,3.8658396797716743,6.336387425180503,5.175015979321594,0.41871968213547817
0.2560000000000002,7.8998182822616725,5.22452633635635,3.9891819237469655,3.734502209718963,5.57605870043357,6.349843433444268,6.463923456691036,4.601332809714046,4.288637777309837,4.093172803355089,2.936055956750562,7.07874192414082,4.741016869858006,6.101318592674888,6.264233592128992,0.5874726436758656,3.65843885132584,6.084620696080092,4.981827603314826,0.40731398325590484
0.25800000000000023,6.988107067159862,4.955391271290253,4.252556371164152,4.146987035568785,5.280701925731683,5.857856540588987,5.976176399884502,4.411209561413277,4.786431017931253,3.6925944429732347,2.7605850618193175,7.075785771657635,4.36787830624601,6.1384081745752015,6.096829809264867,0.19581294745317457,3.6402947318460868,5.764897848705335,4.799361349181868,0.38823387989261954
0.26000000000000023,5.920445041202886,4.715754853214776,4.539779917200924,4.502257423127002,5.06080787073905,5.384314569023045,5.4442255762722365,4.188526085327484,5.225779270231273,3.2244908726505503,2.7582049040300145,6.991584526748317,4.118422558388407,6.073475313722524,5.855927185766191,0.05267123189741896,3.7869056881035785,5.407049477727012,4.6250345758540385,0.3653047542202655
0.26200000000000023,4.765807147372376,4.538293829468296,4.816994226876498,4.757387180668763,4.903835655013176,4.9424900756809995,4.920753866823614,3.9394880024317196,5.554301571161778,2.6904932759620332,2.8960737072633203,6.830030920364864,3.9758378188116206,5.880230004499745,5.547156272050698,0.15122639991280928,4.052805884839128,5.036142069485505,4.455519328260387,0.34355122487861617
0.26400000000000023,3.60016905972702,4.449673538676333,5.056732654406196,4.879975342525814,4.788939543223891,4.5316489711562244,4.456337319249926,3.6716671209930807,5.736059019286589,2.103570027696929,3.128555438720242,6.601461213339251,3.911136438685506,5.545387191668673,5.181726179106475,0.47681739575493876,4.379304459913639,4.669354155895407,4.287139726112562,0.328020549990607
0.26600000000000024,2.5003146208251543,4.462450294805372,5.239018132889642,4.851098882068325,4.690440298947342,4.13969473323426,4.08956682347494,3.3929771797186845,5.752992180898762,1.4881657748201143,3.403806891673142,6.319792286712653,3.888449383480025,5.071955323204645,4.773090551882127,1.006399309573851,4.703756287210048,4.315247071785638,4.11606755706693,0.32230459760073465
0.26800000000000024,1.5369184261148072,4.569769739135067,5.351162561934599,4.667085316155706,4.582392035074317,3.7482328056769476,3.8396627301797692,3.1097756781425403,5.6032923254875335,0.8779635091736693,3.6714283327719324,5.999399217189017,3.8709639449348514,4.4802605779159625,4.333409946806612,1.7065183865062736,4.9687896713006054,3.9747666814547933,3.9384328825530557,0.3273757927864714
0.27000000000000024,0.7677058612477752,4.744393757162474,5.386768967104655,4.339875155923238,4.443313858915589,3.3388353664368884,3.70328445869272,2.824805812122882,5.29783628127819,0.3121440097281398,3.8899078928688713,5.652303769114692,3.826427632625337,3.8064766214989545,3.871126195765796,2.5312830519406577,5.130195216653872,3.643104510608638,3.750543801093854,0.3415463108573456
0.27200000000000024,0.23175451867021057,4.942388439054219,5.344276164514974,3.895938934088657,4.2602829418636965,2.8989615103473163,3.655930715903368,2.5360606197417006,4.856096925483509,-0.16899679369916412,4.0324368128070915,5.286182281745594,3.7314139440635365,3.098793623240776,3.390555651855918,3.4220054664602166,5.162508766560219,3.311811431464643,3.54935566412036,0.36143939447109324
0.27400000000000024,-0.05419870227315848,5.110778657074642,5.225316452370858,3.373827295206352,4.031809774191396,2.425983732817897,3.657247401957939,2.237420559132038,4.30262005934911,-0.5286110822199399,4.089757913362379,4.903579082139737,3.5740055256346497,2.411711478977458,2.893625953264342,4.309587589713342,5.061603426378643,2.9710115391308265,3.3331709253449175,0.38304304067254424
0.27600000000000025,-0.09701470687541902,5.197685961711702,5.033221227673036,2.8205172383175583,3.7689442129301813,1.9283156339072838,3.6590299357744835,1.9210446715988938,3.6644683667645723,-0.7378862651307359,4.069273753309081,4.5025840346500114,3.3548179205499276,1.7993476857791955,2.3831055137847645,5.119724949214039,4.843888207067893,2.6119211062747665,3.102388302627846,0.4023756001322651
0.27800000000000025,0.07411581075576712,5.162846373044172,4.772053770570613,2.286865893496118,3.493994000345948,1.4236292340512442,3.6144783824133757,1.5806253616867159,2.969452393449585,-0.7803915185534172,3.9906988382240423,4.079041530021282,3.0862383982338297,1.308843244280728,1.8661548273306292,5.780072344479782,4.5421119421450555,2.2299025473055254,2.8600407429600563,0.4159686248813467
0.28000000000000025,0.41137350338056144,4.9860570361398935,4.446452548529927,1.822639451684833,3.2364334323457653,0.935115057617388,3.4870738078095553,1.2143678792895087,2.2448023076770003,-0.6554824508370862,3.879682271828333,3.630003373141294,2.7897251742183933,0.9747901114669205,1.3568552469470507,6.227970429777333,4.1984051028924805,1.827875939641905,2.61189667908617,0.4213929179249865
0.28200000000000025,0.8541290955834724,4.671361291140196,4.062343432216956,1.4716896600146836,3.0262808020911525,0.487174311149258,3.257373876557166,0.8268201348355829,1.5160858145541853,-0.379748404374727,3.7613770160494644,3.1576211316998006,2.4913800742388768,0.8152992704352953,0.8766124877363979,6.417325540417272,3.8559870560617377,1.419245281988859,2.366019881799757,0.4177864841290424
0.28400000000000025,1.3362045988430509,4.2458534662239655,3.6282571479647725,1.2678506215347802,2.8862790121847945,0.10170334872299003,2.9263043339481523,0.42903549130859575,0.8063856485062082,0.01427446457571821,3.6555405497737556,2.6722048190917507,2.2167046140080693,0.8300648796811464,0.4519994988213819,6.323718129575938,3.551501958918414,1.0290290175748924,2.1318284222921324,0.4062055802870166
0.28600000000000025,1.7936199647161708,3.7535337230712864,3.156642815858302,1.2319326912602417,2.825066193959433,-0.20447379696880785,2.51425324788675,0.036936229124374415,0.1359244559432673,0.4821157521947509,3.5738235498856596,2.1931328233470997,1.9859520746836528,1.0005542620585137,0.11044392241858791,5.94744632094879,3.309739421307614,0.6920542453652558,1.918816549836719,0.38963724826730844
0.28800000000000026,2.1718088115449072,3.2459983293787316,2.6644060095165836,1.3698807978185272,2.833560108340852,-0.4210124670082106,2.056324749919746,-0.33171705733679013,-0.4775673008931747,0.9731802462446504,3.519124643046652,1.7468988930682314,1.811289334541136,1.292287748876733,-0.12517282440139477,5.314529005340505,3.141544748402052,0.44794432926161987,1.7351837836478528,0.3725457777384952
0.29000000000000026,2.4313233863983825,2.7724346813461365,2.1721113373742993,1.6720430028112645,2.8858401866516825,-0.5445116789752747,1.595089371972466,-0.660789671213876,-1.0176178492995156,1.4368596383296628,3.4865101460735133,1.362623798565899,1.6961082922105493,1.659087296012326,-0.24154770173656226,4.4755421446124535,3.0445973253008525,0.3338394076751241,1.586641284117188,0.35980704316417633
0.29200000000000026,2.5511913752483526,2.3712791804347524,1.7018321326467514,2.1136830930340262,2.944335149978428,-0.5782285526417129,1.1726031793358502,-0.9384734673903762,-1.4673563811748678,1.8275499444561458,3.465089579548959,1.066368206371946,1.6358769570700136,2.0490072237031964,-0.23807491132798841,3.5019069433866408,3.006088457033373,0.37674856095548925,1.4756348150371654,0.3550282018945221
0.29400000000000026,2.529549760575068,2.0651178398123635,1.2742240975133758,2.657045286872406,2.967821978659165,-0.5311821840248819,0.8232010154965852,-1.1583203110942013,-1.8084443596217175,2.1078906522797385,3.4403083541828474,0.8760575688382275,1.6195498140205369,2.4112520356065463,-0.12696865581000094,2.4793753598510864,3.0063420420656097,0.5875973555657803,1.4011343139326966,0.35891950338628287
0.29600000000000026,2.3818410784056887,1.8593125685841723,0.905695904470402,3.2550161941393005,2.920139111955527,-0.4168225774968187,0.567988386886368,-1.3184448114996283,-2.0216306816485026,2.25043781428692,3.396296082305578,0.7984648081036849,1.6309148154006237,2.702896646240667,0.06963530492851733,1.4990181836094263,3.0227124728017674,0.9582954100388925,1.358987039528477,0.3689795840452948
0.29800000000000026,2.137224497784886,1.74388420513335,0.6063819623236387,3.855787191861821,2.7776964133141364,-0.2515212462551367,0.411610285443465,-1.4195505789649554,-2.0893282967760167,2.2385445468392895,3.318031837837477,0.8287094985666847,1.649930518610815,2.894045188060474,0.3245094735890518,0.6466945361547193,3.0332685836865103,1.4620073532773217,1.3426625539159742,0.3808728967167466
0.30000000000000027,1.8337599342093578,1.697686975817429,0.3791954461220246,4.407493122551882,2.534488050802352,-0.05319210159670729,0.3418302345378368,-1.4628706819609474,-1.9996817884074756,2.0671797670162513,3.19311216622667,0.9518112198083246,1.6545450430701636,2.970387553245316,0.610498233617168,-0.007501544356144918,3.019888448816703,2.0559839721430544,1.3441452250924029,0.39037009259878
0.30200000000000027,1.5127870691795817,1.6938015886226205,0.21992664930421457,4.862046287332834,2.203911250505744,0.15974152388959106,0.33225340447816976,-1.4489774433971092,-1.7508277689014435,1.7438509200069032,3.012966113238728,1.1454659780214902,1.6233797735832975,2.9327793558522472,0.9046323360354739,-0.41809818207841765,2.9706066382515757,2.6861383050217666,1.3547990999415152,0.39467619663487885
0.30400000000000027,1.2131354565053276,1.7050681908201049,0.1182717314377767,5.178035093196815,1.8170496809127066,0.3691311895375643,0.3478424544384465,-1.3779277693368635,-1.3538153970015065,1.2891066188662028,2.7734880286513004,1.3832715867866945,1.5390864817825358,2.794209765180973,1.1903851790952813,-0.5698427814839903,2.8811515334598896,3.2928171343647423,1.366136898734111,0.39287259934432245
0.30600000000000027,0.966161129193136,1.7087270325009396,0.05965917084744932,5.322992159417808,1.417409161231322,0.5580209514152213,0.3519737505707703,-1.2506659890663283,-0.8331591006957,0.7357800697004052,2.4751423128495826,1.637785804582779,1.3915828441177318,2.5750827220483394,1.4579155812056248,-0.47899270405389094,2.7553792070511167,3.8174300145650064,1.3704568954156287,0.3857102765889202
0.3080000000000003,0.7925633220219745,1.6894493767669019,0.027667632302377898,5.2753366786563145,1.0527679567696857,0.7119782465905368,0.3132730639968473,-1.0711057898984584,-0.22499689161327374,0.12637164039785628,2.122639343712476,1.8829931271053093,1.180256822862971,2.2979216701680736,1.7027679315280118,-0.18998877333268427,2.6041153489674214,4.209419493592529,1.3613016778108264,0.37505497118923325
0.3100000000000003,0.7012959818596607,1.6405979123930097,0.006742097507331235,5.026086502741689,0.7658081254789301,0.8207160903294101,0.21067311150649937,-0.8479586198591845,0.4263411912889563,-0.49148311950300316,1.7243937433157845,2.0960382819306296,0.9146991975711579,1.9824863595256117,1.9238406477907155,0.23203459430923712,2.4422725184888225,4.432610645958597,1.3337330701463255,0.36323765100241606
0.3120000000000003,0.6900820041343505,1.5640012265685557,-0.01516726303132887,4.580198833095759,0.5859134296041,0.8795522204387712,0.035846331304244305,-0.5954173247193968,1.0723761957836435,-1.0709120426184306,1.2920941771379046,2.2583648857946663,0.6140663410777616,1.6421971170380723,2.121261597500531,0.7117823965513813,2.284928361546849,4.469756654071592,1.284495841182168,0.3524943989857175
0.3140000000000003,0.746732393491744,1.4686546449252735,-0.04450505626040635,3.9571624719954617,0.5242658109631907,0.8901151709343725,-0.20701925325037485,-0.33230853639146374,1.6645035449469698,-1.571970710902382,0.8406552884015726,2.3564974202002484,0.30527023759321925,1.2827881775556422,2.2944251693720727,1.1756745154333417,2.1436770648464694,4.324405812770598,1.2121680092569749,0.34456759386398733
0.3160000000000003,0.8509265905761121,1.3686626456780835,-0.08101414985486921,3.190345105696508,0.573133841873701,0.8597552301984258,-0.5035047335424653,-0.0799497693946111,2.157759714172244,-1.9666921335632475,0.3885536559643299,2.382572347867309,0.019954029696237385,0.9038578804137988,2.440388427451035,1.5628866312853282,2.0244502349102707,4.019807772181585,1.1173274067560988,0.34042615638505386
0.3180000000000003,0.9768364519674575,1.280585503722006,-0.11794237508562999,2.3247596371251102,0.7087706070887544,0.7994528597735161,-0.8324155784540986,0.14072827273086772,2.5142627625645635,-2.2419383782643534,-0.04180083565854331,2.334518142308004,-0.20981576351328035,0.503115971999565,2.5530520909958776,1.8333182645559059,1.9272387668016768,3.595072213561099,1.0026554785676942,0.3400576794186878
0.3200000000000003,1.097114371256135,1.220328667021302,-0.1435437436502881,1.4132956231729852,0.8964765232922195,0.7206223098091465,-1.1695556293800458,0.31224195905733576,2.7062391183382224,-2.399751497136435,-0.42429646192435344,2.2157361411071594,-0.3567604974325198,0.08197990859920723,2.623499388854777,1.9709749522426931,1.8473830676959402,3.0991786895203206,0.8728423828024334,0.34241118743453186
0.3220000000000003,1.1879779608952579,1.1999167409096656,-0.14351218492224316,0.5118218388785847,1.096425843884246,0.6317782771323831,-1.4911843347630254,0.4233265495847166,2.718466497419017,-2.4556023554927173,-0.7306545734470722,2.034297666899406,-0.4035219761006207,-0.34951115135396704,2.641372540669321,1.9825955943948999,1.7778286154631608,2.5838537884451145,0.7342041854720072,0.3456382646665248
0.3240000000000003,1.2340413880746006,1.2247524920233275,-0.10375879042149416,-0.32625337173437713,1.2694259870985989,0.5362274844986731,-1.7767743778301135,0.4709555269305842,2.5498821582382614,-2.4351216531924593,-0.9336487226127976,1.8018586164854227,-0.3465265661490483,-0.7703141799364415,2.5967673360323245,1.89258702652401,1.7118005544062802,2.096667630642995,0.5940315855043525,0.3476391295630933
0.3260000000000003,1.2311151016863924,1.2920337612101833,-0.012994431363919534,-1.0553611760990498,1.3822382016069237,0.43163628521868713,-2.010915567852156,0.46113469293335163,2.214090949074777,-2.3697398832275574,-1.0117530214851513,1.5325035023816698,-0.19775542084107045,-1.149540372736764,2.4822180724410936,1.7358809401423256,1.6453161132403356,1.675649438990104,0.459764288073343,0.34672866941183583
0.3280000000000003,1.185786849456066,1.3908453975845914,0.13517155489287758,-1.6425055000947084,1.4120798909487804,0.31165146158067325,-2.1843400237908077,0.40806778939001687,1.738564861759735,-2.2916518385016373,-0.9543044936463556,1.2415643756440746,0.015814751585859432,-1.4510859416185113,2.294613682656059,1.5502835966015325,1.5788232273138179,1.346160611583573,0.3380855696303131,0.34220535523141804
0.3300000000000003,1.11188348842825,1.504065751866228,0.34070807491417454,-2.0706876328986126,1.349614174065819,0.16905493185335596,-2.294063080103139,0.33152897006264237,1.1623630342481017,-2.2287955588975747,-0.7658313787958435,0.9442969583253908,0.25494883636343524,-1.6406640407786612,2.0368829131637014,1.3696062940853326,1.5173416319023794,1.119995729166694,0.23401383872064851,0.33467522548554124
0.3320000000000003,1.025225231704767,1.6116260738172412,0.5962790567584503,-2.3402646367170314,1.1995845249364354,-0.0005059694310939403,-2.3427317668179675,0.25276832067235033,0.5322599860937687,-2.2007338360714614,-0.4680917151827344,0.6543748318235705,0.47282656065559425,-1.693455470416574,1.7190946397175146,1.2184864129014543,1.468874951315942,0.9961890139162379,0.15010034498202574,0.3260064472895254
0.3340000000000003,0.9386862579600124,1.6940804727330983,0.8871202100555459,-2.46764749617386,0.9786622307877153,-0.1952991705097996,-2.337543524150463,0.1899264585020176,-0.10253731774518493,-2.216121704457572,-0.0986558411463504,0.3825206609075771,0.621386382136361,-1.6003914332025275,1.3585850779409854,1.109369810469429,1.4413671791434737,0.9629418961643477,0.08591389718971142,0.31878516376577065
0.3360000000000003,0.8591143737985738,1.7353266104318326,1.1918061935174347,-2.4813378628430316,0.7110135503225674,-0.4057071134238063,-2.2892331833656785,0.15436130109282672,-0.6963928581035417,-2.2720030524668435,0.29434984269254383,0.13588334976968208,0.6588081615334395,-1.3714942387455535,0.9789272712979439,1.0418023312151998,1.438940831353673,1.000213538756443,0.03802105815742803,0.31528143572623507
0.3380000000000003,0.7865566106647393,1.7238477647599317,1.4839740971568562,-2.4161511830275617,0.42301896082161194,-0.6142683962844403,-2.2113122957525366,0.14907757587310075,-1.212901734520694,-2.354917076254488,0.6605318114535883,-0.0814323790243674,0.5570174620820054,-1.0356014403367582,0.6078141100857088,1.0040412826423744,1.4584728266883387,1.0825917651199561,0.000575542341520352,0.31631973345471925
0.3400000000000003,0.7153203396870305,1.652692793908157,1.7349674497108514,-2.3070790681180986,0.13881161332129266,-0.7973964387762427,-2.119212774218373,0.16958740671929182,-1.6291561326933786,-2.443794647798633,0.9566173382508041,-0.26691842260036025,0.30756246301723944,-0.6367951454142562,0.27407120692070763,0.9768095372658964,1.487587615918233,1.1820817699683426,-0.03356906082952758,0.3207563777919258
0.3420000000000003,0.6361194928351057,1.518984798288753,1.9172435069339802,-2.1841488814159464,-0.12232248221715336,-0.9282369396739282,-2.028775166937492,0.20650666382850777,-1.937853715833457,-2.51456345442135,1.1545311863255134,-0.41806602874684184,-0.0756825540217948,-0.22849056831914072,0.004085518058746129,0.9386102813118898,1.5048645485034762,1.2705245467489084,-0.07148162493067911,0.3259240179385589
0.3440000000000003,0.5387461045966115,1.3236805801762914,2.0082284628008553,-2.0689695978229428,-0.34662551538569186,-0.9800841018537703,-1.9538670548151877,0.24862882556202567,-2.1468468036039257,-2.5459691445094856,1.246148565494443,-0.531390216679597,-0.5576585969142486,0.13376709135433906,-0.18192204034267168,0.8715589710650883,1.4826346860986557,1.3215670179644443,-0.11879848704526481,0.3286662993042729
0.3460000000000003,0.4149820981519954,1.0717140179831908,1.9941120061006288,-1.9730482394801248,-0.5252799683394616,-0.9299264635045287,-1.9035838226648254,0.28542799959066645,-2.276142359258275,-2.5254271846688074,1.2437070908977625,-0.6024277303567571,-1.0867053698895854,0.3999031761482742,-0.2731333558565151,0.7663717901716186,1.392233230203495,1.3124107101392055,-0.17860068747955796,0.32636663450431325
0.3480000000000003,0.2615322648569913,0.772090267434326,1.8729269700830051,-1.8977904265091745,-0.6533871679659122,-0.7618719199848699,-1.8800063631393762,0.30866125863676663,-2.3528935573104115,-2.453188493444189,1.1759796985918054,-0.62659367368048,-1.6015615558700316,0.5324123810897372,-0.27014034639340656,0.6250981231985421,1.2108915494609078,1.22576164328515,-0.2506710748700344,0.3177264182549193
0.3500000000000003,0.08252141686405379,0.4374531345618702,1.656314339911182,-1.836109050021028,-0.7291820615596196,-0.47031051854650785,-1.8775142069013384,0.31327327889293943,-2.405521111804689,-2.343291944300445,1.0812227633183025,-0.6005167536572911,-2.0396325346413944,0.5118725913821607,-0.18516603610320903,0.46059783662157805,0.9287003248999244,1.052268683722354,-0.3312788804089531,0.30335294730225365
0.3520000000000003,-0.10921947319507974,0.08310325526772777,1.36965502274929,-1.7753993614483694,-0.7538286148208226,-0.06261847891491501,-1.884153375979292,0.29772544683454893,-2.458489602026724,-2.2208320951849823,0.9985106773608046,-0.5234681880506635,-2.345371852132277,0.33978590960953325,-0.04030857885029271,0.2927125019078237,0.5536389201490064,0.7932580081651597,-0.4136277710310846,0.28620068831239087
0.3540000000000003,-0.29281506615307307,-0.2740668757176814,1.0505064410654965,-1.701294810473436,-0.7316567618270098,0.43905732386543805,-1.8847795533733107,0.2635487654073404,-2.5290715171709452,-2.116415263213894,0.959323655418838,-0.3986672806902978,-2.477532374858477,0.03808469525708169,0.13600331021666467,0.14218189932107062,0.11293089650737165,0.4629798990630536,-0.4889823676308761,0.27155438347056066
0.3560000000000003,-0.4421230631551978,-0.616174336087433,0.7452671481605456,-1.6013380774417956,-0.6702150360184045,0.9977360140731292,-1.8650046998118888,0.2140214094014333,-2.626571024477567,-2.0595040629275565,0.9811554056177433,-0.2343600734504927,-2.414038051219275,-0.3546108574138438,0.3137997277082587,0.024076634489504145,-0.3500006338873334,0.08921442147206893,-0.5482593974982282,0.26564654081529515
0.3580000000000003,-0.5300569349359874,-0.9243483985591201,0.5038887673745259,-1.4677189099717967,-0.5794948601927703,1.564170858381245,-1.8147219240583543,0.15241997048609376,-2.7533774610602313,-2.072359801228097,1.0644891292531629,-0.04440417939181063,-2.1536240549533434,-0.7891104361001784,0.4667104919309343,-0.05733303201802753,-0.7823420450914904,-0.2887905873842498,-0.5836668559733053,0.27235716061276455
0.3600000000000003,-0.533498111147289,-1.1785937549942187,0.3727341263269516,-1.2986258545726501,-0.47026927785258876,2.082530850940478,-1.7302376169919498,0.08065392105800603,-2.9065637227170282,-2.1657771735631863,1.1937760510725983,0.1522753681750426,-1.7142277367899998,-1.2127172623831333,0.576327075781521,-0.11070712271692018,-1.130749526413239,-0.6253888560765526,-0.5899477012702312,0.29038545687982875
0.3620000000000003,-0.4379187461964644,-1.3582931391434,0.3864674631959414,-1.0983739573870608,-0.35211111813476625,2.4986987165108476,-1.6145231406509608,-0.0011674660000351722,-3.0789515647350787,-2.3371682898729724,1.3420540467534243,0.334100649718291,-1.128948770482249,-1.5757204135534184,0.6347245441274858,-0.15604947014417425,-1.350198736272969,-0.8759310026419491,-0.5649616886060838,0.3144212332682624
0.3640000000000003,-0.24106617171633293,-1.4439423021938893,0.5606792054493304,-0.8769454076224683,-0.23176942119293953,2.769571490324793,-1.4755982781650263,-0.09430573334317197,-3.2594087118836934,-2.5709675284392564,1.4778163383882443,0.4812556570932591,-0.44076873764736735,-1.8363240827632155,0.6445082591503084,-0.21987737726803303,-1.4110984795466677,-1.0048561499452635,-0.5096165239622994,0.3388872800928347
0.3660000000000003,0.044787216399305496,-1.4201481268044553,0.8872069035709641,-0.6495625660214117,-0.1122997800155292,2.871082741874931,-1.3236225880624133,-0.20055584698466125,-3.4329151527415616,-2.8408467903987367,1.572167641272943,0.5810693085190151,0.3028524391292837,-1.9639380318047623,0.6163275167822512,-0.3286045748873313,-1.30357470556768,-0.9923559245013553,-0.427385017791178,0.36052493243564104
0.3680000000000003,0.3923792608157548,-1.2792603460393128,1.3336167766578417,-0.43635950555261854,0.0069249967811595425,2.8027944903470003,-1.1678256212626983,-0.3213396638155598,-3.581100276652354,-3.11300405313391,1.6044678938587158,0.6324364751576198,1.0546314551052598,-1.9413974611995026,0.5643223211904477,-0.5018854639957865,-1.038472763195463,-0.8376578865386615,-0.3237071873040038,0.3788403431216914
0.37000000000000033,0.7609457823906007,-1.0245017319126544,1.8472311057413324,-0.2615711298445486,0.12929188954272408,2.587748874343123,-1.0145776227051648,-0.4567731784063488,-3.683579027924383,-3.349969530065851,1.5653802090164144,0.6474391723990773,1.7708582595244278,-1.766533375414298,0.5004903258754042,-0.7473349355471702,-0.6452628163594691,-0.5578302199739422,-0.2054748860733737,0.3950440397174823
0.37200000000000033,1.09975700561361,-0.6713465595099364,2.3628560747124188,-0.15152522529506335,0.2591285923093797,2.267472584849764,-0.8674095019182978,-0.6047211250064799,-3.719914806311128,-3.5147672516470765,1.4570978191487747,0.6493880347169559,2.4135127047607225,-1.45284774249151,0.4295153431298746,-1.0574894869588163,-0.167610925026366,-0.18239292139875296,-0.08062763257344036,0.41029243602693305
0.37400000000000033,1.3538140720327592,-0.24630468330054933,2.812548619538293,-0.13124190398526875,0.39917011050927986,1.8932443954601363,-0.7288215256057474,-0.7600404869339576,-3.6717185564303345,-3.5754062716223407,1.2912043009444352,0.6678528826283849,2.9514633892500375,-1.0286616748758888,0.3458501514987137,-1.409389594686878,0.3423614250165581,0.25451308130331163,0.0422465405967191,0.42425291545975835
0.37600000000000033,1.4715474520701444,0.21693421387655543,3.1356182206954584,-0.22015401366987825,0.5477853251134277,1.5156768891490708,-0.602819022601105,-0.9142579465843227,-3.52438997266718,-3.509420549849814,1.0849820476263559,0.7321641552309262,3.36116325906367,-0.5344055780225523,0.23438112212170892,-1.7668460966227637,0.8303074693050159,0.7218209167901257,0.15444932727915794,0.43491804367902964
0.37800000000000034,1.4136080181035255,0.6831771023306429,3.287287697360929,-0.42785465542599804,0.6967110349001698,1.1750338683601822,-0.49676219938285093,-1.055840959141012,-3.2682950494354137,-3.307877930830166,0.8570127917298778,0.865039175256481,3.6270863072697606,-0.01834889381271232,0.07486025105361416,-2.0852800653136327,1.2459423527251345,1.1968042683419051,0.24790572856057982,0.439760652255061
0.38000000000000034,1.161011301237172,1.1217773050247921,3.2446786057491996,-0.750794654158278,0.8301287232721597,0.8943806884630171,-0.4213983252855832,-1.1712895443542755,-2.8995457127631727,-2.9781836375596327,0.6227745128147391,1.0776016978942697,3.7420174028324515,0.46854444485114377,-0.15104749310253884,-2.3187417100833256,1.5490586727236102,1.6667900293776343,0.31598679482963243,0.4374787648161392
0.38200000000000034,0.7206235345033272,1.5114225208886696,3.009158638541022,-1.1707058010278406,0.9257515401257373,0.6768429116525848,-0.3886089793625316,-1.2473344922611498,-2.4207510045188267,-2.5450256615446976,0.39095618830159606,1.3665208872742394,3.707278044954603,0.8779644347671972,-0.4522272134472066,-2.428121127698905,1.7146257044294406,2.127588342574277,0.35421991489730753,0.42943871805916
0.38400000000000034,0.12649722654466666,1.84236728642821,2.604847456598705,-1.655265208198483,0.9581739067336199,0.5072418540899796,-0.4072446627960905,-1.2741341928377066,-1.8420079247940673,-2.04890926042526,0.16144534002114064,1.713597308854364,3.5329223747481966,1.1693047426662397,-0.8224586177997201,-2.3889319576128623,1.735973837225762,2.5799429147545014,0.36074235690006645,0.4201351332217476
0.38600000000000034,-0.5634317201573324,2.115598450843601,2.074015796502915,-2.1610896349042004,0.9041000267888037,0.35741569509702575,-0.47836077317148706,-1.2486105396167586,-1.1820101600525037,-1.5420149944388029,-0.07408813067502673,2.0879160582190948,3.237780032817845,1.3139743036789875,-1.2384870254201794,-2.1968440429108664,1.6251470299344954,3.025597878077822,0.33647823614519073,0.41603895214282327
0.38800000000000034,-1.2747751837247423,2.3393631443156835,1.4706986891499267,-2.6386992029654968,0.7483154094006826,0.19383536048471306,-0.5918889603779803,-1.1765701059395826,-0.46873089452814154,-1.0816083110933599,-0.32880924442023995,2.4504831887112255,2.8490202621472696,1.2985501766484648,-1.6625864466838376,-1.869517433226096,1.410123468707479,3.4641123152213464,0.28507312399040635,0.42259038694506584
0.39000000000000035,-1.9270710887945468,2.524231471675491,0.8538261593084253,-3.0387996327244986,0.48870180529438634,-0.01414960502828145,-0.7265928363343838,-1.0724410067552654,0.26097132358528063,-0.7218407622251297,-0.6154254047819043,2.7608424398283513,2.4008593895016634,1.126518417084443,-2.049085378058701,-1.444128124220657,1.1294756464984719,3.8907656792026253,0.21259213850309835,0.44086074323343877
0.39200000000000035,-2.4455849798353073,2.678206703270093,0.2807789232784864,-3.319055548976384,0.138620874747037,-0.2869702253813283,-0.8537512539065163,-0.9562791395809519,0.963268763035228,-0.5053592392080253,-0.9405925804443405,2.9845608697865784,1.9322559965882475,0.818598954367026,-2.353225905473141,-0.971085210748912,0.8257547943374783,4.295381716800389,0.12697352848086985,0.4668610768494659
0.39400000000000035,-2.7727787740143786,2.803313346864015,-0.19809705116382836,-3.4503585233253546,-0.27425545113113725,-0.6295651165615098,-0.9431517132960433,-0.8488037497804514,1.5910054583997595,-0.4564074592126721,-1.3006236729079628,3.0999846246220844,1.4837639996895868,0.41172370000171155,-2.540203473560396,-0.5055057435766533,0.5391286536233986,4.6619161473734785,0.03728251122464707,0.49405661113969385
0.39600000000000035,-2.8775001557418767,2.894571483002164,-0.5436471019012118,-3.4214930847136986,-0.7124137511445301,-1.0289257910928256,-0.9690056076819668,-0.7660484152134125,2.098969671655464,-0.5768563976970486,-1.6795995976712195,3.102637436453815,1.0938350740686051,-0.04345612679580557,-2.59239628333677,-0.09862367663883675,0.3025322219802197,4.968982370389234,-0.04713542955998346,0.5164279070123194
0.39800000000000035,-2.7600653645377013,2.9413836097980144,-0.7304731797654068,-3.241240491601245,-1.1349421842391443,-1.4549146789000398,-0.9139184479535857,-0.7153112160157293,2.4501193565177055,-0.845949011252497,-2.0503317320922037,3.006148904584527,0.7947734972009229,-0.486892760059906,-2.5134043206901158,0.2088205298658995,0.13901786101479907,5.191698474534322,-0.11752673075507689,0.5300579359528261
0.40000000000000036,-2.4520602021206477,2.9305414347176253,-0.7478928914188464,-2.9374099554794357,-1.50409467363055,-1.864523281886075,-0.7704016020347805,-0.6935233879205726,2.6214054622437066,-1.2237957898934118,-2.377976305776828,2.8394397472828463,0.6085747177464759,-0.8555270410491012,-2.328253617165628,0.3900075978067803,0.061339286030166695,5.305054989549834,-0.16661641738880245,0.5332447830677229
0.40200000000000036,-2.0107110409665903,2.8497715759385636,-0.5995621430390196,-2.5528836849109244,-1.7903133752506422,-2.2091379711698673,-0.540485334452108,-0.6883470633810763,2.6076677543068283,-1.6579754791897303,-2.6255425428266745,2.6407378914386523,0.5431960255664274,-1.0913217712004941,-2.079817894294602,0.4322742298097507,0.07321802112050213,5.288480290121578,-0.1894862506877459,0.5259095204700872
0.40400000000000036,-1.5087973252023608,2.6909522726976216,-0.3021011329031814,-2.1392538714298,-1.9748182458252221,-2.443451199245175,-0.2342584108241481,-0.6815467785295392,2.422655711950019,-2.091960557292779,-2.760209575953123,2.4496592519206724,0.5901773646789725,-1.149746465734245,-1.822137170726918,0.3351427318599387,0.17136996076487154,5.130712252372923,-0.1843117326345263,0.5090202322127058
0.40600000000000036,-1.022116954345674,2.45245731591154,0.1170978287669936,-1.7490070876560238,-2.0498362833010217,-2.533929775743824,0.1321072687684448,-0.6535998545581271,2.097126332978107,-2.473608634797861,-2.7593333104965048,2.2990257105866876,0.7246174740442387,-1.0071098989465483,-1.6118054900092171,0.1075746373668377,0.34733609118463427,4.833800542483848,-0.15273356043130384,0.4845002954514104
0.40800000000000036,-0.6171777552060238,2.1402982769191046,0.6228401048571796,-1.4275841734523618,-2.0172631613707264,-2.464829275277028,0.5385563223691804,-0.5883340160305291,1.6746171138966197,-2.761973057945784,-2.615186728906256,2.208263081692515,0.908221089554439,-0.6652257754584519,-1.4988350615833759,-0.23427959292141642,0.5885101994962724,4.415214756138578,-0.09967598073489252,0.45570997883609704
0.41000000000000036,-0.34164112951284475,1.7679016813095905,1.1757414536557662,-1.2068309645736535,-1.8867779188004736,-2.240659750249689,0.9633421643444883,-0.47665975964556084,1.205740135194886,-2.931336976437387,-2.3377079640112868,2.1799489571354407,1.0955334594417305,-0.1523247453837162,-1.5183654279989294,-0.6681989634015782,0.8784105920358269,3.907472818839259,-0.03257846322545177,0.42808469081446143
0.41200000000000037,-0.21906384906913678,1.354593638194904,1.7360951238326368,-1.1010359143416049,-1.674187404908068,-1.8851840576635404,1.3849826409405308,-0.31884917543566693,0.7419210381996206,-2.9723010935366,-1.9547681887531987,2.2002638454987884,1.2425979747364628,0.48025025248330244,-1.68443328191263,-1.1660965596866628,1.1968578905604845,3.35518250786593,0.03982363261141954,0.40891272311278354
0.41400000000000037,-0.24823515305357247,0.9231977198124715,2.2674378420323142,-1.106015546079824,-1.4002574418886382,-1.437819976871176,1.78386472579405,-0.1249742938291564,0.32958104309519864,-2.890412822543163,-1.5097312728254664,2.24297857243772,1.3162524411219299,1.1652889365856032,-1.9868621738633476,-1.694155980121152,1.520837742527461,2.8098555686461317,0.10893499616541025,0.4049549610784152
0.41600000000000037,-0.40644237921538284,0.4974338893590079,2.7393070897707714,-1.201041110313517,-1.0897509718226048,-0.948483578749654,2.143547072159602,0.08676663317524144,0.005716081992003685,-2.7030779167276466,-1.056422341068229,2.275658051985271,1.3016028114606266,1.829802479883766,-2.392007866713741,-2.213813659836497,1.8263627905886988,2.3233570117879028,0.16769522709531218,0.4182994219599393
0.41800000000000037,-0.6554293421880419,0.09978358627289574,3.128852848004492,-1.3530811341528939,-0.7700921067352278,-0.4716215281408437,2.451776026609365,0.2936520654874524,-0.20453794356703392,-2.4356122126270314,-0.6520465604076766,2.2663342344876876,1.2054428431802622,2.4060957192901284,-2.8473855549302916,-2.6840967025876585,2.09100597321192,1.9412541921419617,0.21168302240830367,0.4442701478779648
0.4200000000000004,-0.9485966987352141,-0.24991734712301383,3.4211382437969724,-1.5227060235799394,-0.46916908646080535,-0.0598023556814944,2.700913078532498,0.47304962910949266,-0.2883744476753046,-2.1173625251474113,-0.3489746427155256,2.1890644529782284,1.05458991135339,2.841614629079895,-3.2892743766406567,-3.0652731251518928,2.2964389509976506,1.697394089305268,0.2397084642356743,0.4739292829067651
0.4220000000000004,-1.2381996406651603,-0.535426570198883,3.6081447522232546,-1.6708190349611483,-0.2122674573475185,0.24284987335277097,2.8872291017272413,0.6066466777859029,-0.2443218587704462,-1.7785921083437024,-0.18654532478582553,2.02739784151821,0.8896815653706175,3.1056801082988903,-3.6517510857944164,-3.3232620408703224,2.430457583951371,1.6106904832432285,0.25375515920744796,0.4982487994810174
0.4240000000000004,-1.4818452212483295,-0.7451095456187267,3.6867590828478,-1.7651332498571428,-0.018770786827050134,0.4067466166019621,3.008851692141548,0.683120836798324,-0.0804276085656796,-1.4482271282858958,-0.18414288372832033,1.7755769007353874,0.7561679314138949,3.192008838098946,-3.8755689939275535,-3.43385250659688,2.488379245806036,1.6844465772362915,0.25827665539025624,0.5107848264678825
0.4260000000000004,-1.6480749999261695,-0.8733179243583344,3.6563426831338197,-1.7851887619064801,0.1003116057666178,0.4212754463987325,3.0629835189229495,0.6988057619763306,0.18777950613209493,-1.1520257887495728,-0.33677028362579753,1.4379551846030074,0.694732781848453,3.1168305899910287,-3.915705983965179,-3.385642539445161,2.473879492873954,1.9077559424617512,0.25899590178511356,0.5086849346479602
0.4280000000000004,-1.7208389993049258,-0.9218984579870071,3.5167161806830585,-1.7248862355660688,0.14310027143548476,0.2961892810699507,3.0436357506301417,0.6566395644056606,0.5390062350638725,-0.9106738891131441,-0.6141234488456426,1.0273144240119105,0.733305113179554,2.9132934806372983,-3.7468601066734757,-3.1808930705529272,2.399070051788174,2.257913768862777,0.2614449952069273,0.49280639438362794
0.4300000000000004,-1.7022596292673664,-0.9011896441306388,3.2673211482796947,-1.5920478361717314,0.11576314996296588,0.05907400296173836,2.941006389499992,0.5640408353639818,0.9472147432726002,-0.7376791400547614,-0.9638456472581007,0.5625893328530527,0.882319461733073,2.6236019775992228,-3.3664771055597327,-2.8341663827548698,2.283271051426587,2.7026967004138194,0.26951296712052925,0.46732847113196324
0.4320000000000004,-1.6127166491657883,-0.8298758232413999,2.9078787729511735,-1.405253522979214,0.030348725215050498,-0.2507226140356408,2.742949992550995,0.4303230099477596,1.381967832040894,-0.6374128841254465,-1.3191684796093541,0.06630819607074034,1.1339786164710013,2.2907248884875813,-2.795189125131309,-2.369423207711019,2.1500730995331288,3.2019626011308526,0.2842640793555558,0.4388597803409243
0.4340000000000004,-1.4874515321036639,-0.7334606363875102,2.440267213340637,-1.1888773631257545,-0.09735294755925561,-0.590010537641357,2.438235257877485,0.26407765497420754,1.8086231108980093,-0.6039628292849019,-1.610285398364635,-0.4379864171300474,1.4651326644993303,1.9513951415093151,-2.0749326351460824,-1.816743568723652,2.022998818896588,3.708941039002256,0.30325594641838716,0.41486173861675096
0.4360000000000004,-1.3697306959495352,-0.6415725725555255,1.8709461432592325,-0.9676137846038106,-0.24915535803375422,-0.9193119128758519,2.020756841151378,0.07091409666622436,2.189179726371338,-0.6214841556369959,-1.777543828669048,-0.9280287499979325,1.8424461194363824,1.631599488915501,-1.2652359475707118,-1.209644617774801,1.9208515549919332,4.172257485962012,0.32053499072700187,0.4013403392975405
0.4380000000000004,-1.3017978060318842,-0.5845033550176502,1.2131887842801472,-0.7616920685173563,-0.404962305986299,-1.208320690526997,1.4935816652922127,-0.14791496922051386,2.484445983477998,-0.6664652429801848,-1.7834600093770343,-1.384498750949556,2.2282249165645673,1.345028151683711,-0.4379807858271382,-0.5832105573254959,1.8541171148142752,4.539785277267178,0.3274202973122211,0.4005837755361894
0.4400000000000004,-1.3157772090937694,-0.5892903233681361,0.4884539272360434,-0.5835315649628137,-0.5429136958789063,-1.4384848649452866,0.8716384410503741,-0.395388437693989,2.6577832537579558,-0.7117946338736023,-1.6204387635665778,-1.7918121851609845,2.5856419527068373,1.0942235707220813,0.3293695385413234,0.027457676351628657,1.823379236337704,4.764760691247314,0.3140709227448442,0.41059823643813353
0.4420000000000004,-1.4268394596640908,-0.6755712636543203,-0.27363604462924374,-0.4361462154352809,-0.6399085178905215,-1.6027042460190266,0.1820396262667464,-0.6767356158045362,2.6802455624283152,-0.7318310694716633,-1.3122077841120077,-2.1380293315664334,2.8827105943388256,0.8736433923954666,0.9620209284314314,0.5890744491856519,1.8198872437798705,4.813376631262184,0.27163271554674256,0.4267876854649631
0.4440000000000004,-1.6302171574163105,-0.8516032626805294,-1.0368698994671752,-0.31341452832782385,-0.6730286664003247,-1.7026217673994613,-0.5384299780863536,-0.9959055251530556,2.5364678445437625,-0.7071921648589972,-0.9088922432356814,-2.414263634175277,3.094824943396544,0.6736190945782763,1.3969995554559413,1.0724311703232314,1.8276913432701685,4.6718344493915325,0.19452386520880377,0.4442704698226017
0.4460000000000004,-1.9024683482793943,-1.1111720901176132,-1.7611461824631314,-0.20223860478638284,-0.6219452141418109,-1.7444110746279538,-1.2482147133759556,-1.3515968266416996,2.2300096793124764,-0.6281105744572703,-0.4774467248623393,-2.6142184285696866,3.2059893585946426,0.48416225013322445,1.5919950734998003,1.4547134260020187,1.8265124742862726,4.350395100415848,0.08226714332894686,0.4592709075792296
0.4480000000000004,-2.2062755550510547,-1.4323341945604278,-2.405521124263333,-0.08633847990641569,-0.47190128884853677,-1.7343760198050102,-1.9069405309255179,-1.7343656071493043,1.7862818458522862,-0.49590517607177775,-0.09002554017733044,-2.7342976449711323,3.20907878207644,0.29774845416482987,1.5323249274887445,1.7213246693423674,1.7947036552328521,3.882738652561733,-0.05967112083392147,0.4694593527843958
0.4500000000000004,-2.497356872274448,-1.77880024829458,-2.9310360607670605,0.04901781220115908,-0.21652245632247635,-1.6758192444913615,-2.480746594564071,-2.1259740265531297,1.2512815231349554,-0.32279791952473297,0.1873569760146085,-2.7742407279638392,3.1055022462172595,0.11067182888869187,1.2344859187406554,1.866825163175359,1.7120031554746533,3.320495790199676,-0.2203140964838155,0.4737321509364349
0.4520000000000004,-2.731840178255873,-2.104255658224169,-3.3032460375172725,0.21238644927384515,0.14032216671511044,-1.5682560197415045,-2.945687544479914,-2.5012537295799873,0.685389306568233,-0.13048318994818342,0.3043359712749186,-2.7378855663785076,2.9044401140998914,-0.07687341253017244,0.7452058160359253,1.8947840839332097,1.5620490240295657,2.724302057399751,-0.38480924151806317,0.4718164806439091
0.4540000000000004,-2.8727099582395477,-2.359170104738736,-3.4947105375835443,0.40271765448688845,0.5840312326149875,-1.409171423065431,-3.288605261672602,-2.831888093592174,0.15300752593078948,0.052410176905117595,0.2330846242757707,-2.6336430374968796,2.6216643110968776,-0.26147643669433807,0.1357224524426356,1.8164306356059257,1.3347158890808595,2.153540573150718,-0.5368916543051492,0.4639319494489881
0.4560000000000004,-2.8944996113132495,-2.4989501195686605,-3.487750346289343,0.6080451247638083,1.09003469323702,-1.1974843050585147,-3.505595298131769,-3.0910071133939443,-0.2898038010276802,0.19406276721623392,-0.027801941385998452,-2.474352847996877,2.2780434111133943,-0.437365198634988,-0.5080200412526857,1.6481508937544387,1.0282477693399383,1.6569834907713867,-0.6616145818809718,0.4506583582193124
0.4580000000000004,-2.7859228716018203,-2.49187877163066,-3.2775656500342505,0.8068927833336861,1.6253385735146562,-0.937208272871038,-3.5988432021006966,-3.2573951258937073,-0.6067292882727435,0.26431803198057047,-0.45267502312308294,-2.276335789375876,1.8979583172864407,-0.5969537313306899,-1.0977524743436167,1.4082414748384222,0.6509934933840644,1.266042532430233,-0.7477486107672279,0.43303337719358337
0.4600000000000004,-2.55041569575949,-2.325231613681733,-2.875374269881171,0.9724532395856404,2.1504777638507053,-0.6398594822721327,-3.5730587920019574,-3.318402139214886,-0.788660745880079,0.239977739534007,-0.9915987865684655,-2.0578318492418974,1.507723150276163,-0.7309403359981028,-1.5557711036834423,1.1137386973018244,0.22236770330666267,0.9916230129780566,-0.7893768615194611,0.4127059428186207
0.4620000000000004,-2.2047284590227125,-2.008231211598713,-2.310684767980204,1.0787246157624828,2.6219406971348374,-0.32487500730465835,-3.432778187510775,-3.2711921244354576,-0.8551727885853377,0.10941844446510704,-1.5763395153014133,-1.8374306461666436,1.1338569655582256,-0.8282512352235529,-1.8260310111316786,0.7782980367058856,-0.2275301609328464,0.8249070824473392,-0.7864499596177841,0.39181473706355685
0.4640000000000004,-1.7759823508176786,-1.5711079019533631,-1.6314823145953383,1.1068502863006897,2.995502106227095,-0.018209696062202692,-3.1814209919161196,-3.1224854109883355,-0.8496878265106804,-0.12452887878105764,-2.1288662177399864,-1.633064286502297,0.8010407720253165,-0.8763009999309501,-1.8814381259302424,0.41180807084723114,-0.6602336217837772,0.7417999989612065,-0.7443226327305827,0.3723418260313488
0.4660000000000004,-1.297938646500444,-1.060407893461093,-0.9012924955642104,1.0495911437115486,3.2308410416830933,0.2501199961283585,-2.822453214266455,-2.8872536877899346,-0.8298064373926446,-0.4440200579372684,-2.57125460576259,-1.4615595779162582,0.5298633989581404,-0.8618392211265673,-1.7262041693128034,0.021732759867756468,-1.0333817219505654,0.7101261305739937,-0.6725076254476635,0.35514345532633185
0.4680000000000004,-0.8073462189554301,-0.5315651325048427,-0.1928320679285621,0.9126319930061426,3.2972927583279104,0.4487415311722329,-2.362445071129397,-2.586927884137034,-0.8552934488067874,-0.8180145965323178,-2.8358770370431676,-1.338156880355752,0.33468553966077674,-0.7723826377780816,-1.3932114159138953,-0.38459177626892116,-1.3068640684152828,0.6980012638584987,-0.5830086194302173,0.3394502177960191
0.4700000000000004,-0.340924509698909,-0.040314642110891974,0.42105502139662143,0.7128264798114889,3.179840748982114,0.5475546206503327,-1.8150710735488826,-2.2476280909262,-0.9762280074798355,-1.2061502828267325,-2.8748713698571677,-1.2753397795353538,0.22193743132324717,-0.5982037679341803,-0.9372568463509588,-0.7979040023745111,-1.4494953021144994,0.6814595377746286,-0.4885952130455384,0.32363616500042286
0.4720000000000004,0.0670759225306089,0.3653177778735295,0.8776492844488151,0.47453840434265704,2.8838695722817036,0.5205563174003114,-1.2043515526177098,-1.8986274526728022,-1.223321023581117,-1.5641912972023087,-2.6677165990076634,-1.2808586723216768,0.18911362677954402,-0.33495346969979845,-0.42565717132283865,-1.206225071802987,-1.4447154354561813,0.6496687525151175,-0.40126822708404436,0.30716904560105296
0.4740000000000004,0.3872472691375397,0.6508748385890817,1.1338413018415419,0.22539680346249158,2.4371280792731294,0.3493202845074863,-0.5653925236974406,-1.57075539247354,-1.601815270594936,-1.8504766976621785,-2.225433862376419,-1.355569286319779,0.22483585242703008,0.01318216071857381,0.07203909218650306,-1.5956317833513634,-1.2938578488614718,0.6068573751522339,-0.33101164489119544,0.29267093319875115
0.4760000000000004,0.5976768412456128,0.798084882060808,1.1729437711604986,-0.007661535214640802,1.8879044073557345,0.027112135939228114,0.05812484825276398,-1.2941148209842956,-2.0897478804927982,-2.032496350851235,-1.5900366102606813,-1.492066283442035,0.3104132035017084,0.4305238668030317,0.49357057837524176,-1.9520755907755052,-1.0160774127783991,0.5709929699434491,-0.28482938778675077,0.28640020060285687
0.4780000000000004,0.6865315816726514,0.8040086121060046,1.0074083407784749,-0.20156353773801045,1.2992864050310846,-0.4371865685812496,0.6191025374023306,-1.0947348902590988,-2.6406043166322717,-2.092239587893511,-0.8286866680119744,-1.6747902390879266,0.42300577053432153,0.888472468556078,0.7914106047559339,-2.263304505832165,-0.6450224112245948,0.5698592596080956,-0.2660581747119904,0.29516800217790795
0.4800000000000004,0.653685168230048,0.6775407251353536,0.6767927448456482,-0.3390331484962232,0.7401816110463664,-1.016705770750202,1.0734511653921106,-0.9905458716413823,-3.1896876939752414,-2.0288547442741303,-0.0233405551094632,-1.8815850555742881,0.539856332191303,1.346782535358223,0.9373404308208085,-2.520103659570586,-0.22333144151027717,0.6353442980081043,-0.2740118294374349,0.3205515777161893
0.48200000000000043,0.5106282305253486,0.43487866047066803,0.2411543005431943,-0.4089213093540847,0.2744341380368216,-1.6669884559533141,1.3863622042936785,-0.9878112641623785,-3.663133616744069,-1.8578002734601522,0.742065863129726,-2.0860891441617566,0.6425149907782556,1.7577530135202735,0.923891998167542,-2.7166118341244974,0.20349049608566638,0.7967320990971327,-0.304080550183997,0.3567622474210374
0.48400000000000043,0.278554158607338,0.09567438706932618,-0.2291499236890785,-0.4050481626210642,-0.05000240211748652,-2.329629586709114,1.537224467781959,-1.0793421093450954,-3.9884045716909386,-1.606708975867134,1.3942244507651265,-2.2601815266070773,0.719849267611936,2.072557558971848,0.762946408416606,-2.850005082943515,0.5924467693315294,1.0739028582104195,-0.34839400082357863,0.3945707654250941
0.48600000000000043,-0.014845875768163985,-0.31907139211113056,-0.6654716614931347,-0.32435449437918534,-0.2094945174606424,-2.9386536605820037,1.5222100822639146,-1.245361114805033,-4.104979367355327,-1.309030248117251,1.8804621148400102,-2.3760237793132144,0.7689203920327274,2.2484828792313563,0.48217771175489776,-2.919991315652585,0.9068647804711887,1.4715495478351455,-0.397033884367135,0.4258782658410099
0.48800000000000043,-0.3390331572956342,-0.7873904775655567,-1.0122676696598099,-0.16555803950691766,-0.20868906720754876,-3.4285001454561224,1.3539916108995902,-1.4571042980490752,-3.973678727585384,-0.996931498881697,2.174634867831163,-2.4078525499428034,0.7934220086636385,2.2558220717428465,0.12016319171957945,-2.9282841547802367,1.1184855048901787,1.9755127181910686,-0.4396254339995957,0.4458770779452723
0.49000000000000044,-0.6638826904325266,-1.2859335543001782,-1.235425168640909,0.07071620106453586,-0.07896490762558117,-3.7424014752304893,1.058729899500912,-1.6824683619878311,-3.582990633158771,-0.6950090299617494,2.2783244733176415,-2.334151505225348,0.8001688314700736,2.0832693643683955,-0.2790621297782566,-2.877948442188865,1.2082018415135443,2.5520452327723895,-0.46704344747350074,0.45351221237081446
0.49200000000000044,-0.9620004915482565,-1.7899376540059868,-1.3258269892301615,0.38022522060448455,0.1282234701040723,-3.840106133237129,0.6710770322915194,-1.8923546792663506,-2.9512760066922366,-0.41616679067749296,2.217504644959786,-2.1407168987890963,0.7948133512581611,1.7408402993433212,-0.6712558423341607,-2.772664463984294,1.166069345275221,3.1504349552093376,-0.4729509794844032,0.4511000148852155
0.49400000000000044,-1.2100354655159122,-2.2742320292603657,-1.297700995715358,0.7527455320855166,0.3514400508785449,-3.7039298612765625,0.22829828010987385,-2.0659366650178734,-2.124670999435634,-0.1605810706366276,2.0355019284821436,-1.8244084562623368,0.7782719645766134,1.2597272754409423,-1.0163120826103804,-2.616358348167721,0.9911240871786926,3.7089792734967957,-0.45489319898053576,0.44334783245457815
0.49600000000000044,-1.389382115938698,-2.7150439527452925,-1.1824966977572382,1.1704632042882066,0.530545102983686,-3.3420242521326684,-0.23521619487458512,-2.193182394433504,-1.171255728856353,0.08198882407116934,1.7836410473325508,-1.3965370462010536,0.7451075158165928,0.6891227112723447,-1.2812381073260002,-2.4136775672673685,0.6912942764205454,4.163657695251899,-0.4146796488942093,0.43578685204311457
0.49800000000000044,-1.4867323333621847,-3.0917288148109083,-1.0199593158291398,1.608123184325521,0.6171291436275871,-2.7878840646178396,-0.6918733752366922,-2.27386505398692,-0.172376118957844,0.3270465447222093,1.511328790486415,-0.8844005586275596,0.6843843827063785,0.09068085167523421,-1.4417982066154558,-2.1712592911452813,0.28339250242210423,4.45804899990101,-0.3578745962957426,0.43280403718944094
0.5000000000000004,-1.4945941840493786,-3.38761162986781,-0.8486411739610554,2.0350486187643284,0.5826909503752101,-2.0957483041437635,-1.1225346773438987,-2.3137376423497034,0.7877822768761147,0.5885935670106697,1.25748281331731,-0.3296355654159975,0.5825874740242449,-0.4684011330754969,-1.4833074736126646,-1.899154727000722,-0.20715257841986823,4.552480190245024,-0.2924362888126364,0.4359944855161985
